# Blender 5.0.1
# www.blender.org
mtllib yes.mtl
o 102928777466726
v -2.333406 10.332032 0.000233
v -2.437124 10.331864 0.192537
v -2.332510 10.331243 0.132528
v -2.301730 10.331456 0.066168
v -2.207823 10.289222 0.180399
v -2.209382 10.290595 -0.049821
v -2.371018 10.293988 -0.138414
v -2.320157 10.197142 -0.197445
v -2.116626 10.191736 -0.086885
v -2.438823 10.333361 -0.058342
v -2.602130 10.298442 -0.171256
v -2.153284 10.288967 0.064909
v -2.042353 10.189129 0.063562
v -2.114581 10.189936 0.215022
v -2.316595 10.194006 0.328385
v -2.368244 10.291545 0.271208
v -2.596223 10.200316 0.371730
v -2.598888 10.295588 0.307229
v -2.602172 10.333628 0.218568
v -2.767995 10.335771 0.194802
v -2.604208 10.335421 -0.082111
v -2.830150 10.300082 0.274388
v -2.769694 10.337266 -0.056077
v -2.832925 10.302526 -0.135234
v -2.600346 10.203946 -0.236919
v -2.879990 10.210265 -0.193574
v -2.993690 10.304948 -0.044422
v -3.082040 10.214355 -0.080210
v -2.875316 10.338089 0.003940
v -3.154288 10.215169 0.071249
v -2.874420 10.337299 0.136235
v -2.906684 10.337994 0.070305
v -2.992130 10.303575 0.185798
v -3.048429 10.305256 0.071070
v -2.876428 10.207128 0.332256
v -3.079995 10.212554 0.221696
v -1.987808 9.926545 0.259168
v -1.893280 9.924341 0.060973
v -2.031094 9.936044 0.061976
v -2.037646 9.930862 0.243614
v -2.248754 9.934920 0.405596
v -2.076855 9.934273 0.229093
v -2.277655 9.937523 0.378238
v -2.107420 9.936909 0.221840
v -2.294628 9.939303 0.350440
v -2.318116 9.941167 0.339938
v -2.606224 9.947229 0.461022
v -2.606749 9.947684 0.384627
v -2.895993 9.954712 0.343933
v -2.903792 9.955334 0.351527
v -3.108332 9.960368 0.228759
v -2.935927 9.957896 0.382819
v -3.118657 9.961227 0.232146
v -2.964451 9.960170 0.410594
v -3.186850 9.963136 0.069967
v -3.177808 9.966147 0.251548
v -3.227434 9.970277 0.267826
v -3.324679 9.974840 0.070970
v -2.079115 9.936262 -0.104514
v -2.031094 9.936044 0.061976
v -2.040107 9.933029 -0.119605
v -2.109578 9.938809 -0.096817
v -2.298512 9.942722 -0.222831
v -2.321855 9.944459 -0.211991
v -2.281916 9.941275 -0.250876
v -1.990484 9.928901 -0.135883
v -1.893280 9.924341 0.060973
v -2.253388 9.939001 -0.278652
v -2.611576 9.951941 -0.329080
v -2.611066 9.951486 -0.252685
v -2.899731 9.958004 -0.207995
v -2.907632 9.958715 -0.215475
v -3.110491 9.962269 -0.089897
v -2.940188 9.961648 -0.246296
v -3.120860 9.963167 -0.093132
v -2.969086 9.964251 -0.273653
v -3.186850 9.963136 0.069967
v -3.180269 9.968314 -0.111671
v -3.230110 9.972632 -0.127225
v -3.324679 9.974840 0.070970
v 2.000106 9.585506 0.032578
v 1.833584 9.597701 0.213404
v 2.001322 9.584435 0.212189
v 2.169928 9.581387 0.211029
v 1.832368 9.598772 0.033794
v 2.168712 9.582458 0.031418
v 1.496969 9.626217 0.036229
v 2.513584 9.571465 0.208642
v 1.498186 9.625146 0.215840
v 2.512367 9.572536 0.029031
v 0.720785 9.697929 0.221540
v 2.850892 9.646169 0.206802
v 2.849676 9.647240 0.027192
v 3.365470 9.889215 0.025141
v 0.719568 9.699000 0.041930
v 0.077313 9.752572 0.226225
v 0.076096 9.753643 0.046614
v -0.307319 9.785234 0.229025
v -0.308536 9.786305 0.049414
v -0.691951 9.817898 0.231825
v -0.693168 9.818969 0.052215
v -0.984520 9.844576 0.233966
v -0.985737 9.845647 0.054356
v -1.342077 9.873990 0.056938
v -1.340861 9.872919 0.236549
v -2.058804 9.918582 0.062059
v -2.057587 9.917511 0.241670
v 1.998889 9.586577 -0.147032
v 1.832368 9.598772 0.033794
v 2.000106 9.585506 0.032578
v 2.168712 9.582458 0.031418
v 1.831151 9.599843 -0.145817
v 2.167495 9.583529 -0.148192
v 1.495752 9.627288 -0.143381
v 2.512367 9.572536 0.029031
v 1.496969 9.626217 0.036229
v 2.511150 9.573607 -0.150579
v 0.719568 9.699000 0.041930
v 2.849676 9.647240 0.027192
v 2.848459 9.648311 -0.152419
v 3.365470 9.889215 0.025141
v 0.718351 9.700071 -0.137681
v 0.074879 9.754714 -0.132996
v 0.076096 9.753643 0.046614
v -0.309752 9.787376 -0.130196
v -0.308536 9.786305 0.049414
v -0.694384 9.820040 -0.127396
v -0.693168 9.818969 0.052215
v -0.985737 9.845647 0.054356
v -0.986953 9.846718 -0.125255
v -1.343294 9.875061 -0.122672
v -1.342077 9.873990 0.056938
v -2.060020 9.919653 -0.117551
v -2.058804 9.918582 0.062059
v -3.423487 9.957833 0.071538
v -3.661120 9.979588 0.251019
v -3.422283 9.956774 0.249265
v -3.083853 9.926709 0.069051
v -3.082649 9.925650 0.246779
v -3.662324 9.980647 0.073292
v -3.905838 10.002492 0.252814
v -3.907043 10.003551 0.075086
v -4.150768 10.025973 0.254613
v -4.151972 10.027033 0.076885
v -4.523854 10.099588 0.257579
v -4.525058 10.100648 0.079851
v -4.769103 10.207996 0.259887
v -4.770307 10.209056 0.082159
v -5.136089 10.532550 0.086566
v -3.424691 9.958894 -0.106190
v -3.662324 9.980647 0.073292
v -3.423487 9.957833 0.071538
v -3.085056 9.927770 -0.108676
v -3.083853 9.926709 0.069051
v -3.663528 9.981708 -0.104436
v -3.907043 10.003551 0.075086
v -3.908247 10.004612 -0.102642
v -4.151972 10.027033 0.076885
v -4.153176 10.028093 -0.100843
v -4.525058 10.100648 0.079851
v -4.526262 10.101708 -0.097876
v -4.770307 10.209056 0.082159
v -4.771511 10.210116 -0.095569
v -5.136089 10.532550 0.086566
v -1.671477 -10.265371 -0.036133
v -1.691505 -10.209791 -0.005899
v -1.690180 -10.235977 -0.032324
v -1.687486 -10.273040 -0.060672
v -1.671810 -10.265078 -0.085334
v -1.668231 -10.303249 -0.060983
v -1.683222 -10.223957 -0.111181
v -1.661919 -10.280679 -0.084146
v -1.700511 -10.220002 -0.060268
v -1.690561 -10.235641 -0.088538
v -1.702804 -10.184442 -0.025583
v -1.712445 -10.133637 -0.059672
v -1.727950 -10.109638 -0.059424
v -1.714964 -10.100025 -0.107467
v -1.703271 -10.184031 -0.094492
v -1.720874 -10.131530 -0.134127
v -1.709354 -10.181037 -0.121595
v -1.729348 -10.077399 -0.005516
v -1.751148 -10.073709 -0.059052
v -1.730041 -10.051969 0.040682
v -1.743733 -10.029556 0.049544
v -1.751845 -10.042643 0.003563
v -1.806030 -10.016319 -0.058338
v -1.805148 -9.987045 0.016670
v -1.764227 -9.996020 0.060421
v -1.812859 -9.942590 0.075585
v -1.954691 -9.988427 0.029283
v -1.730075 -10.076758 -0.112919
v -1.752691 -10.041898 -0.121278
v -1.745201 -10.028263 -0.167205
v -1.731392 -10.050778 -0.158798
v -1.765838 -9.994602 -0.177402
v -1.806162 -9.986153 -0.132998
v -1.814667 -9.940998 -0.191268
v -1.959806 -10.017529 -0.057304
v -1.955862 -9.987396 -0.143599
v -1.951832 -9.942398 -0.205887
v -2.095860 -9.969792 -0.157311
v -2.079988 -9.925786 -0.223701
v -2.124951 -9.907490 -0.229879
v -2.252024 -9.851011 -0.248014
v -2.145073 -9.950680 -0.162010
v -2.284082 -9.891330 -0.174619
v -2.399475 -9.824735 -0.186848
v -2.357442 -9.787558 -0.265718
v -2.424454 -9.735955 -0.278306
v -2.103560 -9.999426 -0.056222
v -2.094489 -9.971000 0.045099
v -1.949814 -9.944175 0.092043
v -2.143632 -9.951948 0.050692
v -2.154074 -9.979741 -0.055763
v -2.282453 -9.892764 0.065890
v -2.249400 -9.853321 0.139320
v -2.296801 -9.918789 -0.054432
v -2.354564 -9.790092 0.159206
v -2.397664 -9.826329 0.080475
v -1.504097 -9.406672 0.158317
v -1.473306 -9.394826 0.134052
v -1.473125 -9.394985 0.160682
v -1.504276 -9.406515 0.131946
v -1.353925 -9.339892 0.144757
v -1.353736 -9.340059 0.172681
v -1.507010 -9.404107 -0.271778
v -1.475892 -9.392549 -0.247792
v -1.506832 -9.404264 -0.245407
v -1.476073 -9.392390 -0.274423
v -1.356663 -9.337481 -0.259457
v -1.356852 -9.337316 -0.287381
v -1.367314 -9.134558 0.205053
v -1.342355 -9.114384 0.177296
v -1.342141 -9.114572 0.208826
v -1.367525 -9.134372 0.173917
v -1.397842 -9.141074 0.203316
v -1.398052 -9.140889 0.172376
v -1.370851 -9.131443 -0.317114
v -1.345516 -9.111600 -0.289458
v -1.370640 -9.131629 -0.285977
v -1.345730 -9.111412 -0.320989
v -1.401353 -9.137982 -0.315041
v -1.401144 -9.138167 -0.284101
v -2.094489 -9.971000 0.045099
v -1.949814 -9.944175 0.092043
v -2.077715 -9.927787 0.111788
v -2.122590 -9.909569 0.118792
v -2.143632 -9.951948 0.050692
v -2.249400 -9.853321 0.139320
v -1.477647 -9.490782 0.120151
v -1.538628 -9.521277 0.139637
v -1.538794 -9.521132 0.115153
v -1.477477 -9.490931 0.145238
v -1.437432 -9.447338 0.127110
v -1.437257 -9.447493 0.153002
v -1.541295 -9.518929 -0.253999
v -1.480053 -9.488664 -0.234979
v -1.541129 -9.519075 -0.229516
v -1.480223 -9.488514 -0.260066
v -1.439932 -9.445137 -0.241964
v -1.440107 -9.444983 -0.267856
v -1.471970 -8.839728 0.211658
v -1.386255 -8.870013 0.243624
v -1.471731 -8.839938 0.246809
v -1.386491 -8.869805 0.208717
v -1.475801 -8.836355 -0.353934
v -1.390291 -8.866460 -0.352266
v -1.475563 -8.836565 -0.318783
v -1.390055 -8.866668 -0.317360
v -2.294628 9.939303 0.350440
v -2.277655 9.937523 0.378238
v -2.187164 10.141898 0.301682
v -2.298512 9.942722 -0.222831
v -2.190380 10.144730 -0.173121
v -2.281916 9.941275 -0.250876
v -1.413464 -9.040842 0.218623
v -1.393360 -9.025260 0.188586
v -1.393138 -9.025455 0.221310
v -1.413684 -9.040648 0.186180
v -1.417173 -9.037577 -0.328939
v -1.396662 -9.022352 -0.298993
v -1.416953 -9.037770 -0.296495
v -1.396884 -9.022157 -0.331716
v -1.872378 -7.997269 -0.385749
v -1.799709 -7.980931 -0.386143
v -1.872115 -7.997500 -0.347037
v -1.799447 -7.981162 -0.347432
v -2.935927 9.957896 0.382819
v -2.903792 9.955334 0.351527
v -3.032198 10.165122 0.299293
v -2.940188 9.961648 -0.246296
v -3.035303 10.167855 -0.159008
v -2.907632 9.958715 -0.215475
v -1.868035 -8.001092 0.255287
v -1.795105 -7.984985 0.293603
v -1.867773 -8.001323 0.293998
v -1.795367 -7.984754 0.254892
v -1.873366 -7.962548 0.181023
v -1.871265 -7.967607 0.160703
v -1.871265 -7.967607 0.160703
v -1.795367 -7.984754 0.254892
v -1.797889 -7.876632 -0.045633
v -1.877280 -7.933574 -0.045435
v -1.871265 -7.967607 0.160703
v -1.797889 -7.876632 -0.045633
v -1.874061 -7.965146 -0.252026
v -1.876437 -7.959845 -0.272254
v -1.872115 -7.997500 -0.347037
v -1.872378 -7.997269 -0.385749
v -1.799447 -7.981162 -0.347432
v -1.874061 -7.965146 -0.252026
v -1.797889 -7.876632 -0.045633
v -2.633677 -7.957514 -0.324263
v -2.802067 -8.023499 0.123829
v -2.804286 -8.021546 -0.203624
v -2.865921 -8.045700 -0.039611
v -2.629835 -7.960896 0.242901
v -2.395372 -7.874663 0.285702
v -2.399808 -7.870757 -0.369204
v -2.165346 -7.784522 -0.326404
v -2.161504 -7.787905 0.240761
v -1.990895 -7.723872 0.120121
v -1.993113 -7.721919 -0.207332
v -1.929259 -7.699718 -0.043892
v -1.540137 -8.251965 0.251569
v -1.517692 -8.235988 0.290227
v -1.539875 -8.252195 0.290281
v -1.517954 -8.235757 0.251516
v -1.544217 -8.248372 -0.350755
v -1.544479 -8.248141 -0.389466
v -1.522296 -8.231934 -0.389520
v -1.522034 -8.232164 -0.350808
v -2.037646 9.930862 0.243614
v -2.076855 9.934273 0.229093
v -2.187164 10.141898 0.301682
v -2.040107 9.933029 -0.119605
v -2.190380 10.144730 -0.173121
v -2.079115 9.936262 -0.104514
v -1.513198 -8.174043 -0.049335
v -1.517954 -8.235757 0.251516
v -1.540137 -8.251965 0.251569
v -1.488498 -8.155997 -0.049395
v -1.522034 -8.232164 -0.350808
v -1.513198 -8.174043 -0.049335
v -1.544217 -8.248372 -0.350755
v -1.488498 -8.155997 -0.049395
v -1.631668 -10.185624 -0.114160
v -1.635832 -10.143504 -0.123047
v -1.610596 -10.196493 -0.089689
v -1.659131 -10.103945 -0.134501
v -1.636120 -10.155103 -0.095079
v -1.651215 -10.111404 -0.102093
v -1.657055 -10.049106 -0.114437
v -1.672873 -10.062057 -0.148630
v -1.646904 -10.145562 -0.060187
v -1.631432 -10.190446 -0.060560
v -1.652825 -10.081535 -0.059765
v -1.605229 -10.232929 -0.060990
v -1.655857 -10.024347 -0.059403
v -1.605894 -10.240589 -0.085644
v -1.649315 -10.229983 -0.107351
v -1.660074 -9.993505 -0.125990
v -1.678071 -10.002185 -0.168352
v -1.680680 -9.948664 -0.181810
v -1.637989 -9.972813 -0.059217
v -1.664646 -9.900331 -0.191384
v -1.642739 -9.943451 -0.133975
v -1.589368 -9.871942 -0.197355
v -1.560714 -9.914362 -0.138878
v -1.487632 -9.806005 -0.214158
v -1.553633 -9.942843 -0.059610
v -1.449960 -9.846133 -0.151858
v -1.439682 -9.872729 -0.059964
v -1.372327 -9.784773 0.043279
v -1.448712 -9.847232 0.032373
v -1.415258 -9.747695 0.109283
v -1.485533 -9.807854 0.095651
v -1.373724 -9.783543 -0.163053
v -1.361226 -9.808435 -0.060112
v -1.284880 -9.714284 -0.060067
v -1.298000 -9.693256 0.054843
v -1.346740 -9.659725 0.124341
v -1.230524 -9.656626 -0.060092
v -1.349229 -9.657535 -0.242957
v -1.417543 -9.745683 -0.228022
v -1.299554 -9.691889 -0.174530
v -1.300605 -9.603537 -0.253058
v -1.246753 -9.635743 -0.182015
v -1.204883 -9.538949 -0.192774
v -1.187371 -9.557196 -0.059791
v -1.245099 -9.637200 0.062281
v -1.297980 -9.605847 0.134426
v -1.203078 -9.540538 0.073625
v -1.259015 -9.513092 0.150123
v -1.151985 -9.474234 -0.059536
v -1.168628 -9.459885 0.083420
v -1.114829 -9.306690 -0.058788
v -1.170562 -9.458181 -0.202072
v -1.261848 -9.510597 -0.268174
v -1.230054 -9.433047 -0.281115
v -3.118657 9.961227 0.232146
v -3.177808 9.966147 0.251548
v -3.032198 10.165122 0.299293
v -3.120860 9.963167 -0.093132
v -3.035303 10.167855 -0.159008
v -3.180269 9.968314 -0.111671
v -1.846468 -8.063104 0.293485
v -1.849935 -8.026667 0.179369
v -1.871822 -8.063933 0.179278
v -1.831353 -8.036305 0.293543
v -1.875671 -8.038014 -0.046068
v -1.852990 -8.023977 -0.271682
v -1.853158 -7.999680 -0.045992
v -1.829890 -7.964607 -0.045941
v -1.837999 -7.934114 -0.045704
v -1.853158 -7.999680 -0.045992
v -1.866689 -8.098958 0.293408
v -1.851205 -8.134028 0.178568
v -1.854461 -8.110130 -0.046642
v -1.874877 -8.061244 -0.271739
v -1.871293 -8.094904 -0.386338
v -1.854258 -8.131341 -0.272145
v -1.801306 -8.152794 -0.047257
v -1.799529 -8.175480 0.177720
v -1.852620 -8.162145 -0.386866
v -1.698478 -8.155478 -0.047969
v -1.699554 -8.178077 0.176895
v -1.623714 -8.127841 0.176646
v -1.802578 -8.172794 -0.272491
v -1.805343 -8.201798 -0.387423
v -1.713613 -8.203959 -0.388057
v -1.702602 -8.175393 -0.273052
v -1.532761 -9.224729 0.158590
v -1.577341 -9.304138 0.174706
v -1.577530 -9.303971 0.146752
v -1.532563 -9.224903 0.187892
v -1.535661 -9.222176 -0.269492
v -1.580461 -9.301391 -0.285949
v -1.535860 -9.222000 -0.298795
v -1.580272 -9.301558 -0.257995
v -1.624949 -10.287021 -0.083079
v -1.600437 -10.278160 -0.061293
v -1.620066 -10.325766 -0.061444
v -1.658076 -10.319223 -0.061147
v -1.661919 -10.280679 -0.084146
v -1.683222 -10.223957 -0.111181
v -1.605561 -10.240883 -0.036423
v -1.624652 -10.287282 -0.039284
v -1.648682 -10.230540 -0.014005
v -1.610204 -10.196838 -0.031789
v -1.630942 -10.186264 -0.006907
v -1.634981 -10.144254 0.002537
v -1.635649 -10.155518 -0.025560
v -1.650644 -10.111907 -0.017823
v -1.658120 -10.104836 0.014777
v -1.671665 -10.063120 0.029589
v -1.656311 -10.049760 -0.004658
v -1.659170 -9.994302 0.007597
v -1.676591 -10.003488 0.050093
v -1.679014 -9.950130 0.064222
v -1.641723 -9.944345 0.015943
v -1.662848 -9.901914 0.074154
v -1.587493 -9.873592 0.079442
v -1.559637 -9.915310 0.020081
v -1.739587 -8.015961 0.293042
v -1.714633 -8.068800 0.253844
v -1.714371 -8.069031 0.292555
v -1.739849 -8.015730 0.254331
v -1.795367 -7.984754 0.254892
v -1.795105 -7.984985 0.293603
v -1.743929 -8.012137 -0.347993
v -1.744191 -8.011907 -0.386704
v -1.718975 -8.064977 -0.387192
v -1.718713 -8.065207 -0.348480
v -1.799447 -7.981162 -0.347432
v -1.799709 -7.980931 -0.386143
v -1.707490 -7.970099 -0.046803
v -1.714633 -8.068800 0.253844
v -1.739849 -8.015730 0.254331
v -1.735566 -7.911007 -0.046260
v -1.795367 -7.984754 0.254892
v -1.797889 -7.876632 -0.045633
v -1.799447 -7.981162 -0.347432
v -1.735566 -7.911007 -0.046260
v -1.743929 -8.012137 -0.347993
v -1.707490 -7.970099 -0.046803
v -1.718713 -8.065207 -0.348480
v -1.685134 -8.523070 -0.271027
v -1.698718 -8.537296 -0.380369
v -1.719118 -8.586603 -0.268014
v -1.730900 -8.475292 -0.383839
v -1.720415 -8.458353 -0.273057
v -1.680504 -8.512918 -0.050223
v -1.748801 -8.406269 -0.274062
v -1.756789 -8.425407 -0.385906
v -1.847842 -8.417349 -0.273157
v -1.847764 -8.436440 -0.385254
v -1.745983 -8.392804 -0.049063
v -1.716788 -8.446362 -0.049580
v -1.717389 -8.461018 0.173766
v -1.715489 -8.578259 -0.050375
v -1.682143 -8.525703 0.170488
v -1.655087 -8.578386 -0.268863
v -1.649603 -8.569801 -0.050771
v -1.634766 -8.627712 -0.051217
v -1.640647 -8.634697 -0.265936
v -1.618209 -8.722153 -0.260466
v -2.143443 1.486087 -0.269284
v -2.332074 1.381885 -0.333446
v -2.334256 1.380800 -0.311953
v -2.598706 1.260722 -0.266362
v -2.127833 1.489322 -0.287846
v -2.611599 1.261473 -0.285928
v -1.956602 1.582291 -0.152003
v -2.792820 1.176189 -0.146306
v -1.929036 1.584437 -0.162016
v -2.818429 1.177971 -0.158415
v -1.883541 1.617747 0.010827
v -2.863337 1.146417 0.014653
v -1.852397 1.617881 0.010616
v -2.894397 1.148707 0.014877
v -1.926693 1.582375 0.183860
v -2.816086 1.175908 0.187460
v -1.954392 1.580345 0.174196
v -2.790644 1.174273 0.174984
v -2.123775 1.485749 0.311228
v -2.607541 1.257900 0.313146
v -2.139636 1.482735 0.292842
v -2.594914 1.257384 0.293400
v -2.327388 1.377759 0.358306
v -2.329862 1.376931 0.336833
v -1.714314 -10.100597 -0.011450
v -1.719864 -10.132419 0.014910
v -1.730041 -10.051969 0.040682
v -1.712445 -10.133637 -0.059672
v -1.727950 -10.109638 -0.059424
v -1.729348 -10.077399 -0.005516
v -1.668231 -10.303249 -0.060983
v -1.671477 -10.265371 -0.036133
v -1.687486 -10.273040 -0.060672
v -1.661604 -10.280956 -0.037640
v -1.682534 -10.224563 -0.009645
v -1.671810 -10.265078 -0.085334
v -1.751845 -10.042643 0.003563
v -1.751148 -10.073709 -0.059052
v -1.730075 -10.076758 -0.112919
v -1.714964 -10.100025 -0.107467
v -1.731392 -10.050778 -0.158798
v -1.720874 -10.131530 -0.134127
v -1.743733 -10.029556 0.049544
v -1.764227 -9.996020 0.060421
v -1.805148 -9.987045 0.016670
v -1.806030 -10.016319 -0.058338
v -1.752691 -10.041898 -0.121278
v -1.959806 -10.017529 -0.057304
v -1.954691 -9.988427 0.029283
v -1.806162 -9.986153 -0.132998
v -1.765838 -9.994602 -0.177402
v -1.812859 -9.942590 0.075585
v -2.103560 -9.999426 -0.056222
v -1.955862 -9.987396 -0.143599
v -2.095860 -9.969792 -0.157311
v -2.145073 -9.950680 -0.162010
v -2.124951 -9.907490 -0.229879
v -2.154074 -9.979741 -0.055763
v -2.284082 -9.891330 -0.174619
v -2.296801 -9.918789 -0.054432
v -2.357442 -9.787558 -0.265718
v -2.252024 -9.851011 -0.248014
v -2.399475 -9.824735 -0.186848
v -2.415261 -9.850415 -0.053222
v -2.472874 -9.770628 -0.195459
v -2.424454 -9.735955 -0.278306
v -2.506751 -9.643398 -0.296477
v -2.490603 -9.794860 -0.052380
v -2.563111 -9.673675 -0.207733
v -2.583221 -9.695316 -0.051159
v -2.662882 -9.595948 -0.050027
v -2.640723 -9.576896 -0.218809
v -2.560990 -9.675542 0.105374
v -2.737876 -9.482951 -0.048845
v -2.713792 -9.466850 -0.229719
v -2.638438 -9.578908 0.118655
v -2.782682 -9.397767 -0.048034
v -2.757447 -9.383897 -0.236659
v -2.573936 -9.554111 0.212330
v -2.711342 -9.469007 0.131864
v -2.503430 -9.646322 0.193702
v -2.640240 -9.449187 0.231064
v -2.470936 -9.772335 0.090724
v -2.421395 -9.738648 0.173315
v -2.397664 -9.826329 0.080475
v -2.754893 -9.386146 0.140384
v -2.679790 -9.370040 0.243296
v -2.825437 -9.274265 -0.047008
v -2.799114 -9.263645 -0.244601
v -2.796439 -9.266001 0.150324
v -2.717366 -9.255191 0.257846
v -2.854795 -9.181726 -0.046257
v -2.824965 -9.175973 0.156895
v -2.743144 -9.169121 0.267575
v -2.866414 -9.005520 0.166574
v -2.780450 -9.006100 0.282327
v -2.897447 -9.006531 -0.044923
v -2.827720 -9.173548 -0.249711
v -2.869282 -9.002995 -0.256794
v -2.912908 -8.939878 -0.044421
v -2.881437 -8.940668 0.169422
v -2.747405 -9.165369 -0.361399
v -2.721504 -9.251548 -0.353047
v -2.683744 -9.366559 -0.340379
v -2.793973 -8.944072 0.286777
v -2.898490 -8.805017 0.173301
v -2.809101 -8.814262 0.293256
v -2.930461 -8.800475 -0.043470
v -2.884337 -8.938115 -0.258665
v -2.784894 -9.002188 -0.373700
v -2.798471 -8.940112 -0.377226
v -2.903181 -8.625788 0.175116
v -2.812781 -8.642667 0.296575
v -2.815308 -8.534251 0.297238
v -2.935305 -8.616302 -0.042339
v -2.906312 -8.512582 0.176023
v -2.901430 -8.802428 -0.260694
v -2.813675 -8.810236 -0.381951
v -2.817385 -8.638613 -0.383172
v -2.906130 -8.623191 -0.260308
v -2.819912 -8.530197 -0.382508
v -2.909264 -8.509982 -0.259822
v -2.833278 -8.444652 -0.381908
v -2.938555 -8.499965 -0.041624
v -2.921168 -8.423234 0.176915
v -2.828674 -8.448706 0.297839
v -2.898734 -8.377542 0.298738
v -2.997990 -8.348628 0.177827
v -2.935109 -8.186837 0.300122
v -2.953863 -8.408134 -0.040972
v -2.924124 -8.420631 -0.259447
v -2.897086 -7.995958 0.301002
v -3.038623 -8.149261 0.178961
v -2.997881 -7.950072 0.179862
v -3.074494 -8.126638 -0.038476
v -3.032627 -7.921961 -0.037539
v -3.032797 -8.331471 -0.039980
v -3.000945 -8.346026 -0.258428
v -3.041574 -8.146664 -0.256634
v -3.000831 -7.947474 -0.255711
v -2.939713 -8.182783 -0.379625
v -2.901690 -7.991904 -0.378744
v -2.597890 -5.027142 -0.308531
v -2.937787 -4.848878 -0.349272
v -2.935733 -4.848552 -0.370785
v -3.278094 -4.670978 -0.301799
v -2.583370 -5.027186 -0.327652
v -3.288754 -4.671679 -0.322011
v -2.390115 -5.151318 -0.190179
v -3.529026 -4.552617 -0.178893
v -2.364770 -5.154001 -0.202665
v -3.552784 -4.553958 -0.192720
v -2.304643 -5.183890 -0.026345
v -3.620685 -4.513123 -0.013430
v -2.273834 -5.188448 -0.026581
v -3.651786 -4.514780 -0.013229
v -2.362374 -5.156111 0.151117
v -3.550364 -4.556088 0.164424
v -2.387885 -5.153281 0.139008
v -3.526795 -4.554580 0.150294
v -2.579251 -5.030814 0.280557
v -3.284616 -4.675321 0.288714
v -2.594028 -5.030542 0.261637
v -3.274232 -4.674378 0.268369
v -2.930982 -4.852735 0.330587
v -2.933326 -4.852804 0.309102
v -2.417727 1.385331 0.415645
v -2.596772 1.525751 0.345272
v -2.613380 1.529890 0.363351
v -2.776648 1.654457 0.207715
v -2.413592 1.384889 0.394268
v -2.803870 1.660519 0.217425
v -2.158375 1.219592 0.340476
v -2.846510 1.702300 0.017854
v -2.144607 1.217832 0.359718
v -2.877185 1.707684 0.018094
v -1.968568 1.103842 0.198957
v -2.806577 1.663679 -0.182501
v -1.942341 1.101078 0.210323
v -2.779230 1.656731 -0.173493
v -1.898587 1.064143 0.007627
v -2.617263 1.535873 -0.332907
v -1.867584 1.061163 0.007399
v -2.601245 1.529688 -0.315000
v -1.945080 1.103490 -0.194003
v -2.421233 1.391031 -0.389593
v -1.971150 1.106116 -0.182251
v -2.418756 1.389436 -0.368149
v -2.149342 1.222001 -0.339241
v -2.162848 1.223530 -0.319795
v -2.421395 -9.738648 0.173315
v -2.415261 -9.850415 -0.053222
v -2.470936 -9.772335 0.090724
v -2.490603 -9.794860 -0.052380
v -2.560990 -9.675542 0.105374
v -2.583221 -9.695316 -0.051159
v -2.662882 -9.595948 -0.050027
v -2.638438 -9.578908 0.118655
v -2.563111 -9.673675 -0.207733
v -2.472874 -9.770628 -0.195459
v -2.506751 -9.643398 -0.296477
v -2.577495 -9.550978 -0.313048
v -2.640723 -9.576896 -0.218809
v -2.737876 -9.482951 -0.048845
v -2.713792 -9.466850 -0.229719
v -2.711342 -9.469007 0.131864
v -2.644039 -9.445844 -0.329629
v -2.782682 -9.397767 -0.048034
v -2.757447 -9.383897 -0.236659
v -2.754893 -9.386146 0.140384
v -2.683744 -9.366559 -0.340379
v -2.799114 -9.263645 -0.244601
v -2.825437 -9.274265 -0.047008
v -2.854795 -9.181726 -0.046257
v -2.796439 -9.266001 0.150324
v -2.679790 -9.370040 0.243296
v -2.824965 -9.175973 0.156895
v -2.897447 -9.006531 -0.044923
v -2.866414 -9.005520 0.166574
v -2.912908 -8.939878 -0.044421
v -2.780450 -9.006100 0.282327
v -2.881437 -8.940668 0.169422
v -2.930461 -8.800475 -0.043470
v -2.869282 -9.002995 -0.256794
v -2.884337 -8.938115 -0.258665
v -2.747405 -9.165369 -0.361399
v -2.784894 -9.002188 -0.373700
v -2.901430 -8.802428 -0.260694
v -2.798471 -8.940112 -0.377226
v -2.906130 -8.623191 -0.260308
v -2.817385 -8.638613 -0.383172
v -2.935305 -8.616302 -0.042339
v -2.909264 -8.509982 -0.259822
v -2.903181 -8.625788 0.175116
v -2.898490 -8.805017 0.173301
v -2.812781 -8.642667 0.296575
v -2.809101 -8.814262 0.293256
v -2.906312 -8.512582 0.176023
v -2.815308 -8.534251 0.297238
v -2.828674 -8.448706 0.297839
v -2.938555 -8.499965 -0.041624
v -2.924124 -8.420631 -0.259447
v -2.833278 -8.444652 -0.381908
v -2.903338 -8.373487 -0.381009
v -3.000945 -8.346026 -0.258428
v -2.939713 -8.182783 -0.379625
v -2.953863 -8.408134 -0.040972
v -2.921168 -8.423234 0.176915
v -2.997990 -8.348628 0.177827
v -3.032797 -8.331471 -0.039980
v -3.038623 -8.149261 0.178961
v -2.935109 -8.186837 0.300122
v -2.997881 -7.950072 0.179862
v -3.074494 -8.126638 -0.038476
v -3.041574 -8.146664 -0.256634
v -3.000831 -7.947474 -0.255711
v -2.901690 -7.991904 -0.378744
v -3.032627 -7.921961 -0.037539
v -1.421690 -8.458017 0.284018
v -1.382538 -8.537212 0.166590
v -1.385467 -8.439861 0.171106
v -1.277254 -8.717822 -0.054176
v -1.236849 -8.822759 0.146798
v -1.222403 -8.818698 -0.055149
v -1.184309 -8.946596 0.136436
v -1.239120 -8.943589 0.236777
v -1.212449 -9.020705 0.226908
v -1.168316 -8.946125 -0.056276
v -1.186919 -8.944299 -0.248744
v -1.154854 -9.027094 0.129243
v -1.137997 -9.028956 -0.056975
v -1.157375 -9.024874 -0.242912
v -1.137802 -9.073613 0.124903
v -1.197042 -9.065260 0.221104
v -1.187856 -9.176628 0.205076
v -1.120460 -9.076819 -0.057379
v -1.140270 -9.071441 -0.239358
v -1.127221 -9.189788 0.113316
v -1.191414 -9.173496 -0.320070
v -1.200806 -9.061945 -0.334642
v -1.132409 -9.297037 0.101863
v -1.109536 -9.196349 -0.058166
v -1.129542 -9.187745 -0.229302
v -1.196459 -9.276517 -0.305396
v -1.134583 -9.295123 -0.219060
v -1.230054 -9.433047 -0.281115
v -1.114829 -9.306690 -0.058788
v -1.168628 -9.459885 0.083420
v -1.227042 -9.435699 0.163556
v -1.259015 -9.513092 0.150123
v -1.151985 -9.474234 -0.059536
v -1.170562 -9.458181 -0.202072
v -1.203078 -9.540538 0.073625
v -1.187371 -9.557196 -0.059791
v -1.204883 -9.538949 -0.192774
v -1.245099 -9.637200 0.062281
v -1.300605 -9.603537 -0.253058
v -1.261848 -9.510597 -0.268174
v -1.230524 -9.656626 -0.060092
v -1.246753 -9.635743 -0.182015
v -1.298000 -9.693256 0.054843
v -1.297980 -9.605847 0.134426
v -1.346740 -9.659725 0.124341
v -1.284880 -9.714284 -0.060067
v -1.299554 -9.691889 -0.174530
v -1.373724 -9.783543 -0.163053
v -1.372327 -9.784773 0.043279
v -1.415258 -9.747695 0.109283
v -1.361226 -9.808435 -0.060112
v -1.448712 -9.847232 0.032373
v -1.439682 -9.872729 -0.059964
v -1.449960 -9.846133 -0.151858
v -1.417543 -9.745683 -0.228022
v -1.487632 -9.806005 -0.214158
v -1.560714 -9.914362 -0.138878
v -1.553633 -9.942843 -0.059610
v -1.559637 -9.915310 0.020081
v -1.485533 -9.807854 0.095651
v -1.637989 -9.972813 -0.059217
v -1.641723 -9.944345 0.015943
v -1.659170 -9.994302 0.007597
v -1.655857 -10.024347 -0.059403
v -1.660074 -9.993505 -0.125990
v -1.642739 -9.943451 -0.133975
v -1.680680 -9.948664 -0.181810
v -1.657055 -10.049106 -0.114437
v -1.672873 -10.062057 -0.148630
v -1.678071 -10.002185 -0.168352
v -1.659131 -10.103945 -0.134501
v -1.651215 -10.111404 -0.102093
v -1.652825 -10.081535 -0.059765
v -1.656311 -10.049760 -0.004658
v -1.676591 -10.003488 0.050093
v -1.671665 -10.063120 0.029589
v -1.650644 -10.111907 -0.017823
v -1.646904 -10.145562 -0.060187
v -1.636120 -10.155103 -0.095079
v -1.635649 -10.155518 -0.025560
v -1.631432 -10.190446 -0.060560
v -1.658120 -10.104836 0.014777
v -1.634981 -10.144254 0.002537
v -2.955704 -4.854086 0.347565
v -3.264205 -5.066509 0.280551
v -2.953155 -4.854044 0.326074
v -2.641882 -4.640084 0.278879
v -3.279991 -5.067661 0.299167
v -2.630547 -4.640380 0.298913
v -3.453617 -5.210349 0.154310
v -2.414666 -4.472583 0.151672
v -3.479358 -5.214519 0.166174
v -2.390133 -4.472589 0.164865
v -3.538429 -5.250721 -0.018386
v -2.332455 -4.407238 -0.021525
v -3.568983 -5.256760 -0.018215
v -2.301311 -4.406910 -0.021734
v -3.481861 -5.212315 -0.203284
v -2.392658 -4.470366 -0.207882
v -3.455961 -5.208285 -0.191721
v -2.417010 -4.470520 -0.194359
v -3.284301 -5.063866 -0.337205
v -2.634879 -4.636566 -0.340652
v -3.268265 -5.062935 -0.318792
v -2.645942 -4.636510 -0.320464
v -2.960683 -4.849702 -0.387441
v -2.957843 -4.849916 -0.365988
v -2.621247 -4.412122 -0.339699
v -2.959799 -4.095927 -0.385040
v -2.957219 -4.095899 -0.406530
v -3.300507 -3.801685 -0.331458
v -2.605927 -4.413780 -0.358490
v -3.311478 -3.800687 -0.351577
v -2.416473 -4.627091 -0.207078
v -3.545441 -3.623021 -0.193442
v -2.391029 -4.631891 -0.219162
v -3.569744 -3.619867 -0.206648
v -2.322782 -4.690230 -0.023278
v -3.615220 -3.542579 -0.007679
v -2.292353 -4.696873 -0.023524
v -3.646060 -3.538236 -0.007444
v -2.388365 -4.634237 0.174194
v -3.567059 -3.622231 0.189721
v -2.413969 -4.629295 0.162514
v -3.542938 -3.625225 0.176150
v -2.601338 -4.417820 0.319013
v -3.306868 -3.804746 0.328971
v -2.616910 -4.415940 0.300452
v -3.296171 -3.805503 0.308694
v -2.951921 -4.100563 0.375595
v -2.954792 -4.100336 0.354143
v -3.177808 9.966147 0.251548
v -2.935927 9.957896 0.382819
v -3.032198 10.165122 0.299293
v -3.180269 9.968314 -0.111671
v -3.035303 10.167855 -0.159008
v -2.940188 9.961648 -0.246296
v -3.363647 -6.998798 -0.029995
v -2.802067 -8.023499 0.123829
v -3.276398 -6.979255 0.133617
v -2.865921 -8.045700 -0.039611
v -2.804286 -8.021546 -0.203624
v -3.499280 -5.950034 -0.022822
v -3.414515 -5.939724 0.140752
v -3.568179 -4.847277 -0.015778
v -3.416738 -5.937767 -0.187394
v -3.278621 -6.977298 -0.194529
v -3.044047 -6.920545 -0.315899
v -2.633677 -7.957514 -0.324263
v -2.456489 0.324230 -0.349152
v -2.714886 0.345956 -0.299485
v -2.463781 0.324696 -0.320587
v -2.701522 0.344688 -0.274890
v -2.225305 0.304176 -0.278358
v -2.874864 0.358882 -0.153512
v -2.197293 0.301930 -0.303254
v -2.903289 0.361373 -0.167561
v -2.050047 0.288572 -0.159518
v -2.937473 0.363396 0.011025
v -2.006807 0.284977 -0.174089
v -2.971339 0.366272 0.011272
v -1.985065 0.282128 0.004089
v -2.900873 0.359246 0.189096
v -1.936179 0.277977 0.003733
v -2.872641 0.356925 0.174634
v -2.004391 0.282849 0.182567
v -2.710701 0.342271 0.318262
v -2.047824 0.286615 0.168627
v -2.697672 0.341298 0.293475
v -2.193108 0.298246 0.314493
v -2.459336 0.320782 0.335705
v -2.221455 0.300786 0.290008
v -2.451657 0.319976 0.364161
v -1.436592 -9.119389 0.174819
v -1.397842 -9.141074 0.203316
v -1.436381 -9.119575 0.205994
v -1.398052 -9.140889 0.172376
v -1.454580 -9.070999 0.181450
v -1.454364 -9.071190 0.213340
v -1.447512 -9.026690 0.187682
v -1.447292 -9.026884 0.220261
v -1.439712 -9.116642 -0.285764
v -1.439923 -9.116456 -0.316940
v -1.401353 -9.137982 -0.315041
v -1.401144 -9.138167 -0.284101
v -1.457785 -9.068178 -0.291574
v -1.458001 -9.067988 -0.323464
v -1.450798 -9.023796 -0.297372
v -1.451019 -9.023602 -0.329951
v -1.605894 -10.240589 -0.085644
v -1.631668 -10.185624 -0.114160
v -1.610596 -10.196493 -0.089689
v -1.635832 -10.143504 -0.123047
v -1.605229 -10.232929 -0.060990
v -1.600437 -10.278160 -0.061293
v -1.610204 -10.196838 -0.031789
v -1.605561 -10.240883 -0.036423
v -1.624652 -10.287282 -0.039284
v -1.620066 -10.325766 -0.061444
v -1.658076 -10.319223 -0.061147
v -1.648682 -10.230540 -0.014005
v -1.630942 -10.186264 -0.006907
v -1.661604 -10.280956 -0.037640
v -1.682534 -10.224563 -0.009645
v -3.563832 -3.991630 0.167638
v -3.595161 -4.004554 -0.010570
v -3.512321 -3.995927 0.153007
v -3.653750 -3.999578 -0.010143
v -3.320657 -3.968099 0.296687
v -3.566248 -3.989502 -0.189019
v -3.288281 -3.970715 0.271759
v -3.514544 -3.993970 -0.175139
v -2.989442 -3.935540 0.342425
v -3.324841 -3.964415 -0.321060
v -2.983133 -3.935922 0.313866
v -3.292131 -3.967325 -0.296606
v -2.678628 -3.900743 0.268047
v -2.994274 -3.931286 -0.370889
v -2.658926 -3.902549 0.292596
v -2.987579 -3.932009 -0.342425
v -2.456325 -3.874407 0.146579
v -2.682478 -3.897353 -0.300318
v -2.417635 -3.877769 0.160553
v -2.663110 -3.898865 -0.325152
v -2.375769 -3.863991 -0.017991
v -2.458548 -3.872449 -0.181567
v -2.330200 -3.867860 -0.018323
v -2.420051 -3.875642 -0.196104
v -2.204942 -8.771729 -0.048214
v -2.239009 -8.862710 -0.255506
v -2.250473 -8.862279 -0.048445
v -2.197209 -8.890764 -0.048976
v -2.187214 -8.890419 -0.252397
v -2.103812 -8.967141 -0.050064
v -2.161062 -8.891956 -0.354003
v -2.096379 -8.964705 -0.244497
v -2.024416 -9.043516 -0.235991
v -2.012048 -9.038455 -0.330893
v -2.077883 -8.963000 -0.342838
v -1.925310 -9.159348 -0.311190
v -1.929525 -9.169713 -0.221962
v -1.893472 -9.269691 -0.294031
v -2.029834 -9.048171 -0.051048
v -2.021911 -9.045722 0.133846
v -1.927228 -9.171735 0.117029
v -1.932308 -9.177916 -0.052483
v -1.892334 -9.286581 0.102964
v -2.073919 -8.966491 0.242360
v -2.093746 -8.967024 0.144266
v -2.156933 -8.895592 0.255497
v -2.184459 -8.892844 0.154281
v -2.204340 -8.869218 0.260918
v -2.236205 -8.865178 0.158421
v -1.894453 -9.284716 -0.209742
v -1.896313 -9.296153 -0.053432
v -1.890508 -9.352511 0.095369
v -1.891915 -9.333073 -0.284615
v -1.892529 -9.350732 -0.202959
v -1.916237 -9.400930 -0.275614
v -1.894381 -9.364016 -0.053850
v -1.916847 -9.423031 0.088362
v -1.964029 -9.433128 0.166157
v -1.913234 -9.403574 0.167734
v -1.918776 -9.421332 -0.196438
v -1.921426 -9.436584 -0.054099
v -1.972071 -9.453671 0.087218
v -1.967009 -9.430505 -0.273702
v -1.973982 -9.451989 -0.194912
v -1.978220 -9.468089 -0.053902
v -2.039903 -9.410388 0.174839
v -2.054867 -9.429721 0.093707
v -2.063420 -9.443386 -0.053178
v -2.128397 -9.338642 0.192319
v -2.163043 -9.366052 -0.052042
v -2.151648 -9.354631 0.106704
v -2.190869 -9.258389 0.208931
v -2.223963 -0.131329 -0.317712
v -2.508132 -0.134095 -0.387003
v -2.508251 -0.134296 -0.365449
v -2.791950 -0.129061 -0.313851
v -2.208968 -0.131674 -0.336656
v -2.806748 -0.127746 -0.332739
v -2.015236 -0.123076 -0.183444
v -2.999028 -0.119997 -0.176761
v -1.988651 -0.123457 -0.194764
v -3.025505 -0.117508 -0.187879
v -1.937936 -0.118822 0.001337
v -3.073935 -0.115184 0.009053
v -1.906793 -0.119176 0.001124
v -3.104939 -0.112224 0.009281
v -1.985990 -0.125800 0.198037
v -3.022842 -0.119852 0.205270
v -2.012726 -0.125286 0.187083
v -2.996518 -0.122206 0.193765
v -2.204365 -0.135727 0.342793
v -2.802144 -0.131801 0.347021
v -2.219616 -0.135157 0.324059
v -2.787602 -0.132888 0.327920
v -2.502820 -0.138771 0.397155
v -2.503231 -0.138716 0.375604
v -3.611433 -5.046999 -0.016677
v -3.479358 -5.214519 0.166174
v -3.519857 -4.996532 0.169232
v -3.568983 -5.256760 -0.018215
v -3.481861 -5.212315 -0.203284
v -3.522379 -4.994311 -0.203193
v -3.284301 -5.063866 -0.337205
v -3.275259 -4.812274 -0.337396
v -1.498453 -9.028234 0.219560
v -1.503121 -8.953628 0.197152
v -1.502893 -8.953828 0.230719
v -1.496095 -8.902152 0.203860
v -1.498673 -9.028041 0.187088
v -1.495863 -8.902357 0.238157
v -1.471970 -8.839728 0.211658
v -1.471731 -8.839938 0.246809
v -1.497531 -9.088349 0.210197
v -1.497745 -9.088161 0.178650
v -1.510115 -9.158867 0.198814
v -1.510321 -9.158686 0.168406
v -1.532563 -9.224903 0.187892
v -1.532761 -9.224729 0.158590
v -1.506524 -8.950631 -0.305216
v -1.502166 -9.024965 -0.328574
v -1.506751 -8.950431 -0.338783
v -1.501946 -9.025159 -0.296101
v -1.499585 -8.899079 -0.311404
v -1.501122 -9.085188 -0.319941
v -1.499818 -8.898875 -0.345701
v -1.475563 -8.836565 -0.318783
v -1.475801 -8.836355 -0.353934
v -1.500908 -9.085376 -0.288394
v -1.513557 -9.155837 -0.309231
v -1.513351 -9.156018 -0.278823
v -1.535860 -9.222000 -0.298795
v -1.535661 -9.222176 -0.269492
v -1.703271 -10.184031 -0.094492
v -1.709354 -10.181037 -0.121595
v -1.690561 -10.235641 -0.088538
v -1.692241 -10.209143 -0.114629
v -1.700511 -10.220002 -0.060268
v -1.690180 -10.235977 -0.032324
v -1.708519 -10.181771 0.001633
v -1.691505 -10.209791 -0.005899
v -1.702804 -10.184442 -0.025583
v -2.986825 -4.102453 0.346105
v -3.331424 -4.365911 0.279885
v -2.983789 -4.102763 0.324643
v -2.637664 -3.838936 0.278328
v -3.347397 -4.365009 0.298438
v -2.627215 -3.840311 0.298570
v -3.546700 -4.548163 0.155830
v -2.387429 -3.632728 0.153437
v -3.572971 -4.548379 0.167498
v -2.363527 -3.635303 0.167048
v -3.639350 -4.595402 -0.013794
v -2.296580 -3.551934 -0.016667
v -3.670483 -4.596284 -0.013589
v -2.265586 -3.554988 -0.016895
v -3.575429 -4.546215 -0.195395
v -2.366016 -3.633111 -0.200439
v -3.549002 -4.546136 -0.184082
v -2.389731 -3.630701 -0.186475
v -3.351634 -4.361279 -0.327182
v -2.631478 -3.836557 -0.330812
v -3.335412 -4.362399 -0.308860
v -2.641652 -3.835425 -0.310416
v -2.991720 -4.098143 -0.376595
v -2.988394 -4.098708 -0.355181
v -2.925290 -3.408336 0.392903
v -3.246350 -3.368278 0.322463
v -2.925626 -3.408322 0.371351
v -2.606131 -3.467985 0.317532
v -3.260386 -3.366251 0.341709
v -2.591456 -3.469171 0.336470
v -3.482103 -3.349307 0.184022
v -2.373298 -3.524528 0.175466
v -3.507928 -3.345096 0.195818
v -2.347082 -3.526544 0.186921
v -3.569334 -3.341793 -0.006792
v -2.289160 -3.549100 -0.016700
v -3.600038 -3.336569 -0.006553
v -2.258111 -3.551540 -0.016925
v -3.510679 -3.342675 -0.210240
v -2.349833 -3.524122 -0.219235
v -3.484697 -3.347023 -0.198846
v -2.375891 -3.522244 -0.207402
v -3.265136 -3.362067 -0.359714
v -2.596206 -3.464989 -0.364765
v -3.250842 -3.364323 -0.340685
v -2.610623 -3.464030 -0.345616
v -2.930769 -3.403512 -0.415940
v -2.930813 -3.403755 -0.394387
v -2.277655 9.937523 0.378238
v -2.037646 9.930862 0.243614
v -2.187164 10.141898 0.301682
v -2.281916 9.941275 -0.250876
v -2.190380 10.144730 -0.173121
v -2.040107 9.933029 -0.119605
v -1.364695 -9.060180 0.184321
v -1.373158 -9.087656 0.212220
v -1.364476 -9.060371 0.216602
v -1.373374 -9.087466 0.180378
v -1.368542 -9.041772 0.186764
v -1.368322 -9.041966 0.219310
v -1.393360 -9.025260 0.188586
v -1.393138 -9.025455 0.221310
v -1.367945 -9.057318 -0.295533
v -1.368164 -9.057125 -0.327815
v -1.376788 -9.084460 -0.323641
v -1.376572 -9.084650 -0.291799
v -1.371824 -9.038882 -0.297704
v -1.372044 -9.038689 -0.330250
v -1.396662 -9.022352 -0.298993
v -1.396884 -9.022157 -0.331716
v -3.309495 -4.453474 -0.319447
v -3.552784 -4.553958 -0.192720
v -3.566733 -4.347261 -0.189484
v -3.288754 -4.671679 -0.322011
v -3.651786 -4.514780 -0.013229
v -3.661978 -4.307266 -0.011922
v -3.564340 -4.349369 0.163843
v -3.550364 -4.556088 0.164424
v -2.617263 1.535873 -0.332907
v -2.859733 1.432826 -0.184628
v -2.806577 1.663679 -0.182501
v -2.727490 1.345218 -0.333609
v -2.906868 1.461700 0.016828
v -2.877185 1.707684 0.018094
v -2.803870 1.660519 0.217425
v -2.856961 1.429455 0.217618
v -2.252215 -0.501988 -0.342779
v -2.545653 -0.450891 -0.415259
v -2.545540 -0.451124 -0.393706
v -2.839067 -0.411691 -0.338265
v -2.237551 -0.503761 -0.361813
v -2.853872 -0.408787 -0.357061
v -2.037385 -0.547149 -0.199112
v -3.053862 -0.390770 -0.191293
v -2.011062 -0.550053 -0.210558
v -3.080015 -0.385370 -0.202276
v -1.957969 -0.566939 -0.001158
v -3.131614 -0.385236 0.007876
v -1.926999 -0.570230 -0.001388
v -3.162091 -0.378820 0.008120
v -2.008219 -0.552556 0.209129
v -3.077173 -0.387872 0.217293
v -2.034694 -0.549518 0.198075
v -3.051172 -0.393139 0.205893
v -2.232634 -0.508090 0.363979
v -2.848956 -0.413115 0.368709
v -2.247555 -0.506091 0.345168
v -2.834407 -0.415794 0.349682
v -2.539980 -0.455886 0.422221
v -2.540159 -0.455862 0.400667
v -3.680254 -4.286647 -0.011676
v -3.572971 -4.548379 0.167498
v -3.578504 -4.227376 0.171834
v -3.670483 -4.596284 -0.013589
v -3.575429 -4.546215 -0.195395
v -3.580995 -4.225183 -0.195826
v -3.351634 -4.361279 -0.327182
v -3.300610 -3.998167 -0.327318
v -1.587493 -9.873592 0.079442
v -1.758104 -9.531732 0.140714
v -1.662848 -9.901914 0.074154
v -1.485533 -9.807854 0.095651
v -1.576381 -9.550213 0.134950
v -1.552698 -9.562638 0.133121
v -1.603628 -9.523787 0.139104
v -1.415258 -9.747695 0.109283
v -1.526274 -9.552431 0.134914
v -1.346740 -9.659725 0.124341
v -1.497447 -9.541299 0.137023
v -1.469090 -9.519234 0.140971
v -1.297980 -9.605847 0.134426
v -1.259015 -9.513092 0.150123
v -1.422040 -9.482630 0.147854
v -1.378632 -9.417337 0.159510
v -1.227042 -9.435699 0.163556
v -1.353736 -9.340059 0.172681
v -1.193108 -9.279467 0.189245
v -1.336270 -9.256445 0.186638
v -1.307796 -9.215111 0.194173
v -1.390344 -9.280976 0.181054
v -1.187856 -9.176628 0.205076
v -1.460051 -9.303685 0.175798
v -1.292735 -9.146106 0.205461
v -1.473125 -9.394985 0.160682
v -1.197042 -9.065260 0.221104
v -1.521369 -9.334920 0.169863
v -1.295189 -9.053482 0.219445
v -1.504097 -9.406672 0.158317
v -1.212449 -9.020705 0.226908
v -1.407043 -8.990606 0.226280
v -1.393138 -9.025455 0.221310
v -1.353387 -9.002976 0.225449
v -1.447292 -9.026884 0.220261
v -1.331640 -9.023838 0.222867
v -1.413464 -9.040842 0.218623
v -1.368322 -9.041966 0.219310
v -1.454364 -9.071190 0.213340
v -1.364476 -9.060371 0.216602
v -1.415114 -9.070531 0.214033
v -1.326608 -9.070335 0.216026
v -1.436381 -9.119575 0.205994
v -1.373158 -9.087656 0.212220
v -1.403340 -9.091417 0.211005
v -1.342141 -9.114572 0.208826
v -1.397842 -9.141074 0.203316
v -1.367314 -9.134558 0.205053
v -1.357191 -8.999627 -0.336126
v -1.396884 -9.022157 -0.331716
v -1.410853 -8.987252 -0.336082
v -1.451019 -9.023602 -0.329951
v -1.335413 -9.020516 -0.334087
v -1.417173 -9.037577 -0.328939
v -1.372044 -9.038689 -0.330250
v -1.458001 -9.067988 -0.323464
v -1.368164 -9.057125 -0.327815
v -1.418763 -9.067318 -0.324681
v -1.330292 -9.067091 -0.327870
v -1.439923 -9.116456 -0.316940
v -1.376788 -9.084460 -0.323641
v -1.406951 -9.088238 -0.322061
v -1.345730 -9.111412 -0.320989
v -1.401353 -9.137982 -0.315041
v -1.370851 -9.131443 -0.317114
v -1.921804 -9.162434 0.206309
v -1.497531 -9.088349 0.210197
v -1.498453 -9.028234 0.219560
v -1.510115 -9.158867 0.198814
v -1.532563 -9.224903 0.187892
v -1.890211 -9.272563 0.187405
v -1.577341 -9.304138 0.174706
v -1.605223 -9.370753 0.163787
v -2.008258 -9.041792 0.228625
v -1.764956 -8.972037 0.230240
v -1.831290 -8.936425 0.237075
v -1.886542 -8.873601 0.247340
v -2.073919 -8.966491 0.242360
v -2.156933 -8.895592 0.255497
v -1.888787 -9.335827 0.177214
v -1.614040 -9.442891 0.152059
v -1.613700 -9.500190 0.142876
v -1.913234 -9.403574 0.167734
v -1.934482 -8.805836 0.257429
v -2.163332 -8.784576 0.268217
v -2.204340 -8.869218 0.260918
v -2.095688 -8.697245 0.274351
v -1.951081 -8.736939 0.265871
v -1.891444 -8.719498 0.266203
v -1.959863 -8.682146 0.271817
v -2.011210 -8.628724 0.278067
v -1.916466 -8.595509 0.278730
v -2.012048 -9.038455 -0.330893
v -1.502166 -9.024965 -0.328574
v -1.925310 -9.159348 -0.311190
v -1.501122 -9.085188 -0.319941
v -1.513557 -9.155837 -0.309231
v -1.535860 -9.222000 -0.298795
v -1.893472 -9.269691 -0.294031
v -1.580461 -9.301391 -0.285949
v -1.608199 -9.368134 -0.275448
v -1.891915 -9.333073 -0.284615
v -1.616861 -9.440407 -0.264463
v -1.616401 -9.497811 -0.255969
v -1.760766 -9.529387 -0.252228
v -1.916237 -9.400930 -0.275614
v -1.606281 -9.521450 -0.252616
v -1.768785 -8.968667 -0.334971
v -1.667860 -8.928441 -0.340071
v -1.690887 -8.853834 -0.349627
v -1.835203 -8.932981 -0.340482
v -1.786446 -8.861592 -0.349006
v -1.890584 -8.870043 -0.349248
v -1.729640 -8.726095 -0.364194
v -2.077883 -8.963000 -0.342838
v -2.161062 -8.891956 -0.354003
v -1.846859 -8.665286 -0.370494
v -1.759588 -8.655590 -0.371046
v -1.773472 -8.622897 -0.373887
v -1.822430 -8.536167 -0.380274
v -1.914508 -8.560241 -0.379007
v -1.861919 -8.484437 -0.383185
v -1.993112 -8.493590 -0.383021
v -1.888295 -8.449883 -0.384702
v -2.884907 -0.830379 -0.369280
v -3.176049 -0.922608 -0.210644
v -3.110480 -0.693699 -0.208854
v -3.019784 -1.015930 -0.369262
v -3.232500 -0.891807 0.005066
v -3.195354 -0.646757 0.006276
v -3.107614 -0.697166 0.219938
v -3.173138 -0.926257 0.219965
v -2.884710 -3.098599 0.388243
v -3.208444 -3.098300 0.318424
v -2.884191 -3.098682 0.366690
v -2.563904 -3.100111 0.314047
v -3.222842 -3.095563 0.337502
v -2.550277 -3.101984 0.333331
v -3.449434 -3.103657 0.182152
v -2.331085 -3.092795 0.174642
v -3.475322 -3.098264 0.193648
v -2.305253 -3.095813 0.186400
v -3.540523 -3.119671 -0.005662
v -2.247619 -3.098953 -0.014297
v -3.570969 -3.113116 -0.005417
v -2.216655 -3.102301 -0.014527
v -3.478026 -3.095883 -0.205568
v -2.307966 -3.093424 -0.214143
v -3.451985 -3.101411 -0.194490
v -2.333636 -3.090549 -0.202000
v -3.227518 -3.091446 -0.352787
v -2.554959 -3.097862 -0.357805
v -3.212863 -3.094409 -0.333939
v -2.568323 -3.096220 -0.338316
v -2.890105 -3.093850 -0.408136
v -2.889293 -3.094189 -0.386594
v -1.408081 -8.361217 -0.390211
v -1.388487 -8.437202 -0.274640
v -1.426237 -8.454014 -0.387260
v -1.385504 -8.534601 -0.271326
v -1.369062 -8.340590 -0.276348
v -1.411793 -8.269732 -0.390494
v -1.373449 -8.245216 -0.275971
v -1.375383 -8.424710 -0.051763
v -1.372346 -8.524875 -0.052381
v -3.162091 -0.378820 0.008120
v -3.203439 -0.571724 0.007250
v -3.077173 -0.387872 0.217293
v -3.117517 -0.581519 0.216074
v -3.080015 -0.385370 -0.202276
v -3.120355 -0.579021 -0.202821
v -2.890695 -0.603079 -0.357777
v -2.853872 -0.408787 -0.357061
v -2.278341 -0.696197 -0.340350
v -2.564534 -0.674260 -0.412589
v -2.564712 -0.674434 -0.391036
v -2.849630 -0.644545 -0.336172
v -2.262914 -0.698030 -0.359091
v -2.864727 -0.641769 -0.354865
v -2.067424 -0.706115 -0.197706
v -3.057015 -0.617496 -0.190474
v -2.040687 -0.709032 -0.208679
v -3.083444 -0.612470 -0.201226
v -1.989074 -0.708572 -0.001365
v -3.131762 -0.606161 0.006986
v -1.958101 -0.711843 -0.001594
v -3.162346 -0.600283 0.007229
v -2.037874 -0.711509 0.206609
v -3.080628 -0.614949 0.214435
v -2.064757 -0.708463 0.196035
v -3.054348 -0.619844 0.203267
v -2.258042 -0.702319 0.360138
v -2.859853 -0.646060 0.364736
v -2.273722 -0.700264 0.341631
v -2.845011 -0.648613 0.345809
v -2.558908 -0.679214 0.417998
v -2.559378 -0.679130 0.396447
v -1.576704 -9.522249 0.114863
v -1.613867 -9.500042 0.118122
v -1.603793 -9.523640 0.114719
v -1.576543 -9.550070 0.110959
v -1.552859 -9.562496 0.109295
v -1.526436 -9.552288 0.110891
v -1.561199 -9.492797 0.119072
v -1.614214 -9.442738 0.126391
v -1.569688 -9.440009 0.126675
v -1.605405 -9.370593 0.136942
v -1.558221 -9.382408 0.135137
v -1.577530 -9.303971 0.146752
v -1.521555 -9.334756 0.142352
v -1.538794 -9.521132 0.115153
v -1.497611 -9.541154 0.112768
v -1.469257 -9.519087 0.116302
v -1.477647 -9.490782 0.120151
v -1.422212 -9.482478 0.122463
v -1.437432 -9.447338 0.127110
v -1.378812 -9.417179 0.132921
v -1.473306 -9.394826 0.134052
v -1.353925 -9.339892 0.144757
v -1.496413 -9.451439 0.125514
v -1.504276 -9.406515 0.131946
v -1.510489 -9.433321 0.127977
v -1.532761 -9.224729 0.158590
v -1.460242 -9.303517 0.147648
v -1.390539 -9.280806 0.152325
v -1.336469 -9.256269 0.157308
v -1.398052 -9.140889 0.172376
v -1.510321 -9.158686 0.168406
v -1.308000 -9.214931 0.164069
v -1.436592 -9.119389 0.174819
v -1.367525 -9.134372 0.173917
v -1.497745 -9.088161 0.178650
v -1.292947 -9.145920 0.174224
v -1.454580 -9.070999 0.181450
v -1.342355 -9.114384 0.177296
v -1.498673 -9.028041 0.187088
v -1.326826 -9.070143 0.183771
v -1.447512 -9.026690 0.187682
v -1.295410 -9.053288 0.186828
v -1.503121 -8.953628 0.197152
v -1.331863 -9.023642 0.189942
v -1.302328 -9.022863 0.190712
v -1.309595 -8.990897 0.194742
v -1.353611 -9.002779 0.192288
v -1.342961 -8.924276 0.202618
v -1.407268 -8.990408 0.193078
v -1.496095 -8.902152 0.203860
v -1.386491 -8.869805 0.208717
v -1.471970 -8.839728 0.211658
v -1.579031 -9.520201 -0.228725
v -1.606116 -9.521595 -0.228231
v -1.616234 -9.497959 -0.231216
v -1.578820 -9.548065 -0.225156
v -1.555117 -9.560509 -0.223961
v -1.528717 -9.550280 -0.225793
v -1.563583 -9.490699 -0.232793
v -1.616688 -9.440559 -0.238795
v -1.572169 -9.437824 -0.239650
v -1.608017 -9.368294 -0.248604
v -1.560814 -9.380125 -0.247579
v -1.580272 -9.301558 -0.257995
v -1.524245 -9.332388 -0.254721
v -1.541129 -9.519075 -0.229516
v -1.499919 -9.539123 -0.227928
v -1.471613 -9.517012 -0.231582
v -1.480053 -9.488664 -0.234979
v -1.424653 -9.480329 -0.237942
v -1.439932 -9.445137 -0.241964
v -1.381394 -9.414906 -0.248208
v -1.475892 -9.392549 -0.247792
v -1.356663 -9.337481 -0.259457
v -1.498887 -9.449261 -0.239617
v -1.506832 -9.404264 -0.245407
v -1.512993 -9.431116 -0.241673
v -1.535661 -9.222176 -0.269492
v -1.463007 -9.301084 -0.260474
v -1.393372 -9.278312 -0.265824
v -1.339372 -9.253714 -0.271246
v -1.401144 -9.138167 -0.284101
v -1.310994 -9.212296 -0.277898
v -1.513351 -9.156018 -0.278823
v -1.370640 -9.131629 -0.285977
v -1.439712 -9.116642 -0.285764
v -1.296074 -9.143167 -0.287432
v -1.500908 -9.085376 -0.288394
v -1.345516 -9.111600 -0.289458
v -1.457785 -9.068178 -0.291574
v -1.330074 -9.067284 -0.295615
v -1.501946 -9.025159 -0.296101
v -1.298700 -9.050390 -0.298896
v -1.450798 -9.023796 -0.297372
v -1.335190 -9.020713 -0.301162
v -1.506524 -8.950631 -0.305216
v -1.305667 -9.019923 -0.302323
v -1.312986 -8.987912 -0.305873
v -1.356966 -8.999825 -0.302964
v -1.346451 -8.921204 -0.312501
v -1.410628 -8.987450 -0.302880
v -1.499585 -8.899079 -0.311404
v -1.390055 -8.866668 -0.317360
v -1.475563 -8.836565 -0.318783
v -2.277214 -9.102672 -0.335542
v -2.506751 -9.643398 -0.296477
v -2.577495 -9.550978 -0.313048
v -2.424454 -9.735955 -0.278306
v -2.194393 -9.255286 -0.311311
v -2.357442 -9.787558 -0.265718
v -2.131708 -9.335727 -0.296506
v -2.252024 -9.851011 -0.248014
v -2.042991 -9.407669 -0.281083
v -1.942375 -9.538686 -0.257390
v -1.967009 -9.430505 -0.273702
v -2.124951 -9.907490 -0.229879
v -2.079988 -9.925786 -0.223701
v -1.951832 -9.942398 -0.205887
v -1.814667 -9.940998 -0.191268
v -1.664646 -9.900331 -0.191384
v -1.680680 -9.948664 -0.181810
v -1.765838 -9.994602 -0.177402
v -1.678071 -10.002185 -0.168352
v -1.745201 -10.028263 -0.167205
v -1.731392 -10.050778 -0.158798
v -1.672873 -10.062057 -0.148630
v -1.720874 -10.131530 -0.134127
v -1.659131 -10.103945 -0.134501
v -1.635832 -10.143504 -0.123047
v -1.709354 -10.181037 -0.121595
v -1.631668 -10.185624 -0.114160
v -1.692241 -10.209143 -0.114629
v -1.649315 -10.229983 -0.107351
v -1.683222 -10.223957 -0.111181
v -1.589368 -9.871942 -0.197355
v -1.487632 -9.806005 -0.214158
v -1.578983 -9.547922 -0.249147
v -1.555278 -9.560367 -0.247787
v -1.417543 -9.745683 -0.228022
v -1.528880 -9.550137 -0.249817
v -1.349229 -9.657535 -0.242957
v -1.500083 -9.538978 -0.252182
v -1.471780 -9.516865 -0.256251
v -1.300605 -9.603537 -0.253058
v -1.261848 -9.510597 -0.268174
v -1.424825 -9.480177 -0.263334
v -1.381574 -9.414747 -0.274797
v -1.230054 -9.433047 -0.281115
v -1.356852 -9.337316 -0.287381
v -1.196459 -9.276517 -0.305396
v -1.339571 -9.253539 -0.300576
v -1.393566 -9.278140 -0.294553
v -1.311198 -9.212116 -0.308002
v -1.463197 -9.300916 -0.288624
v -1.191414 -9.173496 -0.320070
v -1.476073 -9.392390 -0.274423
v -1.296286 -9.142980 -0.318669
v -1.524431 -9.332224 -0.282232
v -1.200806 -9.061945 -0.334642
v -1.507010 -9.404107 -0.271778
v -1.298921 -9.050196 -0.331513
v -1.560995 -9.379967 -0.274260
v -1.216287 -9.017325 -0.339705
v -1.513169 -9.430962 -0.267599
v -1.305891 -9.019726 -0.335358
v -1.572344 -9.437671 -0.265384
v -1.313213 -8.987713 -0.339340
v -1.563751 -9.490550 -0.257692
v -1.243083 -8.940100 -0.348291
v -1.499060 -9.449108 -0.265282
v -1.346683 -8.921000 -0.346790
v -1.541295 -9.518929 -0.253999
v -1.480223 -9.488514 -0.260066
v -1.440107 -9.444983 -0.267856
v -1.290961 -8.821314 -0.360516
v -1.390291 -8.866460 -0.352266
v -1.475801 -8.836355 -0.353934
v -1.339594 -8.727320 -0.368999
v -1.395490 -8.615116 -0.377806
v -1.637905 -8.728263 -0.364201
v -1.658225 -8.644326 -0.372238
v -1.640357 -8.849730 -0.350283
v -1.423843 -8.547508 -0.382234
v -1.499818 -8.898875 -0.345701
v -1.671301 -8.590294 -0.376683
v -1.506751 -8.950431 -0.338783
v -1.426237 -8.454014 -0.387260
v -1.730139 -8.598431 -0.375874
v -1.698718 -8.537296 -0.380369
v -1.730900 -8.475292 -0.383839
v -1.521738 -8.353204 -0.389369
v -1.501217 -8.345900 -0.389647
v -1.543337 -8.330561 -0.389515
v -1.408081 -8.361217 -0.390211
v -1.493526 -8.308556 -0.390036
v -1.411793 -8.269732 -0.390494
v -1.489365 -8.273774 -0.389992
v -1.452530 -8.199870 -0.389801
v -1.502708 -8.246263 -0.389738
v -1.522296 -8.231934 -0.389520
v -1.516885 -8.162517 -0.389142
v -1.619229 -8.196968 -0.388654
v -1.544479 -8.248141 -0.389466
v -1.550371 -8.276955 -0.389598
v -1.733733 -8.264154 -0.388279
v -1.758790 -8.287817 -0.388240
v -1.549667 -8.309216 -0.389627
v -1.756789 -8.425407 -0.385906
v -1.819385 -8.345045 -0.387622
v -1.847764 -8.436440 -0.385254
v -3.162346 -0.600283 0.007229
v -3.205243 -0.820732 0.006204
v -3.080628 -0.614949 0.214435
v -3.122163 -0.832842 0.213217
v -3.083444 -0.612470 -0.201226
v -3.124976 -0.830366 -0.202044
v -2.902392 -0.852671 -0.355646
v -2.864727 -0.641769 -0.354865
v -3.299628 -1.323025 0.003421
v -3.252318 -1.515942 0.201063
v -3.209578 -1.313926 0.203216
v -3.342665 -1.525119 0.002507
v -3.255016 -1.513567 -0.197130
v -3.212292 -1.311536 -0.197453
v -3.012547 -1.475584 -0.344097
v -2.972083 -1.274925 -0.344242
v -3.350478 -1.540987 0.002465
v -3.391414 -1.733926 0.001592
v -3.260751 -1.550562 0.203806
v -3.300896 -1.744204 0.201555
v -3.263488 -1.548153 -0.200172
v -3.303614 -1.741811 -0.199687
v -3.062333 -1.767084 -0.347494
v -3.025378 -1.572808 -0.348471
v -3.302024 -3.496660 -0.348322
v -3.569744 -3.619867 -0.206648
v -3.520221 -3.342206 -0.203473
v -3.311478 -3.800687 -0.351577
v -3.646060 -3.538236 -0.007444
v -3.620297 -3.267884 -0.006006
v -3.517561 -3.344548 0.189187
v -3.567059 -3.622231 0.189721
v -1.666886 -8.594181 0.275138
v -1.652133 -8.580988 0.167257
v -1.637739 -8.637259 0.163464
v -3.416981 -2.149406 -0.000713
v -3.356132 -2.339461 0.190548
v -3.325001 -2.135443 0.192826
v -3.447965 -2.353796 -0.001722
v -3.358744 -2.337161 -0.195033
v -3.327630 -2.133128 -0.195299
v -3.110617 -2.285699 -0.336868
v -3.081728 -2.084604 -0.336843
v -2.222425 -9.268741 -0.221037
v -2.326840 -9.115975 -0.049441
v -2.233539 -9.279704 -0.051049
v -2.220123 -9.270768 0.118891
v -2.310728 -9.111704 0.138722
v -2.313278 -9.109459 -0.237740
v -2.194393 -9.255286 -0.311311
v -2.277214 -9.102672 -0.335542
v -2.353905 -9.055236 -0.048895
v -2.339654 -9.050377 -0.242891
v -2.375700 -8.903920 -0.047845
v -2.360950 -8.903186 -0.253118
v -2.301177 -9.046037 -0.343413
v -2.358478 -8.701704 -0.046756
v -2.320168 -8.904836 -0.359037
v -2.344310 -8.706488 -0.262612
v -2.304166 -8.716040 -0.374151
v -2.263577 -8.512453 -0.383728
v -2.300947 -8.494391 -0.267942
v -2.313802 -8.483660 -0.045758
v -2.297940 -8.497040 0.176087
v -2.217727 -8.283617 -0.267837
v -2.181820 -8.314157 0.294260
v -2.259006 -8.516478 0.291133
v -2.341387 -8.709061 0.168816
v -2.299737 -8.719939 0.279679
v -2.315958 -8.908543 0.262533
v -2.358171 -8.905633 0.157203
v -2.297191 -9.049546 0.244970
v -2.337028 -9.052691 0.144934
v -2.273342 -9.106081 0.236100
v -2.228182 -8.266983 -0.045046
v -2.214712 -8.286272 0.177368
v -2.058866 -8.053574 0.294981
v -2.081765 -8.014807 0.177257
v -2.091446 -7.987965 -0.044308
v -1.964900 -7.880190 0.295378
v -1.980034 -7.834006 0.176657
v -1.986824 -7.802235 -0.043909
v -1.918661 -7.593447 0.176317
v -1.921634 -7.590830 -0.262533
v -1.923702 -7.555200 -0.042864
v -1.983025 -7.831373 -0.264910
v -1.912340 -7.645890 -0.383382
v -2.084770 -8.012162 -0.266289
v -2.063471 -8.049520 -0.384766
v -1.969504 -7.876136 -0.384368
v -2.186424 -8.310103 -0.385487
v -3.218530 -0.865441 0.005558
v -3.246321 -1.088350 0.004417
v -3.134068 -0.875240 0.201737
v -3.160657 -1.095515 0.200413
v -3.136734 -0.872892 -0.191849
v -3.163321 -1.093170 -0.192793
v -2.934868 -1.102044 -0.337612
v -2.911790 -0.888978 -0.336680
v -2.863447 -2.887226 0.389365
v -3.177673 -2.831361 0.319807
v -2.863789 -2.887169 0.367813
v -2.552174 -2.962552 0.314788
v -3.191532 -2.828730 0.339081
v -2.537629 -2.964522 0.333741
v -3.408979 -2.800828 0.183684
v -2.325799 -3.030573 0.174977
v -3.434559 -2.795491 0.195520
v -2.299531 -3.033614 0.186263
v -3.494581 -2.789096 -0.004002
v -2.244254 -3.059348 -0.014083
v -3.525023 -2.782516 -0.003757
v -2.213289 -3.062689 -0.014313
v -3.437268 -2.793106 -0.204381
v -2.302238 -3.031231 -0.213341
v -3.411530 -2.798582 -0.192958
v -2.328350 -3.028327 -0.201665
v -3.196210 -2.824610 -0.351608
v -2.542306 -2.960403 -0.356746
v -3.182092 -2.827470 -0.332556
v -2.556592 -2.958661 -0.337575
v -2.868841 -2.882477 -0.407025
v -2.868891 -2.882677 -0.385471
v -3.362403 -1.829988 0.000823
v -3.408184 -2.081009 -0.000364
v -3.269753 -1.898563 0.207312
v -3.328449 -2.143554 0.207854
v -3.272564 -1.896088 -0.207706
v -3.331282 -2.141060 -0.210375
v -3.048343 -2.070655 -0.361484
v -3.095812 -2.313418 -0.363766
v -3.562584 -3.120706 -0.005519
v -3.507928 -3.345096 0.195818
v -3.471634 -3.129234 0.197162
v -3.600038 -3.336569 -0.006553
v -3.510679 -3.342675 -0.210240
v -3.474389 -3.126808 -0.209501
v -3.265136 -3.362067 -0.359714
v -3.232629 -3.146750 -0.358839
v -3.566248 -3.989502 -0.189019
v -2.903289 0.361373 -0.167561
v -3.324841 -3.964415 -0.321060
v -2.714886 0.345956 -0.299485
v -2.971339 0.366272 0.011272
v -3.653750 -3.999578 -0.010143
v -3.563832 -3.991630 0.167638
v -2.900873 0.359246 0.189096
v -3.439419 -2.391465 -0.002004
v -3.391981 -2.584382 0.190130
v -3.349185 -2.382377 0.192312
v -3.482456 -2.593559 -0.002918
v -3.394603 -2.582072 -0.197051
v -3.351825 -2.380053 -0.197402
v -3.151962 -2.544142 -0.339771
v -3.111513 -2.343479 -0.339883
v -3.482243 -2.587992 -0.002886
v -3.525023 -2.782516 -0.003757
v -3.392939 -2.600904 0.196677
v -3.434559 -2.795491 0.195520
v -3.395652 -2.598516 -0.203781
v -3.437268 -2.793106 -0.204381
v -3.196210 -2.824610 -0.351608
v -3.158603 -2.630324 -0.350793
v -2.153799 -9.352737 -0.210780
v -2.233539 -9.279704 -0.051049
v -2.220123 -9.270768 0.118891
v -2.310728 -9.111704 0.138722
v -2.273342 -9.106081 0.236100
v -2.337028 -9.052691 0.144934
v -2.353905 -9.055236 -0.048895
v -2.326840 -9.115975 -0.049441
v -2.375700 -8.903920 -0.047845
v -2.358171 -8.905633 0.157203
v -2.297191 -9.049546 0.244970
v -2.358478 -8.701704 -0.046756
v -2.341387 -8.709061 0.168816
v -2.299737 -8.719939 0.279679
v -2.315958 -8.908543 0.262533
v -2.297940 -8.497040 0.176087
v -2.344310 -8.706488 -0.262612
v -2.360950 -8.903186 -0.253118
v -2.222425 -9.268741 -0.221037
v -2.313278 -9.109459 -0.237740
v -2.194393 -9.255286 -0.311311
v -2.181820 -8.314157 0.294260
v -2.214712 -8.286272 0.177368
v -2.058866 -8.053574 0.294981
v -2.313802 -8.483660 -0.045758
v -2.300947 -8.494391 -0.267942
v -2.186424 -8.310103 -0.385487
v -2.263577 -8.512453 -0.383728
v -2.217727 -8.283617 -0.267837
v -2.228182 -8.266983 -0.045046
v -2.081765 -8.014807 0.177257
v -1.964900 -7.880190 0.295378
v -2.084770 -8.012162 -0.266289
v -2.091446 -7.987965 -0.044308
v -1.980034 -7.834006 0.176657
v -1.907735 -7.649944 0.296364
v -1.918661 -7.593447 0.176317
v -1.986824 -7.802235 -0.043909
v -1.923702 -7.555200 -0.042864
v -1.983025 -7.831373 -0.264910
v -1.921634 -7.590830 -0.262533
v -1.969504 -7.876136 -0.384368
v -1.912340 -7.645890 -0.383382
v -3.528103 -2.917579 -0.004541
v -3.475322 -3.098264 0.193648
v -3.432911 -2.902367 0.195534
v -3.570969 -3.113116 -0.005417
v -3.478026 -3.095883 -0.205568
v -3.435629 -2.899973 -0.205692
v -3.227518 -3.091446 -0.352787
v -3.188678 -2.896462 -0.352416
v -3.104939 -0.112224 0.009281
v -3.043591 -0.340732 0.203914
v -3.022842 -0.119852 0.205270
v -3.126802 -0.335766 0.008096
v -3.046252 -0.338389 -0.188876
v -3.025505 -0.117508 -0.187879
v -2.824276 -0.341328 -0.333708
v -2.806748 -0.127746 -0.332739
v -2.015636 -8.624827 -0.375360
v -1.920907 -8.591599 -0.376910
v -1.964213 -8.678316 -0.370444
v -2.100062 -8.693394 -0.371318
v -1.955356 -8.733175 -0.365271
v -1.938650 -8.802166 -0.357877
v -1.895728 -8.715726 -0.366203
v -2.167624 -8.780798 -0.365310
v -2.208535 -8.865523 -0.358465
v -2.312075 -0.907999 -0.321747
v -2.604988 -0.903226 -0.390934
v -2.605101 -0.903421 -0.369380
v -2.897333 -0.890642 -0.317679
v -2.297408 -0.908695 -0.340810
v -2.911790 -0.888978 -0.336680
v -2.096795 -0.905268 -0.187556
v -3.110524 -0.876055 -0.180515
v -2.070421 -0.906280 -0.199096
v -3.136734 -0.872892 -0.191849
v -2.017049 -0.903035 -0.002804
v -3.187615 -0.869221 0.005326
v -1.985924 -0.904133 -0.003022
v -3.218530 -0.865441 0.005558
v -2.067757 -0.908625 0.194139
v -3.134068 -0.875240 0.201737
v -2.094285 -0.907478 0.182971
v -3.108015 -0.878265 0.190012
v -2.292804 -0.912749 0.338876
v -2.907184 -0.893033 0.343305
v -2.307727 -0.911826 0.320024
v -2.892986 -0.894470 0.324091
v -2.599677 -0.907903 0.393224
v -2.600080 -0.907841 0.371673
v -3.592900 -4.517144 -0.013642
v -3.485565 -4.843253 0.147772
v -3.510078 -4.508743 0.149933
v -3.595161 -4.004553 -0.010570
v -3.512321 -3.995928 0.153007
v -3.487788 -4.841296 -0.180374
v -2.937473 0.363396 0.011025
v -2.872641 0.356925 0.174634
v -3.512301 -4.506786 -0.178213
v -2.803062 1.130606 0.178777
v -3.514544 -3.993971 -0.175139
v -3.265942 -4.827029 -0.301911
v -3.289845 -4.480479 -0.299682
v -3.188890 -5.906272 -0.308869
v -3.292131 -3.967325 -0.296606
v -2.874864 0.358882 -0.153512
v -2.701522 0.344688 -0.274890
v -2.805285 1.132563 -0.149369
v -2.637053 1.118874 -0.270710
v -2.866027 1.136867 0.015154
v -2.773151 1.658337 -0.146451
v -2.833231 1.657518 0.018037
v -2.770928 1.656380 0.181695
v -2.606786 1.658617 -0.267696
v -2.835533 2.920387 0.025585
v -2.773504 2.925202 0.189279
v -2.775727 2.927159 -0.138866
v -2.610112 2.943704 -0.260009
v -2.956596 4.572115 0.036255
v -2.888006 4.573853 0.199888
v -2.890229 4.575810 -0.128258
v -2.706688 4.583949 -0.249572
v -3.026813 6.516419 0.048327
v -2.956034 6.517972 0.211943
v -2.958257 6.519928 -0.116203
v -2.768739 6.527560 -0.237561
v -2.835038 8.258790 -0.226787
v -3.104455 8.260746 0.059256
v -3.030637 8.258789 0.222830
v -3.032860 8.260746 -0.105315
v -2.866632 8.493052 -0.225175
v -3.156038 8.498332 0.061022
v -3.076821 8.495481 0.224555
v -3.079044 8.497438 -0.103591
v -2.897340 10.084842 -0.215474
v -3.193504 10.090697 0.070773
v -3.112519 10.087697 0.234293
v -3.114742 10.089654 -0.093853
v -3.079995 10.212554 0.221696
v -3.082040 10.214355 -0.080210
v -2.879990 10.210265 -0.193574
v -3.154288 10.215169 0.071249
v -1.134583 -9.295123 -0.219060
v -1.227042 -9.435699 0.163556
v -1.132409 -9.297037 0.101863
v -1.109536 -9.196349 -0.058166
v -1.193108 -9.279467 0.189245
v -1.129542 -9.187745 -0.229302
v -1.127221 -9.189788 0.113316
v -1.187856 -9.176628 0.205076
v -1.137802 -9.073613 0.124903
v -1.120460 -9.076819 -0.057379
v -1.137997 -9.028956 -0.056975
v -1.140270 -9.071441 -0.239358
v -1.191414 -9.173496 -0.320070
v -1.196459 -9.276517 -0.305396
v -1.157375 -9.024874 -0.242912
v -1.200806 -9.061945 -0.334642
v -1.216287 -9.017325 -0.339705
v -1.186919 -8.944299 -0.248744
v -1.243083 -8.940100 -0.348291
v -1.168316 -8.946125 -0.056276
v -2.798471 -8.940112 -0.377226
v -2.431024 -8.768114 -0.374161
v -2.784894 -9.002188 -0.373700
v -2.304166 -8.716040 -0.374151
v -2.320168 -8.904836 -0.359037
v -2.747405 -9.165369 -0.361399
v -2.396924 -8.942224 -0.359037
v -2.721504 -9.251548 -0.353047
v -2.301177 -9.046037 -0.343413
v -2.683744 -9.366559 -0.340379
v -2.331619 -9.066423 -0.342895
v -2.644039 -9.445844 -0.329629
v -1.386491 -8.869805 0.208717
v -1.342729 -8.924480 0.236907
v -1.386255 -8.870013 0.243624
v -1.342961 -8.924276 0.202618
v -1.309369 -8.991097 0.228209
v -1.309595 -8.990897 0.194742
v -1.302104 -9.023060 0.223747
v -1.302328 -9.022863 0.190712
v -1.295189 -9.053482 0.219445
v -1.295410 -9.053288 0.186828
v -1.292735 -9.146106 0.205461
v -1.292947 -9.145920 0.174224
v -1.307796 -9.215111 0.194173
v -1.308000 -9.214931 0.164069
v -1.390291 -8.866460 -0.352266
v -1.346683 -8.921000 -0.346790
v -1.390055 -8.866668 -0.317360
v -1.346451 -8.921204 -0.312501
v -1.313213 -8.987713 -0.339340
v -1.312986 -8.987912 -0.305873
v -1.305891 -9.019726 -0.335358
v -1.305667 -9.019923 -0.302323
v -1.298921 -9.050196 -0.331513
v -1.298700 -9.050390 -0.298896
v -1.296286 -9.142980 -0.318669
v -1.296074 -9.143167 -0.287432
v -1.311198 -9.212116 -0.308002
v -1.310994 -9.212296 -0.277898
v -2.894397 1.148707 0.014877
v -2.830979 0.963630 0.186295
v -2.816086 1.175908 0.187460
v -2.910753 0.937426 0.013727
v -2.833322 0.965693 -0.159581
v -2.818429 1.177971 -0.158415
v -2.622162 1.046694 -0.287137
v -2.611599 1.261473 -0.285928
v -1.558041 -9.382567 0.161818
v -1.302104 -9.023060 0.223747
v -1.510314 -9.433475 0.153902
v -1.309369 -8.991097 0.228209
v -1.569514 -9.440163 0.152409
v -1.239120 -8.943589 0.236777
v -1.561031 -9.492946 0.143971
v -1.342729 -8.924480 0.236907
v -1.496239 -9.451591 0.151178
v -1.286818 -8.824961 0.251065
v -1.538628 -9.521277 0.139637
v -1.477477 -9.490931 0.145238
v -1.437257 -9.447493 0.153002
v -1.386255 -8.870013 0.243624
v -1.471731 -8.839938 0.246809
v -1.335324 -8.731079 0.261326
v -1.391087 -8.618993 0.272228
v -1.633673 -8.731989 0.260559
v -1.653875 -8.648156 0.269872
v -1.636323 -8.853282 0.245228
v -1.419372 -8.551445 0.277845
v -1.495863 -8.902357 0.238157
v -1.666886 -8.594181 0.275138
v -1.502893 -8.953828 0.230719
v -1.663968 -8.931868 0.234452
v -1.421690 -8.458017 0.284018
v -1.694246 -8.541233 0.279826
v -1.725730 -8.602312 0.275028
v -1.726373 -8.479279 0.284471
v -1.686858 -8.857382 0.245208
v -1.782417 -8.865140 0.245789
v -1.725399 -8.729829 0.261821
v -1.842518 -8.669108 0.270433
v -1.755246 -8.659412 0.269918
v -1.769088 -8.626758 0.273337
v -1.817948 -8.540113 0.281420
v -1.910036 -8.564178 0.281113
v -1.857389 -8.488425 0.285483
v -1.988574 -8.497586 0.286986
v -1.883740 -8.453895 0.287769
v -1.938849 -8.374198 0.291525
v -2.071745 -8.392926 0.292464
v -1.965147 -8.302864 0.292859
v -2.097639 -8.309771 0.293715
v -1.973220 -8.226846 0.293367
v -2.080129 -8.204637 0.294224
v -1.948231 -8.131426 0.293767
v -2.014972 -8.055546 0.294672
v -1.910567 -8.060228 0.293937
v -1.944374 -7.953551 0.294802
v -1.867773 -8.001323 0.293998
v -1.864341 -7.894693 0.294611
v -1.795105 -7.984985 0.293603
v -1.770907 -7.898876 0.293953
v -1.684240 -7.960635 0.292997
v -1.739587 -8.015961 0.293042
v -1.634223 -8.034286 0.292219
v -1.714371 -8.069031 0.292555
v -1.628548 -8.072881 0.291951
v -1.639237 -8.159541 0.291506
v -1.748605 -8.122117 0.292470
v -1.709008 -8.208014 0.291690
v -1.800739 -8.205853 0.292324
v -1.808517 -8.120779 0.292884
v -1.848016 -8.166199 0.292881
v -1.866689 -8.098958 0.293408
v -1.823834 -8.064120 0.293326
v -1.846468 -8.063104 0.293485
v -1.831353 -8.036305 0.293543
v -2.785975 -2.561353 0.406684
v -3.079288 -2.320171 0.336009
v -2.788374 -2.560913 0.385205
v -2.499381 -2.729451 0.329640
v -3.090937 -2.317710 0.355975
v -2.483474 -2.731738 0.348040
v -3.304082 -2.148869 0.194841
v -2.277921 -2.797415 0.184022
v -3.328449 -2.143554 0.207854
v -2.251268 -2.800532 0.194859
v -3.377728 -2.087522 -0.000610
v -2.197382 -2.821415 -0.012982
v -3.408184 -2.081009 -0.000364
v -2.166411 -2.824697 -0.013211
v -3.331282 -2.141060 -0.210375
v -2.254077 -2.798059 -0.219810
v -3.306741 -2.146528 -0.197757
v -2.280581 -2.795074 -0.208576
v -3.095812 -2.313418 -0.363766
v -2.488331 -2.727461 -0.369000
v -3.083894 -2.316116 -0.343991
v -2.503987 -2.725396 -0.350360
v -2.791585 -2.556414 -0.421504
v -2.793693 -2.556231 -0.399991
v -2.330551 -1.133273 -0.328220
v -2.644085 -1.211875 -0.398550
v -2.645678 -1.211826 -0.377018
v -2.958980 -1.277489 -0.324823
v -2.314855 -1.135165 -0.346852
v -2.972083 -1.274925 -0.344242
v -2.098408 -1.067305 -0.191527
v -3.186871 -1.316759 -0.185642
v -2.071739 -1.070250 -0.202576
v -3.212292 -1.311536 -0.197453
v -2.012221 -1.040656 -0.003616
v -3.269144 -1.329408 0.003176
v -1.981255 -1.043986 -0.003845
v -3.299628 -1.323025 0.003421
v -2.069041 -1.072626 0.195765
v -3.209578 -1.313926 0.203216
v -2.095857 -1.069552 0.185115
v -3.184319 -1.319006 0.191000
v -2.310185 -1.139277 0.342537
v -2.967400 -1.279049 0.347164
v -2.326132 -1.137163 0.324143
v -2.954561 -1.281379 0.327540
v -2.638691 -1.216624 0.397772
v -2.640575 -1.216318 0.376266
v -2.450446 -8.566067 0.293051
v -2.259006 -8.516478 0.291133
v -2.466603 -8.382732 0.295780
v -2.181820 -8.314157 0.294260
v -2.299737 -8.719939 0.279679
v -2.472613 -8.184978 0.297000
v -2.058866 -8.053574 0.294981
v -2.812781 -8.642667 0.296575
v -2.815308 -8.534251 0.297238
v -2.809101 -8.814262 0.293256
v -2.828674 -8.448706 0.297839
v -2.898734 -8.377542 0.298738
v -2.935109 -8.186837 0.300122
v -2.793973 -8.944072 0.286777
v -2.458548 -8.092990 0.297453
v -2.897086 -7.995958 0.301002
v -2.417416 -7.823967 0.298779
v -1.964900 -7.880190 0.295378
v -2.417416 -7.823967 0.298779
v -1.907735 -7.649944 0.296364
v -2.426588 -8.772020 0.280786
v -2.780450 -9.006100 0.282327
v -2.315958 -8.908543 0.262533
v -2.743144 -9.169121 0.267575
v -2.392710 -8.945934 0.263127
v -2.717366 -9.255191 0.257846
v -2.297191 -9.049546 0.244970
v -2.679790 -9.370040 0.243296
v -2.327639 -9.069927 0.244621
v -2.640240 -9.449187 0.231064
v -2.573936 -9.554111 0.212330
v -2.273342 -9.106081 0.236100
v -2.503430 -9.646322 0.193702
v -2.421395 -9.738648 0.173315
v -2.190869 -9.258389 0.208931
v -2.354564 -9.790092 0.159206
v -2.128397 -9.338642 0.192319
v -2.249400 -9.853321 0.139320
v -2.039903 -9.410388 0.174839
v -1.939628 -9.541104 0.148225
v -2.122590 -9.909569 0.118792
v -1.964029 -9.433128 0.166157
v -2.077715 -9.927787 0.111788
v -1.949814 -9.944175 0.092043
v -1.812859 -9.942590 0.075585
v -1.679014 -9.950130 0.064222
v -1.764227 -9.996020 0.060421
v -1.676591 -10.003488 0.050093
v -1.743733 -10.029556 0.049544
v -1.730041 -10.051969 0.040682
v -1.671665 -10.063120 0.029589
v -1.719864 -10.132419 0.014910
v -1.658120 -10.104836 0.014777
v -1.634981 -10.144254 0.002537
v -1.708519 -10.181771 0.001633
v -1.630942 -10.186264 -0.006907
v -1.691505 -10.209791 -0.005899
v -1.648682 -10.230540 -0.014005
v -1.682534 -10.224563 -0.009645
v -2.650030 -0.989985 0.430271
v -2.866095 -0.841262 0.356493
v -2.880838 -0.836796 0.375292
v -3.081405 -0.704416 0.209315
v -2.646810 -0.990416 0.408821
v -3.107614 -0.697166 0.219938
v -2.341001 -1.167206 0.350992
v -3.164926 -0.653399 0.006030
v -2.328124 -1.169242 0.370516
v -3.195354 -0.646757 0.006276
v -2.113439 -1.291480 0.199257
v -3.110480 -0.693699 -0.208854
v -2.088017 -1.294845 0.211390
v -3.084170 -0.701981 -0.198962
v -2.029401 -1.334302 -0.005723
v -2.884907 -0.830379 -0.369280
v -1.998485 -1.338069 -0.005955
v -2.870885 -0.837044 -0.350665
v -2.090950 -1.292263 -0.221535
v -2.654125 -0.983953 -0.429214
v -2.116205 -1.289046 -0.209020
v -2.652341 -0.985546 -0.407734
v -2.333179 -1.164790 -0.375884
v -2.345791 -1.162989 -0.356165
v -2.724450 1.339658 0.339802
v -2.613380 1.529890 0.363351
v -2.856961 1.429455 0.217618
v -2.803870 1.660519 0.217425
v -2.417727 1.385331 0.415645
v -2.446257 1.167673 0.414740
v -2.144607 1.217832 0.359718
v -2.167082 1.004039 0.357263
v -2.629835 -7.960896 0.242901
v -2.718212 -6.847676 0.294706
v -3.040197 -6.923933 0.252466
v -2.802067 -8.023499 0.123829
v -3.276398 -6.979255 0.133617
v -2.395372 -7.874663 0.285702
v -3.414515 -5.939724 0.140752
v -2.161504 -7.787905 0.240761
v -2.396655 -6.770874 0.249019
v -3.185040 -5.909661 0.259496
v -3.485565 -4.843253 0.147772
v -3.262092 -4.830419 0.266454
v -2.872101 -5.867940 0.301592
v -2.559422 -5.825652 0.255759
v -2.957661 -4.812332 0.308467
v -1.517954 -8.235757 0.251516
v -1.498103 -8.250317 0.290009
v -1.517692 -8.235988 0.290227
v -1.498365 -8.250086 0.251298
v -1.484760 -8.277828 0.289754
v -1.485022 -8.277597 0.251043
v -1.488923 -8.312608 0.289440
v -1.489185 -8.312376 0.250689
v -1.496622 -8.349945 0.288710
v -1.496884 -8.349714 0.249959
v -1.522034 -8.232164 -0.350808
v -1.522296 -8.231934 -0.389520
v -1.502708 -8.246263 -0.389738
v -1.502445 -8.246493 -0.351026
v -1.489365 -8.273774 -0.389992
v -1.489102 -8.274005 -0.351281
v -1.493526 -8.308556 -0.390036
v -1.493263 -8.308786 -0.351285
v -1.501217 -8.345900 -0.389647
v -1.500955 -8.346130 -0.350896
v -3.016289 -1.021917 0.349899
v -2.880838 -0.836796 0.375292
v -3.173138 -0.926257 0.219965
v -3.107614 -0.697166 0.219938
v -2.650030 -0.989985 0.430271
v -2.688139 -1.206411 0.429367
v -2.328124 -1.169242 0.370516
v -2.357754 -1.382232 0.368482
v -1.465032 -8.282887 -0.050310
v -1.496884 -8.349714 0.249959
v -1.489185 -8.312376 0.250689
v -1.456464 -8.241309 -0.050120
v -1.485022 -8.277597 0.251043
v -1.451830 -8.202584 -0.049921
v -1.498365 -8.250086 0.251298
v -1.466686 -8.171950 -0.049638
v -1.488498 -8.155997 -0.049395
v -1.517954 -8.235757 0.251516
v -1.500955 -8.346130 -0.350896
v -1.465032 -8.282887 -0.050310
v -1.493263 -8.308786 -0.351285
v -1.456464 -8.241309 -0.050120
v -1.489102 -8.274005 -0.351281
v -1.451830 -8.202584 -0.049921
v -1.502445 -8.246493 -0.351026
v -1.466686 -8.171950 -0.049638
v -1.488498 -8.155997 -0.049395
v -1.522034 -8.232164 -0.350808
v -3.077173 -0.387872 0.217293
v -2.885781 -0.607405 0.367607
v -2.848956 -0.413115 0.368709
v -3.117517 -0.581519 0.216074
v -2.571102 -0.650647 0.421270
v -2.539980 -0.455886 0.422221
v -2.232634 -0.508090 0.363979
v -2.257911 -0.703787 0.362814
v -3.080628 -0.614949 0.214435
v -2.897521 -0.856960 0.363512
v -2.859853 -0.646060 0.364736
v -3.122163 -0.832842 0.213217
v -2.590978 -0.882357 0.417002
v -2.558908 -0.679214 0.417998
v -2.284237 -0.900623 0.359348
v -2.258042 -0.702319 0.360138
v -3.279991 -5.067661 0.299167
v -3.519857 -4.996532 0.169232
v -3.479358 -5.214519 0.166174
v -3.270927 -4.816089 0.302236
v -2.955704 -4.854086 0.347565
v -2.938634 -4.607836 0.348916
v -2.630547 -4.640380 0.298913
v -2.622510 -4.414943 0.298645
v -2.814024 -2.483554 0.379989
v -3.132059 -2.551004 0.311286
v -2.812407 -2.483806 0.358457
v -2.492157 -2.402663 0.307836
v -3.147426 -2.548136 0.329992
v -2.479490 -2.404418 0.327440
v -3.365797 -2.589696 0.178945
v -2.257592 -2.334360 0.172961
v -3.391981 -2.584382 0.190130
v -2.232282 -2.337320 0.185255
v -3.451973 -2.599942 -0.003163
v -2.172365 -2.305525 -0.010075
v -3.482456 -2.593559 -0.002918
v -2.141399 -2.308855 -0.010304
v -3.394603 -2.582072 -0.197051
v -2.234925 -2.334993 -0.204940
v -3.368271 -2.587518 -0.186285
v -2.260066 -2.332181 -0.192269
v -3.151962 -2.544142 -0.339771
v -2.484042 -2.400411 -0.344553
v -3.136344 -2.547231 -0.321310
v -2.496442 -2.398890 -0.324760
v -2.819264 -2.478941 -0.393505
v -2.817355 -2.479450 -0.372002
v -1.517145 -8.357247 0.288622
v -1.496622 -8.349945 0.288710
v -1.403488 -8.365260 0.287829
v -1.488923 -8.312608 0.289440
v -1.538738 -8.334609 0.289331
v -1.407189 -8.273786 0.289253
v -1.484760 -8.277828 0.289754
v -1.447925 -8.203924 0.289946
v -1.498103 -8.250317 0.290009
v -1.517692 -8.235988 0.290227
v -1.512280 -8.166571 0.290604
v -1.614625 -8.201023 0.291092
v -1.539875 -8.252195 0.290281
v -1.545767 -8.281009 0.290149
v -1.729129 -8.268209 0.291467
v -1.754185 -8.291871 0.291485
v -1.545065 -8.313269 0.289783
v -1.752228 -8.429423 0.287483
v -1.814788 -8.349092 0.291005
v -1.843204 -8.440455 0.287932
v -3.209578 -1.313926 0.203216
v -3.007878 -1.479695 0.345173
v -2.967400 -1.279049 0.347164
v -3.252318 -1.515942 0.201063
v -2.674208 -1.415171 0.396824
v -2.638691 -1.216624 0.397772
v -2.339335 -1.336076 0.342653
v -2.310185 -1.139277 0.342537
v -1.558221 -9.382408 0.135137
v -1.569514 -9.440163 0.152409
v -1.558041 -9.382567 0.161818
v -1.569688 -9.440009 0.126675
v -1.561031 -9.492946 0.143971
v -1.561199 -9.492797 0.119072
v -1.538628 -9.521277 0.139637
v -1.538794 -9.521132 0.115153
v -1.560995 -9.379967 -0.274260
v -1.572344 -9.437671 -0.265384
v -1.560814 -9.380125 -0.247579
v -1.572169 -9.437824 -0.239650
v -1.563751 -9.490550 -0.257692
v -1.563583 -9.490699 -0.232793
v -1.541295 -9.518929 -0.253999
v -1.541129 -9.519075 -0.229516
v -3.260751 -1.550562 0.203806
v -3.057637 -1.771219 0.345768
v -3.020657 -1.576964 0.348561
v -3.300896 -1.744204 0.201555
v -2.728619 -1.815680 0.396421
v -2.696826 -1.620991 0.399319
v -2.374577 -1.674409 0.343610
v -2.401033 -1.869995 0.340781
v -3.090937 -2.317710 0.355975
v -3.043484 -2.074934 0.355945
v -3.328449 -2.143554 0.207854
v -3.269753 -1.898563 0.207312
v -2.738017 -2.298647 0.407952
v -2.785975 -2.561353 0.406684
v -2.449991 -2.486254 0.350182
v -2.483474 -2.731738 0.348040
v -3.022842 -0.119852 0.205270
v -2.819675 -0.345380 0.345680
v -2.802144 -0.131801 0.347021
v -3.043591 -0.340732 0.203914
v -2.515509 -0.344135 0.396015
v -2.502820 -0.138771 0.397155
v -2.211762 -0.335750 0.341833
v -2.204365 -0.135727 0.342793
v -3.134068 -0.875240 0.201737
v -2.930264 -1.106097 0.342009
v -2.907184 -0.893033 0.343305
v -3.160657 -1.095515 0.200413
v -2.617542 -1.112885 0.392122
v -2.599677 -0.907903 0.393224
v -2.305103 -1.112531 0.337941
v -2.292804 -0.912749 0.338876
v -3.305373 -4.457102 0.289033
v -3.564340 -4.349369 0.163843
v -3.550364 -4.556088 0.164424
v -3.284616 -4.675321 0.288714
v -2.961833 -4.608901 0.332250
v -2.930982 -4.852735 0.330587
v -2.602391 -4.780932 0.283508
v -2.579251 -5.030814 0.280557
v -3.349185 -2.382377 0.192312
v -3.147426 -2.548136 0.329992
v -3.106962 -2.347486 0.331949
v -3.391981 -2.584382 0.190130
v -2.814024 -2.483554 0.379989
v -2.778610 -2.284992 0.380937
v -2.479490 -2.404418 0.327440
v -2.450356 -2.207619 0.327360
v -3.392939 -2.600904 0.196677
v -3.191532 -2.828730 0.339081
v -3.153924 -2.634444 0.340075
v -3.434559 -2.795491 0.195520
v -2.832065 -2.692819 0.390311
v -2.863447 -2.887226 0.389365
v -2.512450 -2.769065 0.335081
v -2.537629 -2.964522 0.333741
v -3.432911 -2.902367 0.195534
v -3.222842 -3.095563 0.337502
v -3.183994 -2.900585 0.338931
v -3.475322 -3.098264 0.193648
v -2.884710 -3.098599 0.388243
v -2.851269 -2.902964 0.389182
v -2.550277 -3.101984 0.333331
v -2.522851 -2.904528 0.333947
v -3.325001 -2.135443 0.192826
v -3.106103 -2.289673 0.329612
v -3.077199 -2.088591 0.331594
v -3.356132 -2.339461 0.190548
v -2.760787 -2.203248 0.379190
v -2.741870 -2.003040 0.380261
v -2.416641 -2.082023 0.327277
v -2.412488 -1.882820 0.327385
v -3.471634 -3.129234 0.197162
v -3.260386 -3.366251 0.341709
v -3.227875 -3.150935 0.342963
v -3.507928 -3.345096 0.195818
v -2.925290 -3.408336 0.392903
v -2.896181 -3.159492 0.394190
v -2.574585 -3.216263 0.338282
v -2.591456 -3.469171 0.336470
v -3.347397 -4.365009 0.298438
v -3.578504 -4.227376 0.171834
v -3.572971 -4.548379 0.167498
v -3.296346 -4.001921 0.302214
v -2.986825 -4.102453 0.346105
v -2.927057 -3.746816 0.347815
v -2.627215 -3.840311 0.298570
v -2.582741 -3.515391 0.298266
v -3.306868 -3.804746 0.328971
v -3.297434 -3.500701 0.329214
v -3.567059 -3.622231 0.189721
v -3.517561 -3.344548 0.189187
v -2.949473 -3.748894 0.377675
v -2.951921 -4.100563 0.375595
v -2.589373 -4.053042 0.322824
v -2.601338 -4.417820 0.319013
v -2.471207 -8.378678 -0.383967
v -2.186424 -8.310103 -0.385487
v -2.263577 -8.512453 -0.383728
v -2.477217 -8.180924 -0.382747
v -2.063471 -8.049520 -0.384766
v -2.455030 -8.562031 -0.383644
v -2.833278 -8.444652 -0.381908
v -2.819912 -8.530197 -0.382508
v -2.903338 -8.373487 -0.381009
v -2.817385 -8.638613 -0.383172
v -2.813675 -8.810236 -0.381951
v -2.939713 -8.182783 -0.379625
v -3.320657 -3.968099 0.296687
v -2.710701 0.342271 0.318262
v -2.900873 0.359246 0.189096
v -3.563832 -3.991630 0.167638
v -2.989442 -3.935540 0.342425
v -2.451657 0.319976 0.364161
v -2.658926 -3.902549 0.292596
v -2.193108 0.298246 0.314493
v -2.050657 1.282967 -0.289600
v -2.127833 1.489322 -0.287846
v -1.914726 1.347393 -0.163527
v -1.929036 1.584437 -0.162016
v -2.332074 1.381885 -0.333446
v -2.335482 1.162359 -0.334732
v -2.611599 1.261473 -0.285928
v -2.622162 1.046694 -0.287137
v -2.816086 1.175908 0.187460
v -2.618104 1.043120 0.311937
v -2.607541 1.257900 0.313146
v -2.830979 0.963630 0.186295
v -2.330796 1.158234 0.357020
v -2.327388 1.377759 0.358306
v -2.046598 1.279394 0.309475
v -2.123775 1.485749 0.311228
v -2.459336 0.320782 0.335705
v -2.678628 -3.900743 0.268047
v -2.221455 0.300786 0.290008
v -2.170957 1.076170 0.294290
v -2.983133 -3.935922 0.313866
v -2.675770 -4.413962 0.264967
v -2.401854 1.095580 0.339936
v -2.697672 0.341298 0.293475
v -2.980628 -4.449193 0.310788
v -2.653850 -4.793831 0.262553
v -3.288281 -3.970715 0.271759
v -3.285995 -4.483869 0.268683
v -2.872641 0.356925 0.174634
v -3.512321 -3.995928 0.153007
v -2.803062 1.130606 0.178777
v -3.510078 -4.508743 0.149933
v -2.633203 1.115484 0.297655
v -2.770928 1.656380 0.181695
v -2.602936 1.655227 0.300669
v -2.773504 2.925202 0.189279
v -2.374268 1.654368 0.343082
v -2.146195 1.654034 0.297568
v -2.606262 2.940314 0.308356
v -2.888006 4.573853 0.199888
v -2.378618 2.961675 0.350908
v -2.151569 2.983561 0.305534
v -2.702838 4.580559 0.318793
v -2.956034 6.517972 0.211943
v -2.450706 4.590436 0.361110
v -2.199171 4.600837 0.315502
v -2.764889 6.524170 0.330804
v -2.504592 6.533353 0.373063
v -2.244891 6.543062 0.327395
v -2.288503 8.248102 0.337859
v -2.559547 8.251490 0.383682
v -2.281391 8.475819 0.339169
v -2.831188 8.255401 0.341579
v -3.030637 8.258789 0.222830
v -2.571583 8.482460 0.385141
v -2.297312 10.066354 0.348763
v -2.862782 8.489663 0.343190
v -3.076821 8.495481 0.224555
v -2.595103 10.073642 0.394790
v -2.316595 10.194006 0.328385
v -2.596223 10.200316 0.371730
v -2.893490 10.081452 0.352891
v -3.112519 10.087697 0.234293
v -3.079995 10.212554 0.221696
v -2.876428 10.207128 0.332256
v -2.830150 10.300082 0.274388
v -2.598888 10.295588 0.307229
v -1.988574 -8.497586 0.286986
v -1.917039 -8.548706 0.171926
v -1.910036 -8.564178 0.281113
v -1.843054 -8.658282 0.164122
v -1.846016 -8.649357 -0.049915
v -1.922181 -8.536588 -0.048727
v -1.776752 -8.862681 0.145938
v -1.782417 -8.865140 0.245789
v -2.005908 -8.476316 -0.271745
v -1.920030 -8.546073 -0.269557
v -1.845955 -8.655728 -0.264064
v -1.914508 -8.560241 -0.379007
v -1.846859 -8.665286 -0.370494
v -1.786446 -8.861592 -0.349006
v -1.779429 -8.860325 -0.249219
v -1.777682 -8.859763 -0.051633
v -1.759801 -8.971842 -0.239405
v -1.757560 -8.974443 -0.052453
v -1.768785 -8.968667 -0.334971
v -1.830948 -8.935572 -0.051724
v -1.832246 -8.934429 -0.243264
v -1.894304 -8.868384 -0.050894
v -1.892775 -8.868699 -0.249433
v -1.948366 -8.795534 -0.050094
v -1.835203 -8.932981 -0.340482
v -1.890584 -8.870043 -0.349248
v -1.945363 -8.797857 -0.255462
v -1.938650 -8.802166 -0.357877
v -1.900580 -8.703174 -0.049866
v -1.898964 -8.708058 -0.261302
v -1.895728 -8.715726 -0.366203
v -1.955356 -8.733175 -0.365271
v -1.963819 -8.725976 -0.260519
v -1.967315 -8.721608 -0.049524
v -1.977430 -8.662837 -0.049105
v -1.973679 -8.668832 -0.264021
v -1.926866 -8.578724 -0.268418
v -1.920907 -8.591599 -0.376910
v -1.964213 -8.678316 -0.370444
v -1.929229 -8.570157 -0.048879
v -1.923892 -8.581342 0.170490
v -2.011210 -8.628724 0.278067
v -1.916466 -8.595509 0.278730
v -2.026927 -8.615531 0.170190
v -2.035232 -8.605345 -0.048371
v -2.118632 -8.686533 0.167706
v -2.095688 -8.697245 0.274351
v -2.121558 -8.683957 -0.264251
v -2.129565 -8.678417 -0.048168
v -2.191921 -8.777200 0.163496
v -2.029889 -8.612923 -0.267130
v -2.100062 -8.693394 -0.371318
v -2.015636 -8.624827 -0.375360
v -2.194791 -8.774673 -0.260130
v -2.204942 -8.771729 -0.048214
v -2.236205 -8.865178 0.158421
v -2.204340 -8.869218 0.260918
v -2.250473 -8.862279 -0.048445
v -2.197209 -8.890764 -0.048976
v -2.103812 -8.967141 -0.050064
v -2.184459 -8.892844 0.154281
v -2.187214 -8.890419 -0.252397
v -2.239009 -8.862710 -0.255506
v -2.208535 -8.865523 -0.358465
v -2.161062 -8.891956 -0.354003
v -2.096379 -8.964705 -0.244497
v -2.077883 -8.963000 -0.342838
v -2.024416 -9.043516 -0.235991
v -2.029834 -9.048171 -0.051048
v -1.929525 -9.169713 -0.221962
v -1.932308 -9.177916 -0.052483
v -1.894453 -9.284716 -0.209742
v -1.893472 -9.269691 -0.294031
v -1.891915 -9.333073 -0.284615
v -2.093746 -8.967024 0.144266
v -2.021911 -9.045722 0.133846
v -2.073919 -8.966491 0.242360
v -2.008258 -9.041792 0.228625
v -1.921804 -9.162434 0.206309
v -1.927228 -9.171735 0.117029
v -1.890211 -9.272563 0.187405
v -1.892334 -9.286581 0.102964
v -1.888787 -9.335827 0.177214
v -1.896313 -9.296153 -0.053432
v -1.890508 -9.352511 0.095369
v -1.913234 -9.403574 0.167734
v -1.916847 -9.423031 0.088362
v -1.894381 -9.364016 -0.053850
v -1.921426 -9.436584 -0.054099
v -1.964029 -9.433128 0.166157
v -1.972071 -9.453671 0.087218
v -1.978220 -9.468089 -0.053902
v -1.892529 -9.350732 -0.202959
v -1.918776 -9.421332 -0.196438
v -1.916237 -9.400930 -0.275614
v -1.967009 -9.430505 -0.273702
v -1.973982 -9.451989 -0.194912
v -2.042991 -9.407669 -0.281083
v -2.056857 -9.427970 -0.199992
v -1.943444 -8.370152 -0.386760
v -2.076341 -8.388879 -0.386123
v -1.969751 -8.298810 -0.386887
v -2.102243 -8.305717 -0.386031
v -1.977824 -8.222792 -0.386379
v -2.084733 -8.200583 -0.385523
v -1.952835 -8.127372 -0.385980
v -2.019577 -8.051492 -0.385075
v -1.915172 -8.056174 -0.385810
v -1.948978 -7.949497 -0.384945
v -1.872378 -7.997269 -0.385749
v -1.868946 -7.890639 -0.385136
v -1.799709 -7.980931 -0.386143
v -1.775511 -7.894822 -0.385794
v -1.688844 -7.956581 -0.386749
v -1.744191 -8.011907 -0.386704
v -1.638828 -8.030232 -0.387527
v -1.718975 -8.064977 -0.387192
v -1.633153 -8.068827 -0.387796
v -1.643842 -8.155487 -0.388240
v -1.753210 -8.118063 -0.387276
v -1.713613 -8.203959 -0.388057
v -1.805343 -8.201798 -0.387423
v -1.813122 -8.116725 -0.386862
v -1.852620 -8.162145 -0.386866
v -1.871293 -8.094904 -0.386338
v -1.828438 -8.060066 -0.386421
v -1.851072 -8.059050 -0.386261
v -1.835958 -8.032251 -0.386204
v -2.123775 1.485749 0.311228
v -1.912384 1.345330 0.182349
v -1.926693 1.582375 0.183860
v -2.046598 1.279394 0.309475
v -1.864637 1.370415 0.009223
v -1.852397 1.617881 0.010616
v -1.929036 1.584437 -0.162016
v -1.914726 1.347393 -0.163527
v -2.422020 -7.819912 -0.380968
v -1.969504 -7.876136 -0.384368
v -2.463153 -8.088936 -0.382293
v -1.912340 -7.645890 -0.383382
v -2.901690 -7.991904 -0.378744
v -2.422020 -7.819912 -0.380968
v -2.076855 9.934273 0.229093
v -2.294628 9.939303 0.350440
v -2.187164 10.141898 0.301682
v -2.079115 9.936262 -0.104514
v -2.190380 10.144730 -0.173121
v -2.298512 9.942722 -0.222831
v -2.090950 -1.292263 -0.221535
v -2.362797 -1.377792 -0.375990
v -2.333179 -1.164790 -0.375884
v -2.116429 -1.503508 -0.221362
v -2.692830 -1.200693 -0.430272
v -2.654125 -0.983953 -0.429214
v -3.019784 -1.015930 -0.369262
v -2.884907 -0.830379 -0.369280
v -2.229028 -2.566216 -0.219320
v -2.488331 -2.727461 -0.369000
v -2.454860 -2.481967 -0.368667
v -2.254077 -2.798059 -0.219810
v -2.791585 -2.556414 -0.421504
v -2.743628 -2.293707 -0.420288
v -3.095812 -2.313418 -0.363766
v -3.048343 -2.070655 -0.361484
v -1.945080 1.103490 -0.194003
v -2.171799 1.008192 -0.339032
v -2.149342 1.222001 -0.339241
v -1.965023 0.891665 -0.193733
v -2.450564 1.173001 -0.390732
v -2.421233 1.391031 -0.389593
v -2.727490 1.345218 -0.333609
v -2.617263 1.535873 -0.332907
v -1.988651 -0.123457 -0.194764
v -1.991855 -0.324477 -0.196137
v -2.208968 -0.131674 -0.336656
v -2.216367 -0.331696 -0.337983
v -2.508132 -0.134095 -0.387003
v -2.520821 -0.339459 -0.388141
v -2.806748 -0.127746 -0.332739
v -2.824276 -0.341328 -0.333708
v -2.638486 -4.414704 0.280200
v -2.414666 -4.472583 0.151672
v -2.641882 -4.640084 0.278879
v -2.416201 -4.254293 0.152984
v -2.332455 -4.407238 -0.021525
v -2.335496 -4.189207 -0.020204
v -2.418545 -4.252229 -0.193047
v -2.417010 -4.470520 -0.194359
v -2.011062 -0.550053 -0.210558
v -2.262825 -0.699460 -0.362640
v -2.237551 -0.503761 -0.361813
v -2.032717 -0.749327 -0.211244
v -2.576776 -0.645653 -0.416209
v -2.545653 -0.450891 -0.415259
v -2.853872 -0.408787 -0.357061
v -2.890695 -0.603079 -0.357777
v -2.040687 -0.709032 -0.208679
v -2.062706 -0.908701 -0.209929
v -2.262914 -0.698030 -0.359091
v -2.289112 -0.896331 -0.360311
v -2.564534 -0.674260 -0.412589
v -2.596604 -0.877404 -0.413583
v -2.864727 -0.641769 -0.354865
v -2.902392 -0.852671 -0.355646
v -2.605927 -4.413780 -0.358490
v -2.325736 -4.316935 -0.219783
v -2.391029 -4.631891 -0.219162
v -2.593985 -4.048981 -0.358113
v -2.957219 -4.095899 -0.406530
v -2.954772 -3.744230 -0.404449
v -3.311478 -3.800687 -0.351577
v -3.302024 -3.496660 -0.348322
v -2.070421 -0.906280 -0.199096
v -2.078449 -1.107168 -0.200429
v -2.297408 -0.908695 -0.340810
v -2.309709 -1.108475 -0.342091
v -2.604988 -0.903226 -0.390934
v -2.622854 -1.108208 -0.392035
v -2.911790 -0.888978 -0.336680
v -2.934868 -1.102044 -0.337612
v -2.314855 -1.135165 -0.346852
v -2.071739 -1.070250 -0.202576
v -2.094939 -1.266547 -0.204992
v -2.344020 -1.331951 -0.348920
v -2.644085 -1.211875 -0.398550
v -2.679602 -1.410421 -0.399489
v -2.972083 -1.274925 -0.344242
v -3.012547 -1.475584 -0.344097
v -2.155415 -1.715292 -0.208905
v -2.405432 -1.865489 -0.352493
v -2.379028 -1.669902 -0.353359
v -2.163864 -1.915668 -0.208454
v -2.734035 -1.810912 -0.403127
v -2.702268 -1.616199 -0.404132
v -3.025378 -1.572808 -0.348471
v -3.062333 -1.767084 -0.347494
v -2.280933 -2.834952 -0.213011
v -2.542306 -2.960403 -0.356746
v -2.517132 -2.764943 -0.356096
v -2.302238 -3.031231 -0.213341
v -2.868841 -2.882477 -0.407025
v -2.837460 -2.688069 -0.406078
v -3.196210 -2.824610 -0.351608
v -3.158603 -2.630324 -0.350793
v -2.285866 -2.899595 -0.212785
v -2.307966 -3.093424 -0.214143
v -2.527528 -2.900411 -0.356436
v -2.554959 -3.097862 -0.357805
v -2.856664 -2.898214 -0.407195
v -2.890105 -3.093850 -0.408136
v -3.188678 -2.896462 -0.352416
v -3.227518 -3.091446 -0.352787
v -3.324679 9.974840 0.070970
v -3.172114 8.715163 0.259966
v -3.227434 9.970277 0.267826
v -3.258032 8.506993 0.061765
v -3.232338 8.505810 0.114850
v -2.964451 9.960170 0.410594
v -3.185973 8.480165 0.186521
v -2.905290 8.492961 0.401443
v -2.606224 9.947229 0.461022
v -2.997217 8.496403 0.350451
v -3.128896 8.413318 0.238544
v -3.076400 8.323176 0.256979
v -2.855111 8.316609 0.400052
v -3.025303 8.203324 0.255919
v -2.555024 8.480694 0.451929
v -2.248754 9.934920 0.405596
v -2.205973 8.469103 0.396564
v -2.254405 8.301126 0.395890
v -2.554187 8.308534 0.450896
v -2.277970 8.187616 0.395373
v -2.824049 8.198461 0.399137
v -2.955458 6.534113 0.245490
v -2.550457 8.192704 0.450180
v -2.765305 6.537949 0.388835
v -2.900054 5.725463 0.250894
v -2.506860 6.544065 0.440052
v -2.249498 6.550829 0.385418
v -2.677703 5.723413 0.388344
v -2.745342 5.333066 0.342618
v -2.431273 5.726235 0.434731
v -2.203048 5.731123 0.383173
v -2.271963 5.387882 0.396665
v -2.605846 5.382673 0.393335
v -2.534355 4.993079 0.369359
v -2.409451 5.384996 0.418087
v -2.475877 5.023115 0.393968
v -2.470891 4.936783 0.373069
v -2.385393 5.037316 0.402242
v -2.322006 5.027754 0.388929
v -2.398954 4.919303 0.370576
v -2.329487 4.943288 0.363624
v -2.903792 9.955334 0.351527
v -3.118657 9.961227 0.232146
v -3.032198 10.165122 0.299293
v -3.324679 9.974840 0.070970
v -3.174790 8.717519 -0.135085
v -3.258032 8.506993 0.061765
v -3.233059 8.506445 0.008325
v -3.230110 9.972632 -0.127225
v -3.187672 8.481661 -0.064267
v -2.969086 9.964251 -0.273653
v -3.001153 8.499868 -0.230535
v -3.131310 8.415443 -0.117852
v -3.079076 8.325532 -0.138071
v -2.909925 8.497042 -0.282804
v -2.611576 9.951941 -0.329080
v -2.859746 8.320690 -0.284196
v -2.560376 8.485406 -0.338173
v -2.253388 9.939001 -0.278652
v -2.210608 8.473184 -0.287684
v -2.259040 8.305207 -0.288357
v -3.027979 8.205680 -0.139132
v -2.559539 8.313246 -0.339205
v -2.282605 8.191697 -0.288875
v -2.828684 8.202541 -0.285111
v -2.958134 6.536469 -0.149560
v -2.555809 8.197416 -0.339921
v -2.769940 6.542030 -0.295412
v -2.902874 5.727945 -0.165358
v -2.512212 6.548778 -0.350049
v -2.254133 6.554910 -0.298829
v -2.682405 5.727553 -0.305822
v -2.749450 5.336683 -0.263843
v -2.436626 5.730948 -0.355506
v -2.207723 5.735240 -0.306990
v -2.276843 5.392178 -0.323641
v -2.610651 5.386903 -0.315850
v -2.538872 4.997056 -0.297493
v -2.414608 5.389537 -0.343231
v -2.480731 5.027388 -0.322531
v -2.475468 4.940814 -0.302734
v -2.390366 5.041694 -0.331861
v -2.326805 5.031979 -0.319522
v -2.403506 4.923311 -0.301424
v -2.333949 4.947217 -0.295128
v -2.907632 9.958715 -0.215475
v -3.035303 10.167855 -0.159008
v -3.120860 9.963167 -0.093132
v -2.454893 -2.203623 -0.342520
v -2.211661 -2.138703 -0.202492
v -2.234925 -2.334993 -0.204940
v -2.484042 -2.400411 -0.344553
v -2.783850 -2.280379 -0.392565
v -2.819264 -2.478941 -0.393505
v -3.111513 -2.343479 -0.339883
v -3.151962 -2.544142 -0.339771
v -2.631478 -3.836557 -0.330812
v -2.586978 -3.511661 -0.327235
v -2.366016 -3.633111 -0.200439
v -2.330893 -3.317856 -0.195511
v -2.931953 -3.742506 -0.374872
v -2.991720 -4.098143 -0.376595
v -3.300610 -3.998167 -0.327318
v -3.351634 -4.361279 -0.327182
v -2.421170 -2.078035 -0.341396
v -2.417003 -1.878844 -0.339185
v -2.171613 -1.961399 -0.202478
v -2.180207 -1.763780 -0.199598
v -2.747082 -1.998452 -0.389024
v -2.765998 -2.198660 -0.390085
v -3.081728 -2.084604 -0.336843
v -3.110617 -2.285699 -0.336868
v -2.335841 -3.293246 -0.218659
v -2.596206 -3.464989 -0.364765
v -2.579341 -3.212076 -0.363788
v -2.349833 -3.524122 -0.219235
v -2.930769 -3.403512 -0.415940
v -2.901660 -3.154668 -0.414653
v -3.232629 -3.146750 -0.358839
v -3.265136 -3.362067 -0.359714
v -2.225028 -4.393783 -0.022172
v -2.391029 -4.631891 -0.219162
v -2.325736 -4.316935 -0.219783
v -2.292353 -4.696873 -0.023524
v -2.388365 -4.634237 0.174194
v -2.323044 -4.319305 0.177688
v -2.601338 -4.417820 0.319013
v -2.589373 -4.053042 0.322824
v -2.985074 -4.445279 -0.345503
v -2.962106 -4.808418 -0.347825
v -3.289845 -4.480479 -0.299682
v -3.265942 -4.827029 -0.301911
v -3.292131 -3.967325 -0.296606
v -2.876547 -5.864026 -0.354700
v -3.188890 -5.906272 -0.308869
v -2.722657 -6.843762 -0.361585
v -3.044047 -6.920545 -0.315899
v -2.633677 -7.957514 -0.324263
v -2.399808 -7.870757 -0.369204
v -2.165346 -7.784522 -0.326404
v -2.400505 -6.767484 -0.319346
v -1.993113 -7.721919 -0.207332
v -2.163980 -6.712075 -0.200498
v -2.563272 -5.822262 -0.312606
v -2.333148 -5.792024 -0.193865
v -2.657700 -4.790441 -0.305813
v -2.434280 -4.777855 -0.187131
v -2.679620 -4.410573 -0.303399
v -2.455364 -4.385628 -0.184649
v -2.987579 -3.932009 -0.342425
v -2.682478 -3.897353 -0.300318
v -2.458548 -3.872449 -0.181567
v -2.701522 0.344688 -0.274890
v -2.225305 0.304176 -0.278358
v -2.050047 0.288572 -0.159518
v -2.004662 1.064351 -0.155199
v -2.463781 0.324696 -0.320587
v -2.174807 1.079560 -0.274075
v -1.982053 1.656271 -0.151822
v -2.406299 1.099494 -0.316355
v -2.637053 1.118874 -0.270710
v -2.606786 1.658617 -0.267696
v -2.378713 1.658282 -0.313209
v -2.610112 2.943704 -0.260009
v -2.150045 1.657424 -0.270797
v -2.383063 2.965589 -0.305383
v -2.706688 4.583949 -0.249572
v -2.155419 2.986951 -0.262831
v -1.988177 3.002063 -0.143754
v -2.455152 4.594350 -0.295181
v -2.768739 6.527560 -0.237561
v -2.203021 4.604227 -0.252863
v -2.017853 4.610933 -0.133958
v -2.509037 6.537267 -0.283229
v -2.248741 6.546452 -0.240970
v -2.057595 6.552649 -0.122109
v -2.092904 8.248102 -0.111758
v -2.292353 8.251492 -0.230506
v -2.563993 8.255404 -0.272610
v -2.835038 8.258790 -0.226787
v -2.285241 8.479208 -0.229196
v -2.072024 8.473459 -0.110555
v -2.082132 10.063500 -0.101004
v -2.576028 8.486374 -0.271151
v -2.866632 8.493052 -0.225175
v -2.301162 10.069743 -0.219603
v -2.116626 10.191736 -0.086885
v -2.320157 10.197142 -0.197445
v -2.599548 10.077556 -0.261502
v -2.897340 10.084842 -0.215474
v -2.879990 10.210265 -0.193574
v -2.600346 10.203946 -0.236919
v -2.371018 10.293988 -0.138414
v -2.602130 10.298442 -0.171256
v -2.663110 -3.898865 -0.325152
v -2.456489 0.324230 -0.349152
v -2.197293 0.301930 -0.303254
v -2.420051 -3.875642 -0.196104
v -2.006807 0.284977 -0.174089
v -2.994274 -3.931286 -0.370889
v -2.714886 0.345956 -0.299485
v -3.324841 -3.964415 -0.321060
v -2.334527 -4.932338 -0.202906
v -2.583370 -5.027186 -0.327652
v -2.606529 -4.777289 -0.327307
v -2.364770 -5.154001 -0.202665
v -2.935733 -4.848552 -0.370785
v -2.966585 -4.604718 -0.369121
v -3.288754 -4.671679 -0.322011
v -3.309495 -4.453474 -0.319447
v -2.634879 -4.636566 -0.340652
v -2.626821 -4.411147 -0.337804
v -2.392658 -4.470366 -0.207882
v -2.391754 -4.251993 -0.204131
v -2.943613 -4.603453 -0.386086
v -2.960683 -4.849702 -0.387441
v -3.275259 -4.812274 -0.337396
v -3.284301 -5.063866 -0.337205
v -2.392942 -1.668194 -0.334057
v -2.702268 -1.616199 -0.404132
v -2.702117 -1.615997 -0.382578
v -3.011513 -1.575204 -0.329298
v -2.379028 -1.669902 -0.353359
v -3.025378 -1.572808 -0.348471
v -2.181005 -1.713076 -0.196617
v -3.237943 -1.553262 -0.188465
v -2.155415 -1.715292 -0.208905
v -3.263488 -1.548153 -0.200172
v -2.082846 -1.734411 -0.007275
v -3.319983 -1.547317 0.002221
v -2.051852 -1.737434 -0.007743
v -3.350478 -1.540987 0.002465
v -2.138125 -1.719877 0.195279
v -3.260751 -1.550562 0.203806
v -2.163922 -1.716576 0.183520
v -3.235368 -1.555529 0.191694
v -2.374577 -1.674409 0.343610
v -3.020657 -1.576964 0.348561
v -2.388482 -1.672121 0.324444
v -3.007053 -1.579131 0.329175
v -2.696826 -1.620991 0.399319
v -2.696966 -1.620531 0.377769
v -0.704218 8.572464 0.224480
v -1.047696 8.488649 0.226307
v -0.717403 8.377833 0.223409
v -1.047904 8.320394 0.225305
v -0.719853 8.200551 0.222368
v -1.425944 8.391462 0.228290
v -0.358373 8.160521 0.219681
v -0.357155 7.936919 0.218339
v -0.339355 8.415780 0.221074
v 0.022286 7.803963 0.214976
v -0.046850 7.494943 0.213601
v 0.085760 8.157280 0.216653
v -0.321262 8.691039 0.222594
v 0.138932 8.514580 0.218424
v 0.340931 7.336169 0.210028
v 0.112346 6.966193 0.209369
v 0.510200 7.763065 0.211427
v 0.662327 8.273093 0.213438
v 0.504783 6.831257 0.205906
v 0.142533 6.389277 0.205724
v 0.823374 7.339801 0.206781
v 1.070186 7.849844 0.208151
v 0.532200 6.304380 0.202578
v 0.057944 5.801082 0.202789
v 0.992752 6.926034 0.203166
v 1.328174 7.530686 0.204500
v 0.444474 5.808432 0.200215
v -0.263137 5.121954 0.200914
v 1.046880 6.544567 0.200525
v 1.445357 7.190124 0.201675
v 0.295943 5.273957 0.198033
v -0.760363 4.434394 0.200182
v 1.046172 6.092194 0.197831
v 1.500729 6.757137 0.198718
v 0.354406 4.755700 0.194547
v -0.515997 4.012506 0.196010
v 0.509419 4.231946 0.190373
v -0.271631 3.590619 0.191839
v 1.205703 4.954117 0.189963
v 1.066357 5.514982 0.194252
v 1.735747 5.650459 0.190526
v 1.571942 6.200454 0.194916
v 2.179584 6.406653 0.192029
v 1.938008 6.857164 0.196352
v 2.538847 7.185891 0.194243
v 1.790681 7.340871 0.200235
v 2.217370 7.508932 0.198347
v 2.755384 7.871112 0.196863
v 1.681893 7.729183 0.203288
v 1.998799 7.890596 0.202104
v 2.399421 8.107171 0.200682
v 2.890862 8.528612 0.199866
v 1.521659 8.027366 0.206152
v 1.837213 8.200166 0.205045
v 2.132980 8.381849 0.204125
v 2.490792 8.641743 0.203251
v 2.916543 9.086246 0.203018
v 1.211661 8.295115 0.209848
v 1.633443 8.422905 0.207754
v 1.934201 8.609306 0.206828
v 2.198286 8.815155 0.206267
v 2.524175 9.124441 0.205904
v 2.850892 9.646169 0.206802
v 2.513584 9.571465 0.208642
v 2.214709 9.209992 0.208510
v 2.169928 9.581387 0.211029
v 1.983647 8.965993 0.208620
v 2.003726 9.285021 0.210387
v 2.001322 9.584435 0.212189
v 1.702074 8.762779 0.209316
v 1.749327 9.082870 0.210905
v 1.786683 9.359751 0.212303
v 1.833584 9.597701 0.213404
v 1.498186 9.625146 0.215840
v 1.277501 8.654113 0.211544
v 1.312326 8.956699 0.213112
v 1.352333 9.219223 0.214407
v 1.405156 9.441897 0.215377
v 0.720785 9.697929 0.221540
v 0.718757 8.634100 0.215209
v 0.739814 8.888636 0.216584
v 0.158080 8.811132 0.220063
v 0.753782 9.164348 0.218134
v 0.157080 9.041838 0.221445
v -0.313350 8.928266 0.223955
v -0.694761 8.788507 0.225705
v 0.757954 9.357079 0.219255
v 0.154585 9.243824 0.222667
v 0.753033 9.547595 0.220425
v 0.151069 9.419725 0.223740
v -0.312579 9.119074 0.225087
v 0.135960 9.584574 0.224825
v 0.077313 9.752572 0.226225
v -0.312587 9.289521 0.226104
v -0.309573 9.455544 0.227074
v -0.306602 9.620117 0.228035
v -0.307319 9.785234 0.229025
v -0.676630 9.653271 0.230739
v -0.691951 9.817898 0.231825
v -0.676255 9.489131 0.229758
v -0.680123 9.326313 0.228813
v -0.685305 9.162283 0.227870
v -1.007589 9.682088 0.233153
v -0.984520 9.844576 0.233966
v -1.340861 9.872919 0.236549
v -1.018245 9.519302 0.232255
v -1.404287 9.712890 0.236024
v -2.057587 9.917511 0.241670
v -2.052063 9.754153 0.240658
v -2.046540 9.590797 0.239646
v -1.424123 9.550537 0.235190
v -2.041017 9.427442 0.238635
v -1.431352 9.387480 0.234267
v -2.035493 9.264085 0.237623
v -1.025145 9.356510 0.231330
v -1.436935 9.223062 0.233324
v -2.029970 9.100729 0.236611
v -1.032425 9.192538 0.230402
v -1.445300 9.058304 0.232398
v -2.024446 8.937371 0.235600
v -1.040936 9.024244 0.229456
v -1.449250 8.895408 0.231453
v -2.018923 8.774015 0.234588
v -0.689901 8.987162 0.226857
v -1.047293 8.849272 0.228455
v -1.444896 8.733925 0.230461
v -2.013400 8.610661 0.233576
v -1.049335 8.669340 0.227396
v -1.431607 8.564645 0.229361
v -2.007876 8.447302 0.232565
v -0.706651 8.574606 -0.134740
v -1.050129 8.490791 -0.132913
v -1.051769 8.671482 -0.131825
v -1.428377 8.393604 -0.130931
v -1.050337 8.322536 -0.133915
v -0.719836 8.379975 -0.135812
v -0.722287 8.202693 -0.136852
v -1.434040 8.566787 -0.129860
v -2.010310 8.449444 -0.126656
v -2.015833 8.612803 -0.125644
v -1.447329 8.736067 -0.128760
v -2.021356 8.776157 -0.124633
v -0.360807 8.162663 -0.139540
v -0.359588 7.939061 -0.140881
v -0.341788 8.417922 -0.138146
v 0.019853 7.806105 -0.144245
v -0.049283 7.497085 -0.145619
v 0.083327 8.159422 -0.142567
v -0.323696 8.693181 -0.136627
v 0.338498 7.338311 -0.149193
v 0.109912 6.968335 -0.149851
v 0.507767 7.765207 -0.147794
v 0.136498 8.516722 -0.140797
v 0.659894 8.275235 -0.145782
v 0.502350 6.833399 -0.153314
v 0.140100 6.391419 -0.153496
v 0.820941 7.341943 -0.152439
v 1.067753 7.851985 -0.151069
v 0.529767 6.306522 -0.156642
v 0.055511 5.803225 -0.156431
v 0.990318 6.928176 -0.156054
v 1.325741 7.532828 -0.154720
v 0.442041 5.810575 -0.159005
v -0.265570 5.124096 -0.158306
v 1.044446 6.546710 -0.158696
v 1.442924 7.192266 -0.157545
v 0.293510 5.276100 -0.161187
v -0.762796 4.436537 -0.159039
v 1.043739 6.094336 -0.161389
v 1.498295 6.759279 -0.160502
v 0.351972 4.757842 -0.164674
v -0.518430 4.014648 -0.163210
v 0.506985 4.234088 -0.168847
v -0.274064 3.592761 -0.167381
v 1.203269 4.956260 -0.169257
v 1.063923 5.517125 -0.164968
v 1.733313 5.652601 -0.168695
v 1.569509 6.202596 -0.164305
v 2.177151 6.408796 -0.167191
v 1.935575 6.859306 -0.162868
v 2.536414 7.188033 -0.164978
v 1.788248 7.343013 -0.158985
v 2.214936 7.511074 -0.160873
v 2.752951 7.873254 -0.162358
v 2.396987 8.109313 -0.158539
v 2.888428 8.530754 -0.159354
v 1.996366 7.892738 -0.157117
v 1.679460 7.731325 -0.155933
v 2.488359 8.643885 -0.155970
v 2.914110 9.088387 -0.156203
v 2.130547 8.383991 -0.155096
v 1.834780 8.202308 -0.154176
v 1.519225 8.029508 -0.153069
v 2.521742 9.126583 -0.153317
v 2.848459 9.648311 -0.152419
v 2.511150 9.573607 -0.150579
v 2.195853 8.817297 -0.152954
v 2.212276 9.212134 -0.150710
v 2.167495 9.583529 -0.148192
v 1.931768 8.611448 -0.152393
v 1.981214 8.968135 -0.150600
v 2.001293 9.287163 -0.148834
v 1.998889 9.586577 -0.147032
v 1.631010 8.425047 -0.151467
v 1.699641 8.764921 -0.149905
v 1.784250 9.361893 -0.146918
v 1.831151 9.599843 -0.145817
v 1.746894 9.085011 -0.148316
v 1.495752 9.627288 -0.143381
v 1.402722 9.444039 -0.143844
v 0.718351 9.700071 -0.137681
v 1.349900 9.221365 -0.144814
v 1.309893 8.958841 -0.146108
v 1.275068 8.656255 -0.147677
v 0.751349 9.166490 -0.141087
v 0.737381 8.890778 -0.142636
v 1.209227 8.297257 -0.149372
v 0.716324 8.636242 -0.144012
v 0.155647 8.813274 -0.139158
v 0.154647 9.043980 -0.137775
v -0.315784 8.930408 -0.135266
v -0.697195 8.790648 -0.133516
v -1.049726 8.851414 -0.130765
v -0.692334 8.989304 -0.132364
v -0.315012 9.121216 -0.134133
v 0.152152 9.245966 -0.136554
v -1.451684 8.897550 -0.127767
v -2.026880 8.939513 -0.123621
v -1.043370 9.026386 -0.129765
v -1.447733 9.060446 -0.126823
v -2.032403 9.102871 -0.122609
v -0.687738 9.164425 -0.131351
v -1.034858 9.194680 -0.128819
v -1.439369 9.225204 -0.125897
v -2.037927 9.266227 -0.121598
v -0.315020 9.291663 -0.133117
v -0.682557 9.328455 -0.130408
v -1.027579 9.358652 -0.127890
v -1.433786 9.389622 -0.124954
v -2.043450 9.429584 -0.120586
v -1.020678 9.521444 -0.126966
v -1.426556 9.552679 -0.124031
v -2.048974 9.592939 -0.119574
v -1.406720 9.715032 -0.123197
v -2.054497 9.756295 -0.118563
v -2.060020 9.919653 -0.117551
v -1.343294 9.875061 -0.122672
v -1.010022 9.684230 -0.126068
v -0.986953 9.846718 -0.125255
v -0.694384 9.820040 -0.127396
v -0.679064 9.655413 -0.128481
v -0.309752 9.787376 -0.130196
v -0.678689 9.491273 -0.129463
v -0.309035 9.622259 -0.131186
v 0.074879 9.754714 -0.132996
v -0.312006 9.457685 -0.132147
v 0.133527 9.586716 -0.134395
v 0.148636 9.421867 -0.135481
v 0.750600 9.549737 -0.138796
v 0.755520 9.359221 -0.139965
v -4.286334 9.150319 0.250309
v -3.969780 9.004516 0.247295
v -4.042472 9.287211 0.249473
v -4.678964 9.284084 0.253766
v -4.554274 8.936661 0.250850
v -4.369645 9.435265 0.252572
v -4.748473 9.633138 0.256319
v -4.168603 8.862970 0.247798
v -4.377890 8.633466 0.247846
v -4.035224 8.598189 0.245315
v -4.187551 8.395196 0.245136
v -3.887346 8.358415 0.242883
v -3.979162 8.244157 0.242824
v -3.790038 8.449000 0.242764
v -3.892179 8.722285 0.245086
v -3.657557 8.515444 0.242263
v -3.729694 8.780296 0.244331
v -3.522038 8.571911 0.241682
v -3.778811 9.056625 0.246312
v -3.557961 8.802782 0.243302
v -3.586850 9.061048 0.245038
v -3.379871 8.807220 0.242122
v -3.371349 8.578589 0.240701
v -3.102428 8.810953 0.240265
v -3.116587 8.566713 0.238904
v -3.100704 9.044795 0.241648
v -3.391024 9.057978 0.243693
v -3.094845 9.330870 0.243314
v -3.403480 9.316329 0.245318
v -3.090920 9.522529 0.244431
v -3.615697 9.328732 0.246830
v -3.413815 9.539843 0.246722
v -3.086974 9.715218 0.245553
v -3.824405 9.332701 0.248267
v -3.638500 9.559414 0.248360
v -3.419823 9.724174 0.247862
v -3.084194 9.850912 0.246344
v -3.861346 9.570899 0.249938
v -3.652764 9.747362 0.249578
v -3.422013 9.863445 0.248707
v -3.082649 9.925650 0.246779
v -3.422283 9.956774 0.249265
v -3.659265 9.887135 0.250455
v -3.661120 9.979588 0.251019
v -3.886650 9.764157 0.251262
v -3.900111 9.907150 0.252206
v -3.905838 10.002492 0.252814
v -4.101508 9.538881 0.251374
v -4.138762 9.750652 0.252889
v -4.156504 9.913029 0.253978
v -4.150768 10.025973 0.254613
v -4.426146 9.696297 0.254512
v -4.466640 9.918685 0.256113
v -4.523854 10.099588 0.257579
v -4.777605 9.946276 0.258384
v -4.769103 10.207996 0.259887
v -4.288742 9.152439 -0.105147
v -3.972188 9.006636 -0.108161
v -4.171011 8.865090 -0.107658
v -4.556682 8.938781 -0.104606
v -4.681372 9.286204 -0.101689
v -4.380298 8.635586 -0.107609
v -4.372053 9.437385 -0.102883
v -4.750881 9.635258 -0.099137
v -4.044880 9.289331 -0.105982
v -4.037632 8.600309 -0.110141
v -4.189958 8.397316 -0.110319
v -3.889754 8.360535 -0.112572
v -3.981569 8.246277 -0.112632
v -3.792446 8.451120 -0.112691
v -3.894587 8.724405 -0.110369
v -3.659965 8.517564 -0.113192
v -3.732102 8.782416 -0.111124
v -3.524446 8.574031 -0.113774
v -3.781219 9.058745 -0.109143
v -3.560369 8.804903 -0.112153
v -3.589258 9.063168 -0.110417
v -3.382279 8.809340 -0.113333
v -3.373757 8.580709 -0.114754
v -3.104836 8.813073 -0.115190
v -3.118995 8.568833 -0.116551
v -3.103112 9.046915 -0.113807
v -3.393432 9.060098 -0.111762
v -3.097253 9.332991 -0.112141
v -3.405888 9.318449 -0.110137
v -3.093328 9.524649 -0.111025
v -3.618105 9.330853 -0.108626
v -3.416224 9.541963 -0.108734
v -3.089381 9.717338 -0.109902
v -3.826813 9.334821 -0.107188
v -3.640907 9.561534 -0.107095
v -3.422231 9.726294 -0.107594
v -3.086602 9.853032 -0.109112
v -3.863753 9.573019 -0.105517
v -3.655172 9.749482 -0.105878
v -3.424421 9.865565 -0.106749
v -3.085056 9.927770 -0.108676
v -3.424691 9.958894 -0.106190
v -3.661672 9.889255 -0.105000
v -3.663528 9.981708 -0.104436
v -3.889057 9.766277 -0.104193
v -4.103916 9.541001 -0.104081
v -3.902519 9.909269 -0.103249
v -3.908247 10.004612 -0.102642
v -4.141169 9.752772 -0.102566
v -4.428554 9.698417 -0.100944
v -4.158912 9.915149 -0.101477
v -4.153176 10.028093 -0.100843
v -4.469048 9.920805 -0.099343
v -4.780013 9.948396 -0.097072
v -4.526262 10.101708 -0.097876
v -4.771511 10.210116 -0.095569
v -2.248754 9.934920 0.405596
v -1.956741 8.673979 0.251487
v -1.987808 9.926545 0.259168
v -1.893280 9.924341 0.060973
v -1.859350 8.459276 0.052006
v -1.885716 8.459848 0.108730
v -2.205973 8.469103 0.396564
v -1.929906 8.438467 0.179401
v -2.115479 8.466318 0.344516
v -1.984886 8.378624 0.231026
v -2.254405 8.301126 0.395890
v -2.035924 8.296357 0.249772
v -2.079446 8.184542 0.249399
v -2.277970 8.187616 0.395373
v -2.249498 6.550829 0.385418
v -2.062034 6.556422 0.239572
v -2.203048 5.731123 0.383173
v -2.066490 5.734569 0.266595
v -2.132729 5.395000 0.315279
v -2.271963 5.387882 0.396665
v -2.273067 5.005089 0.353209
v -2.322006 5.027754 0.388929
v -2.329487 4.943288 0.363624
v -2.253388 9.939001 -0.278652
v -1.959417 8.676334 -0.143563
v -2.210608 8.473184 -0.287684
v -1.990484 9.928901 -0.135883
v -1.893280 9.924341 0.060973
v -1.859350 8.459276 0.052006
v -1.886482 8.460523 -0.004345
v -1.931627 8.439982 -0.074662
v -2.119417 8.469786 -0.236903
v -1.987306 8.380754 -0.126247
v -2.259040 8.305207 -0.288357
v -2.038600 8.298713 -0.145279
v -2.082122 8.186897 -0.145651
v -2.282605 8.191697 -0.288875
v -2.254133 6.554910 -0.298829
v -2.064710 6.558778 -0.155479
v -2.207723 5.735240 -0.306990
v -2.069598 5.737305 -0.192240
v -2.136518 5.398336 -0.244069
v -2.276843 5.392178 -0.323641
v -2.277388 5.008894 -0.284742
v -2.326805 5.031979 -0.319522
v -2.333949 4.947217 -0.295128
v -2.049978 -0.492064 -0.000088
v -2.345860 -3.349344 -0.015125
v -2.115415 -0.487325 0.164470
v -2.117638 -0.485368 -0.163676
v -1.985065 0.282128 0.004089
v -2.050047 0.288572 -0.159518
v -2.047824 0.286615 0.168627
v -2.221455 0.300786 0.290008
v -2.427300 -3.357802 -0.178710
v -2.296290 -0.472473 0.285903
v -2.375769 -3.863991 -0.017991
v -2.458548 -3.872449 -0.181567
v -2.425078 -3.359759 0.149436
v -2.643749 -3.385783 0.270882
v -2.456325 -3.874407 0.146579
v -2.678628 -3.900743 0.268047
v -1.898587 1.064143 0.007627
v -1.992281 0.894367 -0.183371
v -1.918108 0.853131 0.006500
v -1.971150 1.106116 -0.182251
v -1.989699 0.892094 0.197837
v -1.968568 1.103842 0.198957
v -2.184197 1.006109 0.339378
v -2.158375 1.219592 0.340476
v -2.760787 -2.203248 0.379190
v -3.091055 -2.291563 0.310727
v -2.759227 -2.203457 0.357657
v -2.428851 -2.081909 0.307491
v -3.106103 -2.289673 0.329612
v -2.416641 -2.082023 0.327277
v -3.329902 -2.343215 0.179115
v -2.194018 -1.964737 0.173678
v -3.356132 -2.339461 0.190548
v -2.168979 -1.963718 0.186392
v -3.417161 -2.358387 -0.001958
v -2.111246 -1.913066 -0.008148
v -3.447965 -2.353796 -0.001722
v -2.080162 -1.911119 -0.008347
v -3.358744 -2.337161 -0.195033
v -2.171613 -1.961399 -0.202478
v -3.332362 -2.341049 -0.184003
v -2.196478 -1.962571 -0.189440
v -3.110617 -2.285699 -0.336868
v -2.421170 -2.078035 -0.341396
v -3.095315 -2.287812 -0.318212
v -2.433111 -2.078158 -0.321447
v -2.765998 -2.198660 -0.390085
v -2.764147 -2.199126 -0.368579
v -2.241180 -4.974818 -0.025528
v -2.364770 -5.154001 -0.202665
v -2.334527 -4.932338 -0.202906
v -2.273834 -5.188448 -0.026581
v -2.362374 -5.156111 0.151117
v -2.332112 -4.934464 0.153593
v -2.579251 -5.030814 0.280557
v -2.602391 -4.780932 0.283508
v -2.588065 -3.215138 0.318917
v -2.358619 -3.293726 0.176744
v -2.606131 -3.467985 0.317532
v -2.373298 -3.524528 0.175466
v -2.266932 -3.310467 -0.015427
v -2.289160 -3.549100 -0.016700
v -2.375891 -3.522244 -0.207402
v -2.361213 -3.291442 -0.206125
v -2.204365 -0.135727 0.342793
v -1.989192 -0.326822 0.197055
v -1.985990 -0.125800 0.198037
v -2.211762 -0.335750 0.341833
v -1.908371 -0.322351 -0.000078
v -1.906793 -0.119176 0.001124
v -1.988651 -0.123457 -0.194764
v -1.991855 -0.324477 -0.196137
v -2.465990 -2.205545 0.308835
v -2.257592 -2.334360 0.172961
v -2.492157 -2.402663 0.307836
v -2.235687 -2.137959 0.173984
v -2.172365 -2.305525 -0.010075
v -2.152013 -2.109097 -0.009041
v -2.238161 -2.135780 -0.191246
v -2.260066 -2.332181 -0.192269
v -2.599033 -3.513458 0.280008
v -2.387429 -3.632728 0.153437
v -2.637664 -3.838936 0.278328
v -2.355578 -3.317206 0.155103
v -2.296580 -3.551934 -0.016667
v -2.266253 -3.236550 -0.014991
v -2.357880 -3.315178 -0.184809
v -2.389731 -3.630701 -0.186475
v 2.995483 7.014855 0.010505
v 2.179584 6.406653 0.192029
v 2.604958 6.127965 0.007861
v 1.735747 5.650459 0.190526
v 2.538847 7.185891 0.194243
v 2.101225 5.263721 0.006119
v 2.755384 7.871112 0.196863
v 1.205703 4.954117 0.189963
v 3.244220 7.837646 0.013727
v 1.491739 4.472238 0.005527
v 2.890862 8.528612 0.199866
v 0.509419 4.231946 0.190373
v 3.362931 8.560740 0.017235
v 0.779191 3.740702 0.005991
v -0.271631 3.590619 0.191839
v -0.050681 3.101890 0.007803
v 2.916543 9.086246 0.203018
v 3.403623 9.209983 0.020832
v 2.850892 9.646169 0.206802
v 3.365470 9.889215 0.025141
v 2.995483 7.014855 0.010505
v 2.177151 6.408796 -0.167191
v 2.536414 7.188033 -0.164978
v 2.752951 7.873254 -0.162358
v 2.604958 6.127965 0.007861
v 3.244220 7.837646 0.013727
v 1.733313 5.652601 -0.168695
v 2.888428 8.530754 -0.159354
v 2.101225 5.263721 0.006119
v 3.362931 8.560740 0.017235
v 1.203269 4.956260 -0.169257
v 2.914110 9.088387 -0.156203
v 1.491739 4.472238 0.005527
v 3.403623 9.209983 0.020832
v 2.848459 9.648311 -0.152419
v 3.365470 9.889215 0.025141
v 0.506985 4.234088 -0.168847
v 0.779191 3.740702 0.005991
v -0.274064 3.592761 -0.167381
v -0.050681 3.101890 0.007803
v -2.326132 -1.137163 0.324143
v -2.117762 -1.265953 0.184092
v -2.352299 -1.334282 0.323145
v -2.095857 -1.069552 0.185115
v -2.032574 -1.237085 -0.004649
v -2.012221 -1.040656 -0.003616
v -2.098408 -1.067305 -0.191527
v -2.120314 -1.263707 -0.192550
v -2.388482 -1.672121 0.324444
v -2.163922 -1.716576 0.183520
v -2.415335 -1.867667 0.321759
v -2.187446 -1.915689 0.181479
v -2.082846 -1.734411 -0.007275
v -2.105266 -1.936132 -0.008326
v -2.190008 -1.913433 -0.196743
v -2.181005 -1.713076 -0.196617
v -2.526017 -2.767200 0.315776
v -2.303830 -2.834349 0.175998
v -2.552174 -2.962552 0.314788
v -2.325799 -3.030573 0.174977
v -2.223847 -2.862924 -0.013050
v -2.244254 -3.059348 -0.014083
v -2.328350 -3.028327 -0.201665
v -2.306382 -2.832103 -0.200644
v -2.537536 -2.902541 0.315046
v -2.331085 -3.092795 0.174642
v -2.563904 -3.100111 0.314047
v -2.309318 -2.898939 0.175650
v -2.247619 -3.098953 -0.014297
v -2.227400 -2.904738 -0.013275
v -2.311869 -2.896693 -0.200992
v -2.333636 -3.090549 -0.202000
v -2.273722 -0.700264 0.341631
v -2.086598 -0.908145 0.194992
v -2.299375 -0.898625 0.340622
v -2.064757 -0.708463 0.196035
v -2.009655 -0.910526 -0.002430
v -1.989074 -0.708572 -0.001365
v -2.067424 -0.706115 -0.197706
v -2.089265 -0.905797 -0.198749
v -2.427805 -1.882887 0.308671
v -2.194018 -1.964737 0.173678
v -2.428851 -2.081909 0.307491
v -2.204220 -1.767336 0.174925
v -2.111246 -1.913066 -0.008148
v -2.125737 -1.716095 -0.006875
v -2.206679 -1.765171 -0.188193
v -2.196478 -1.962571 -0.189440
v -2.029401 -1.334302 -0.005723
v -2.142867 -1.500185 -0.210099
v -2.054125 -1.544774 -0.006811
v -2.116205 -1.289046 -0.209020
v -2.140101 -1.502619 0.198179
v -2.113439 -1.291480 0.199257
v -2.373312 -1.379876 0.349943
v -2.341001 -1.167206 0.350992
v -2.432065 -1.879136 -0.320267
v -2.747082 -1.998452 -0.389024
v -2.748551 -1.998676 -0.367489
v -3.069218 -2.086288 -0.317187
v -2.417003 -1.878844 -0.339185
v -3.081728 -2.084604 -0.336843
v -2.206679 -1.765171 -0.188193
v -3.302436 -2.136818 -0.182987
v -2.180207 -1.763780 -0.199598
v -3.327630 -2.133128 -0.195299
v -2.125737 -1.716095 -0.006875
v -3.386177 -2.153996 -0.000949
v -2.094653 -1.714147 -0.007074
v -3.416981 -2.149406 -0.000713
v -2.177595 -1.766080 0.185985
v -3.325001 -2.135443 0.192826
v -2.204220 -1.767336 0.174925
v -3.299976 -2.138984 0.180131
v -2.412488 -1.882820 0.327385
v -3.077199 -2.088591 0.331594
v -2.427805 -1.882887 0.308671
v -3.064958 -2.090039 0.311752
v -2.741870 -2.003040 0.380261
v -2.743632 -2.003007 0.358747
v -2.247555 -0.506091 0.345168
v -2.034694 -0.549518 0.198075
v -2.273266 -0.701743 0.344175
v -2.056658 -0.748769 0.197036
v -1.957969 -0.566939 -0.001158
v -1.978655 -0.768806 -0.002222
v -2.059349 -0.746400 -0.200151
v -2.037385 -0.547149 -0.199112
v -2.463480 -2.484218 0.330859
v -2.252216 -2.565609 0.185230
v -2.499381 -2.729451 0.329640
v -2.277921 -2.797415 0.184022
v -2.174305 -2.592919 -0.011775
v -2.197382 -2.821415 -0.012982
v -2.280581 -2.795074 -0.208576
v -2.254875 -2.563268 -0.207368
v -2.292804 -0.912749 0.338876
v -2.075782 -1.109516 0.193185
v -2.067757 -0.908625 0.194139
v -2.305103 -1.112531 0.337941
v -1.992332 -1.107218 -0.004190
v -1.985924 -0.904133 -0.003022
v -2.070421 -0.906280 -0.199096
v -2.078449 -1.107168 -0.200429
v -2.675770 -4.413962 0.264967
v -2.432057 -4.779812 0.141014
v -2.453141 -4.387585 0.143496
v -2.653850 -4.793831 0.262553
v -2.678628 -3.900743 0.268047
v -2.330926 -5.793981 0.134281
v -2.559422 -5.825652 0.255759
v -2.351692 -4.773965 -0.023581
v -2.248080 -5.781552 -0.030293
v -2.161757 -6.714031 0.127648
v -2.396655 -6.770874 0.249019
v -1.990895 -7.723872 0.120121
v -2.161504 -7.787905 0.240761
v -1.929259 -7.699718 -0.043892
v -2.076580 -6.692451 -0.036887
v -2.163980 -6.712075 -0.200498
v -1.993113 -7.721919 -0.207332
v -2.333148 -5.792024 -0.193865
v -2.434280 -4.777855 -0.187131
v -2.455364 -4.385628 -0.184649
v -2.372457 -4.377184 -0.021074
v -2.458548 -3.872449 -0.181567
v -2.456325 -3.874406 0.146579
v -2.375769 -3.863991 -0.017991
v -2.221455 0.300786 0.290008
v -2.050047 0.288572 -0.159518
v -2.047824 0.286615 0.168627
v -1.985065 0.282128 0.004089
v -1.941554 1.058035 0.008422
v -2.004662 1.064351 -0.155199
v -2.002439 1.062394 0.172947
v -2.170957 1.076170 0.294290
v -1.982053 1.656271 -0.151822
v -1.979830 1.654314 0.176324
v -2.146195 1.654034 0.297568
v -2.151569 2.983561 0.305534
v -1.919750 1.655132 0.011835
v -1.988177 3.002063 -0.143754
v -1.985954 3.000105 0.184391
v -2.199171 4.600837 0.315502
v -1.926148 3.006878 0.019940
v -2.017853 4.610933 -0.133958
v -2.015630 4.608976 0.194188
v -2.244891 6.543062 0.327395
v -1.949263 4.612671 0.029674
v -2.057595 6.552649 -0.122109
v -2.055372 6.550692 0.206037
v -1.986817 6.554201 0.041507
v -2.092904 8.248102 -0.111758
v -2.090681 8.246145 0.216388
v -2.288503 8.248102 0.337859
v -2.281391 8.475819 0.339169
v -2.019086 8.246145 0.051817
v -2.072024 8.473459 -0.110555
v -2.069802 8.471502 0.217590
v -1.993218 8.470644 0.052980
v -2.082132 10.063500 -0.101004
v -2.079909 10.061543 0.227142
v -2.297312 10.066354 0.348763
v -2.001148 10.060499 0.062516
v -2.116626 10.191736 -0.086885
v -2.042353 10.189129 0.063562
v -2.114581 10.189936 0.215022
v -2.316595 10.194006 0.328385
v -2.307727 -0.911826 0.320024
v -2.102139 -1.108368 0.181826
v -2.319557 -1.111624 0.318912
v -2.094285 -0.907478 0.182971
v -2.023457 -1.106121 -0.003972
v -2.017049 -0.903035 -0.002804
v -2.096795 -0.905268 -0.187556
v -2.104649 -1.106158 -0.188701
v -2.292096 5.015934 -0.245880
v -2.175887 5.398987 -0.203008
v -2.305463 5.392457 -0.285313
v -2.340982 5.035763 -0.283249
v -2.343167 4.952547 -0.257741
v -2.396855 5.042652 -0.294461
v -2.405792 4.928714 -0.265645
v -2.470437 4.948062 -0.268569
v -2.424431 5.389904 -0.302669
v -2.446321 5.731203 -0.295943
v -2.478883 5.029913 -0.286346
v -2.527251 5.007639 -0.264660
v -2.704281 5.337261 -0.236596
v -2.601322 5.387908 -0.278972
v -2.668093 5.728621 -0.252974
v -1.331640 -9.023838 0.222867
v -1.353611 -9.002779 0.192288
v -1.353387 -9.002976 0.225449
v -1.331863 -9.023642 0.189942
v -1.326608 -9.070335 0.216026
v -1.326826 -9.070143 0.183771
v -1.342141 -9.114572 0.208826
v -1.342355 -9.114384 0.177296
v -1.335413 -9.020516 -0.334087
v -1.356966 -8.999825 -0.302964
v -1.335190 -9.020713 -0.301162
v -1.357191 -8.999627 -0.336126
v -1.330292 -9.067091 -0.327870
v -1.330074 -9.067284 -0.295615
v -1.345730 -9.111412 -0.320989
v -1.345516 -9.111600 -0.289458
v -2.728619 -1.815680 0.396421
v -3.043485 -1.773507 0.326575
v -2.728651 -1.815239 0.374870
v -2.415335 -1.867667 0.321759
v -3.057637 -1.771219 0.345768
v -2.401033 -1.869995 0.340781
v -3.275147 -1.749266 0.189839
v -2.187446 -1.915689 0.181479
v -3.300896 -1.744204 0.201555
v -2.161300 -1.919010 0.192861
v -3.360919 -1.740256 0.001348
v -2.105266 -1.936132 -0.008326
v -3.391414 -1.733926 0.001592
v -2.074272 -1.939154 -0.008798
v -3.303614 -1.741811 -0.199687
v -2.163864 -1.915668 -0.208454
v -3.277709 -1.747010 -0.188382
v -2.190008 -1.913433 -0.196743
v -3.062333 -1.767084 -0.347494
v -2.405432 -1.865489 -0.352493
v -3.047922 -1.769600 -0.328524
v -2.419773 -1.863760 -0.333341
v -2.734035 -1.810912 -0.403127
v -2.733775 -1.810727 -0.381573
v -2.374577 -1.674409 0.343610
v -2.401033 -1.869995 0.340781
v -2.138125 -1.719877 0.195279
v -2.161300 -1.919010 0.192861
v -2.051852 -1.737434 -0.007743
v -2.074272 -1.939154 -0.008798
v -2.163864 -1.915668 -0.208454
v -2.155415 -1.715292 -0.208905
v -2.232634 -0.508090 0.363979
v -2.257911 -0.703787 0.362814
v -2.008219 -0.552556 0.209129
v -2.029878 -0.751826 0.207731
v -1.926999 -0.570230 -0.001388
v -1.947685 -0.772098 -0.002451
v -2.032717 -0.749327 -0.211244
v -2.011062 -0.550053 -0.210558
v -2.449991 -2.486254 0.350182
v -2.483474 -2.731738 0.348040
v -2.226209 -2.568698 0.196795
v -2.251268 -2.800532 0.194859
v -2.143334 -2.596200 -0.012005
v -2.166411 -2.824697 -0.013211
v -2.254077 -2.798059 -0.219810
v -2.229028 -2.566216 -0.219320
v -1.998485 -1.338069 -0.005955
v -2.116429 -1.503508 -0.221362
v -2.090950 -1.292263 -0.221535
v -2.023209 -1.548541 -0.007042
v -2.113513 -1.506075 0.209042
v -2.088017 -1.294845 0.211390
v -2.357754 -1.382232 0.368482
v -2.328124 -1.169242 0.370516
v -2.310185 -1.139277 0.342537
v -2.092222 -1.268940 0.196154
v -2.069041 -1.072626 0.195765
v -2.339335 -1.336076 0.342653
v -2.001608 -1.240415 -0.004879
v -1.981255 -1.043986 -0.003845
v -2.071739 -1.070250 -0.202576
v -2.094939 -1.266547 -0.204992
v -2.512450 -2.769065 0.335081
v -2.537629 -2.964522 0.333741
v -2.278217 -2.837343 0.187985
v -2.299531 -3.033614 0.186263
v -2.192882 -2.866265 -0.013280
v -2.213289 -3.062689 -0.014313
v -2.302238 -3.031231 -0.213341
v -2.280933 -2.834952 -0.213011
v -2.522851 -2.904528 0.333947
v -2.305253 -3.095813 0.186400
v -2.283157 -2.901980 0.187055
v -2.550277 -3.101984 0.333331
v -2.216655 -3.102301 -0.014527
v -2.196436 -2.908087 -0.013505
v -2.285866 -2.899595 -0.212785
v -2.307966 -3.093424 -0.214143
v -2.258042 -0.702319 0.360138
v -2.059890 -0.911180 0.205776
v -2.037874 -0.711509 0.206609
v -2.284237 -0.900623 0.359348
v -1.978682 -0.913796 -0.002659
v -1.958101 -0.711843 -0.001594
v -2.040687 -0.709032 -0.208679
v -2.062706 -0.908701 -0.209929
v -2.412488 -1.882820 0.327385
v -2.168979 -1.963718 0.186392
v -2.177595 -1.766080 0.185985
v -2.416641 -2.082023 0.327277
v -2.080162 -1.911119 -0.008347
v -2.094653 -1.714147 -0.007074
v -2.180207 -1.763780 -0.199598
v -2.171613 -1.961399 -0.202478
v -1.552698 -9.562638 0.133121
v -1.576543 -9.550070 0.110959
v -1.576381 -9.550213 0.134950
v -1.552859 -9.562496 0.109295
v -1.603793 -9.523640 0.114719
v -1.603628 -9.523787 0.139104
v -1.613867 -9.500042 0.118122
v -1.613700 -9.500190 0.142876
v -1.614214 -9.442738 0.126391
v -1.614040 -9.442891 0.152059
v -1.605405 -9.370593 0.136942
v -1.605223 -9.370753 0.163787
v -1.577530 -9.303971 0.146752
v -1.577341 -9.304138 0.174706
v -1.555278 -9.560367 -0.247787
v -1.578820 -9.548065 -0.225156
v -1.555117 -9.560509 -0.223961
v -1.578983 -9.547922 -0.249147
v -1.606116 -9.521595 -0.228231
v -1.606281 -9.521450 -0.252616
v -1.616234 -9.497959 -0.231216
v -1.616401 -9.497811 -0.255969
v -1.616688 -9.440559 -0.238795
v -1.616861 -9.440407 -0.264463
v -1.608017 -9.368294 -0.248604
v -1.608199 -9.368134 -0.275448
v -1.580272 -9.301558 -0.257995
v -1.580461 -9.301391 -0.285949
v -2.450356 -2.207619 0.327360
v -2.232282 -2.337320 0.185255
v -2.209038 -2.141013 0.184834
v -2.479490 -2.404418 0.327440
v -2.141399 -2.308855 -0.010304
v -2.121046 -2.112427 -0.009271
v -2.211661 -2.138703 -0.202492
v -2.234925 -2.334993 -0.204940
v -2.363527 -3.635303 0.167048
v -2.582741 -3.515391 0.298266
v -2.627215 -3.840311 0.298570
v -2.328448 -3.320009 0.165405
v -2.265586 -3.554988 -0.016895
v -2.235258 -3.239603 -0.015219
v -2.330893 -3.317856 -0.195511
v -2.366016 -3.633111 -0.200439
v -3.008713 8.321324 0.221710
v -3.025303 8.203324 0.255919
v -3.076400 8.323176 0.256979
v -2.963795 8.201997 0.220694
v -2.955458 6.534113 0.245490
v -2.897364 6.535469 0.210305
v -2.900054 5.725463 0.250894
v -2.848633 5.726405 0.215752
v -3.027979 8.205680 -0.139132
v -3.010918 8.323266 -0.103747
v -3.079076 8.325532 -0.138071
v -2.966000 8.203938 -0.104762
v -2.958134 6.536469 -0.149560
v -2.899568 6.537410 -0.115152
v -2.902874 5.727945 -0.165358
v -2.850981 5.728472 -0.130907
v -2.219616 -0.135157 0.324059
v -2.015757 -0.326304 0.185905
v -2.226526 -0.335185 0.322913
v -2.012726 -0.125286 0.187083
v -1.939514 -0.321997 0.000136
v -1.937936 -0.118822 0.001337
v -2.015236 -0.123076 -0.183444
v -2.018266 -0.324094 -0.184622
v -1.936179 0.277977 0.003733
v -2.330200 -3.867860 -0.018323
v -2.006807 0.284977 -0.174089
v -2.420051 -3.875642 -0.196104
v -2.004391 0.282849 0.182567
v -2.417635 -3.877769 0.160553
v -2.193108 0.298246 0.314493
v -2.658926 -3.902549 0.292596
v -2.574585 -3.216263 0.338282
v -2.591456 -3.469171 0.336470
v -2.333080 -3.295676 0.188910
v -2.347082 -3.526544 0.186921
v -2.235883 -3.312908 -0.015652
v -2.258111 -3.551540 -0.016925
v -2.349833 -3.524122 -0.219235
v -2.335841 -3.293246 -0.218659
v -2.271989 -4.970260 -0.025292
v -2.390115 -5.151318 -0.190179
v -2.304643 -5.183890 -0.026345
v -2.358427 -4.930186 -0.189075
v -2.387885 -5.153281 0.139008
v -2.356197 -4.932149 0.140113
v -2.594028 -5.030542 0.261637
v -2.612898 -4.781010 0.263253
v -1.867584 1.061163 0.007399
v -1.965023 0.891665 -0.193733
v -1.945080 1.103490 -0.194003
v -1.887107 0.850151 0.006273
v -1.962303 0.889270 0.207797
v -1.942341 1.101078 0.210323
v -2.167082 1.004039 0.357263
v -2.144607 1.217832 0.359718
v -2.219734 8.471443 0.312649
v -2.309178 8.304139 0.341743
v -2.269694 8.472873 0.342482
v -2.569173 8.482220 0.391732
v -2.035764 8.443941 0.145089
v -2.084446 8.383556 0.196925
v -2.127672 8.300622 0.215708
v -2.162859 8.188097 0.215275
v -2.566390 8.309895 0.390685
v -2.327786 8.190205 0.341189
v -2.824707 8.316251 0.345289
v -2.869835 8.492174 0.346644
v -2.920878 8.493992 0.317229
v -3.055348 8.410967 0.203106
v -3.107570 8.477395 0.150706
v -3.008713 8.321324 0.221710
v -2.963795 8.201997 0.220694
v -2.796442 8.198339 0.344394
v -2.897364 6.535469 0.210305
v -2.561583 8.193974 0.389961
v -2.739253 6.539042 0.334111
v -2.848633 5.726405 0.215752
v -2.517412 6.544867 0.379827
v -2.664108 5.725113 0.335323
v -2.700546 5.333972 0.314770
v -2.296611 6.551270 0.331204
v -2.140887 6.556362 0.205395
v -2.441774 5.727200 0.375312
v -2.244700 5.731884 0.329726
v -2.106542 5.735819 0.206943
v -2.172650 5.396138 0.274766
v -2.301100 5.388617 0.358735
v -2.288299 5.012591 0.314636
v -2.336673 5.031969 0.352898
v -2.339210 4.949063 0.326432
v -2.392388 5.038719 0.364948
v -2.401724 4.925132 0.334899
v -2.466322 4.944439 0.338928
v -2.419822 5.385847 0.377669
v -2.474520 5.026072 0.357793
v -2.523179 5.004054 0.336500
v -2.597018 5.384120 0.356349
v 0.057944 5.801082 0.202789
v -0.264353 5.123025 0.021304
v -0.263137 5.121954 0.200914
v -0.761580 4.435465 0.020572
v -0.760363 4.434394 0.200182
v 0.056728 5.802153 0.023179
v 0.142533 6.389277 0.205724
v 0.141317 6.390347 0.026114
v 0.112346 6.966193 0.209369
v 0.111129 6.967264 0.029759
v -0.046850 7.494943 0.213601
v -0.048066 7.496014 0.033991
v 0.055511 5.803225 -0.156431
v -0.265570 5.124096 -0.158306
v 0.056728 5.802153 0.023179
v -0.264353 5.123025 0.021304
v -0.762796 4.436537 -0.159039
v -0.761580 4.435465 0.020572
v 0.141317 6.390347 0.026114
v 0.140100 6.391419 -0.153496
v 0.111129 6.967264 0.029759
v 0.109912 6.968335 -0.149851
v -0.048066 7.496014 0.033991
v -0.049283 7.497085 -0.145619
v -2.313074 8.307570 -0.233441
v -2.223231 8.474522 -0.203568
v -2.273591 8.476303 -0.232702
v -2.573709 8.486213 -0.277776
v -2.037010 8.445038 -0.038856
v -2.086395 8.385272 -0.090744
v -2.129878 8.302564 -0.109927
v -2.165065 8.190039 -0.110360
v -2.570925 8.313888 -0.278823
v -2.331682 8.193635 -0.233995
v -2.828603 8.319681 -0.229858
v -2.873731 8.495605 -0.228503
v -2.924371 8.497066 -0.198381
v -3.057290 8.412676 -0.083445
v -3.108791 8.478471 -0.029554
v -3.010918 8.323266 -0.103747
v -2.966000 8.203938 -0.104762
v -2.800338 8.201769 -0.230753
v -2.899568 6.537410 -0.115152
v -2.566118 8.197968 -0.279546
v -2.743149 6.542473 -0.241036
v -2.850981 5.728472 -0.130907
v -2.521947 6.548860 -0.289681
v -2.300507 6.554701 -0.243980
v -2.143093 6.558304 -0.120241
v -2.248647 5.735359 -0.252978
v -2.108838 5.737841 -0.132040
v -2.947855 -3.416508 -0.339620
v -3.247768 -3.451651 -0.293831
v -2.987579 -3.932009 -0.342425
v -3.292131 -3.967325 -0.296606
v -2.682478 -3.897353 -0.300318
v -2.795616 -0.426822 -0.278854
v -2.647599 -3.382393 -0.297483
v -2.458548 -3.872449 -0.181567
v -2.427300 -3.357802 -0.178710
v -2.548344 -0.447698 -0.324620
v -2.701522 0.344688 -0.274890
v -2.463781 0.324696 -0.320587
v -2.300140 -0.469083 -0.282462
v -2.117638 -0.485368 -0.163676
v -2.225305 0.304176 -0.278358
v -2.050047 0.288572 -0.159518
v -2.645942 -4.636510 -0.320464
v -2.417010 -4.470520 -0.194359
v -2.642546 -4.411130 -0.319143
v -2.418545 -4.252229 -0.193047
v -2.946198 -4.603494 -0.364597
v -2.957843 -4.849916 -0.365988
v -3.264055 -4.812021 -0.317324
v -3.268265 -5.062935 -0.318792
v -2.255455 -4.387141 -0.021926
v -2.416473 -4.627091 -0.207078
v -2.322782 -4.690230 -0.023278
v -2.349052 -4.312994 -0.205661
v -2.413969 -4.629295 0.162514
v -2.346549 -4.315198 0.163931
v -2.616910 -4.415940 0.300452
v -2.599557 -4.052066 0.302505
v -2.641652 -3.835425 -0.310416
v -2.389731 -3.630701 -0.186475
v -2.603022 -3.509947 -0.308737
v -2.357880 -3.315178 -0.184809
v -2.935081 -3.742196 -0.353416
v -2.988394 -4.098708 -0.355181
v -3.290438 -3.999220 -0.306998
v -3.335412 -4.362399 -0.308860
v -2.356718 -1.330391 -0.329218
v -2.120314 -1.263707 -0.192550
v -2.330551 -1.133273 -0.328220
v -2.098408 -1.067305 -0.191527
v -2.645678 -1.211826 -0.377018
v -2.677641 -1.410941 -0.377989
v -2.958980 -1.277489 -0.324823
v -2.996620 -1.478732 -0.325768
v -2.496442 -2.398890 -0.324760
v -2.260066 -2.332181 -0.192269
v -2.470275 -2.201772 -0.323762
v -2.238161 -2.135780 -0.191246
v -2.785392 -2.280334 -0.371031
v -2.817355 -2.479450 -0.372002
v -3.098705 -2.345988 -0.320365
v -3.136344 -2.547231 -0.321310
v -2.306382 -2.832103 -0.200644
v -2.556592 -2.958661 -0.337575
v -2.328350 -3.028327 -0.201665
v -2.530436 -2.763309 -0.336587
v -2.868891 -2.882677 -0.385471
v -2.837109 -2.688335 -0.384527
v -3.182092 -2.827470 -0.332556
v -3.144733 -2.633130 -0.331650
v -2.311869 -2.896693 -0.200992
v -2.541955 -2.898651 -0.337316
v -2.333636 -3.090549 -0.202000
v -2.568323 -3.096220 -0.338316
v -2.857271 -2.898323 -0.385643
v -2.889293 -3.094189 -0.386594
v -3.175498 -2.899111 -0.333028
v -3.212863 -3.094409 -0.333939
v -2.433111 -2.078158 -0.321447
v -2.196478 -1.962571 -0.189440
v -2.432065 -1.879136 -0.320267
v -2.206679 -1.765171 -0.188193
v -2.748551 -1.998676 -0.367489
v -2.764147 -2.199126 -0.368579
v -3.069218 -2.086288 -0.317187
v -3.095315 -2.287812 -0.318212
v -2.361213 -3.291442 -0.206125
v -2.610623 -3.464030 -0.345616
v -2.375891 -3.522244 -0.207402
v -2.592557 -3.211183 -0.344231
v -2.930813 -3.403755 -0.394387
v -2.901620 -3.154920 -0.393100
v -3.218866 -3.148915 -0.339617
v -3.250842 -3.364323 -0.340685
v -2.390133 -4.472589 0.164865
v -2.622510 -4.414943 0.298645
v -2.630547 -4.640380 0.298913
v -2.389262 -4.254187 0.163707
v -2.301311 -4.406910 -0.021734
v -2.304353 -4.188879 -0.020413
v -2.391754 -4.251993 -0.204131
v -2.392658 -4.470366 -0.207882
v -2.181005 -1.713076 -0.196617
v -2.419773 -1.863760 -0.333341
v -2.190008 -1.913433 -0.196743
v -2.392942 -1.668194 -0.334057
v -2.733775 -1.810727 -0.381573
v -2.702117 -1.615997 -0.382578
v -3.011513 -1.575204 -0.329298
v -3.047922 -1.769600 -0.328524
v -2.037385 -0.547149 -0.199112
v -2.277926 -0.697640 -0.343772
v -2.059349 -0.746400 -0.200151
v -2.252215 -0.501988 -0.342779
v -2.576606 -0.645895 -0.394657
v -2.545540 -0.451124 -0.393706
v -2.839067 -0.411691 -0.338265
v -2.875402 -0.606085 -0.339179
v -2.067424 -0.706115 -0.197706
v -2.278341 -0.696197 -0.340350
v -2.089265 -0.905797 -0.198749
v -2.303994 -0.894558 -0.341359
v -2.564712 -0.674434 -0.391036
v -2.596039 -0.877692 -0.392036
v -2.849630 -0.644545 -0.336172
v -2.886749 -0.855551 -0.337179
v -2.096795 -0.905268 -0.187556
v -2.312075 -0.907999 -0.321747
v -2.104649 -1.106158 -0.188701
v -2.323904 -1.107797 -0.322859
v -2.605101 -0.903421 -0.369380
v -2.622353 -1.108455 -0.370486
v -2.897333 -0.890642 -0.317679
v -2.919923 -1.103768 -0.318797
v -2.254875 -2.563268 -0.207368
v -2.503987 -2.725396 -0.350360
v -2.280581 -2.795074 -0.208576
v -2.468086 -2.480163 -0.349140
v -2.793693 -2.556231 -0.399991
v -2.741861 -2.294251 -0.398780
v -3.083894 -2.316116 -0.343991
v -3.033141 -2.074141 -0.342891
v -1.971150 1.106116 -0.182251
v -2.188669 1.010046 -0.320894
v -1.992281 0.894367 -0.183371
v -2.162848 1.223530 -0.319795
v -2.452432 1.172481 -0.369215
v -2.418756 1.389436 -0.368149
v -2.712128 1.339303 -0.315384
v -2.601245 1.529688 -0.315000
v -2.349052 -4.312994 -0.205661
v -2.621247 -4.412122 -0.339699
v -2.416473 -4.627091 -0.207078
v -2.603893 -4.048248 -0.337647
v -2.959799 -4.095927 -0.385040
v -2.951900 -3.744446 -0.382998
v -3.300507 -3.801685 -0.331458
v -3.286472 -3.498341 -0.329744
v -2.015236 -0.123076 -0.183444
v -2.223963 -0.131329 -0.317712
v -2.018266 -0.324094 -0.184622
v -2.230874 -0.331358 -0.318858
v -2.508251 -0.134296 -0.365449
v -2.520301 -0.339697 -0.366593
v -2.791950 -0.129061 -0.313851
v -2.808992 -0.342688 -0.315010
v -2.116205 -1.289046 -0.209020
v -2.378102 -1.375658 -0.357215
v -2.142867 -1.500185 -0.210099
v -2.345791 -1.162989 -0.356165
v -2.694112 -1.201347 -0.408738
v -2.652341 -0.985546 -0.407734
v -3.005295 -1.022832 -0.350862
v -2.870885 -0.837044 -0.350665
v -2.358427 -4.930186 -0.189075
v -2.597890 -5.027142 -0.308531
v -2.390115 -5.151318 -0.190179
v -2.616760 -4.777610 -0.306915
v -2.937787 -4.848878 -0.349272
v -2.964231 -4.604634 -0.347636
v -3.278094 -4.670978 -0.301799
v -3.295127 -4.452562 -0.300381
v -3.529026 -4.552617 -0.178893
v -3.540890 -4.345848 -0.177580
v -2.470275 -2.201772 -0.323762
v -2.783850 -2.280379 -0.392565
v -2.785392 -2.280334 -0.371031
v -3.098705 -2.345988 -0.320365
v -2.454893 -2.203623 -0.342520
v -3.111513 -2.343479 -0.339883
v -2.238161 -2.135780 -0.191246
v -3.326624 -2.385234 -0.185361
v -2.211661 -2.138703 -0.202492
v -3.351825 -2.380053 -0.197402
v -2.152013 -2.109097 -0.009041
v -3.408936 -2.397848 -0.002249
v -2.121046 -2.112427 -0.009271
v -3.439419 -2.391465 -0.002004
v -2.209038 -2.141013 0.184834
v -3.349185 -2.382377 0.192312
v -2.235687 -2.137959 0.173984
v -3.324150 -2.387412 0.179869
v -2.450356 -2.207619 0.327360
v -3.106962 -2.347486 0.331949
v -2.465990 -2.205545 0.308835
v -3.094420 -2.349761 0.312231
v -2.778610 -2.284992 0.380937
v -2.780443 -2.284691 0.359428
v -2.139636 1.482735 0.292842
v -1.939060 1.342768 0.171453
v -2.061765 1.276538 0.290797
v -1.954392 1.580345 0.174196
v -1.895781 1.370281 0.009434
v -1.883541 1.617747 0.010827
v -1.956602 1.582291 -0.152003
v -1.941253 1.344699 -0.152301
v -2.943409 -3.420422 0.316672
v -2.678628 -3.900743 0.268047
v -2.983133 -3.935922 0.313866
v -2.643749 -3.385783 0.270882
v -3.243918 -3.455041 0.274534
v -3.288281 -3.970715 0.271759
v -3.464761 -3.480752 0.155757
v -3.512321 -3.995927 0.153007
v -2.973566 -0.413761 0.170721
v -2.791766 -0.430211 0.289511
v -2.872641 0.356925 0.174634
v -2.697672 0.341298 0.293475
v -2.543899 -0.451612 0.331671
v -2.459336 0.320782 0.335705
v -2.296290 -0.472473 0.285903
v -2.221455 0.300786 0.290008
v -2.790644 1.174273 0.174984
v -2.602147 1.042350 0.293375
v -2.804150 0.961839 0.175318
v -2.594914 1.257384 0.293400
v -2.329194 1.157704 0.335489
v -2.329862 1.376931 0.336833
v -2.061765 1.276538 0.290797
v -2.139636 1.482735 0.292842
v -2.143443 1.486087 -0.269284
v -2.065568 1.279887 -0.270754
v -1.941253 1.344699 -0.152301
v -1.956602 1.582291 -0.152003
v -2.334256 1.380800 -0.311953
v -2.333589 1.161573 -0.313233
v -2.598706 1.260722 -0.266362
v -2.605956 1.045703 -0.268804
v -3.296171 -3.805503 0.308694
v -3.542938 -3.625225 0.176150
v -3.282135 -3.502159 0.310408
v -3.491555 -3.347921 0.177456
v -2.946892 -3.748854 0.356186
v -2.954792 -4.100336 0.354143
v -2.599557 -4.052066 0.302505
v -2.616910 -4.415940 0.300452
v -3.274232 -4.674378 0.268369
v -3.526795 -4.554580 0.150294
v -3.291265 -4.455963 0.269787
v -3.538661 -4.347811 0.151607
v -2.959771 -4.608561 0.310738
v -2.933326 -4.852804 0.309102
v -2.612898 -4.781010 0.263253
v -2.594028 -5.030542 0.261637
v -3.324150 -2.387412 0.179869
v -3.132059 -2.551004 0.311286
v -3.365797 -2.589696 0.178945
v -3.094420 -2.349761 0.312231
v -2.812407 -2.483806 0.358457
v -2.780443 -2.284691 0.359428
v -2.492157 -2.402663 0.307836
v -2.465990 -2.205545 0.308835
v -3.367616 -2.606177 0.184565
v -3.177673 -2.831361 0.319807
v -3.408979 -2.800828 0.183684
v -3.140315 -2.637021 0.320713
v -2.832006 -2.692827 0.368757
v -2.863789 -2.887169 0.367813
v -2.526017 -2.767200 0.315776
v -2.552174 -2.962552 0.314788
v -3.407952 -2.907528 0.183041
v -3.208444 -3.098300 0.318424
v -3.449434 -3.103657 0.182152
v -3.171080 -2.903002 0.319335
v -2.884191 -3.098682 0.366690
v -2.852168 -2.902815 0.367641
v -2.563904 -3.100111 0.314047
v -2.537536 -2.902541 0.315046
v -3.554766 -4.227622 0.157796
v -3.331424 -4.365911 0.279885
v -3.546700 -4.548163 0.155830
v -3.286449 -4.002731 0.281746
v -2.983789 -4.102763 0.324643
v -2.930476 -3.746250 0.326408
v -2.637664 -3.838936 0.278328
v -2.599033 -3.513458 0.280008
v -3.299976 -2.138984 0.180131
v -3.091055 -2.291563 0.310727
v -3.329902 -2.343215 0.179115
v -3.064958 -2.090039 0.311752
v -2.759227 -2.203457 0.357657
v -2.743632 -2.003007 0.358747
v -2.428851 -2.081909 0.307491
v -2.427805 -1.882887 0.308671
v -3.446090 -3.133387 0.185066
v -3.246350 -3.368278 0.322463
v -3.482103 -3.349307 0.184022
v -3.214374 -3.152870 0.323531
v -2.925626 -3.408322 0.371351
v -2.896433 -3.159487 0.372637
v -2.588065 -3.215138 0.318917
v -2.606131 -3.467985 0.317532
v -3.079288 -2.320171 0.336009
v -3.304082 -2.148869 0.194841
v -3.028534 -2.078196 0.337108
v -3.243841 -1.904172 0.195892
v -2.736542 -2.298934 0.386416
v -2.788374 -2.560913 0.385205
v -2.463480 -2.484218 0.330859
v -2.499381 -2.729451 0.329640
v -2.996518 -0.122206 0.193765
v -2.804645 -0.346516 0.326761
v -3.017109 -0.343105 0.192588
v -2.787602 -0.132888 0.327920
v -2.515281 -0.344117 0.374461
v -2.503231 -0.138716 0.375604
v -2.226526 -0.335185 0.322913
v -2.219616 -0.135157 0.324059
v -3.184319 -1.319006 0.191000
v -2.992201 -1.482623 0.326595
v -3.225967 -1.521290 0.190076
v -2.954561 -1.281379 0.327540
v -2.672539 -1.415434 0.375295
v -2.640575 -1.216318 0.376266
v -2.352299 -1.334282 0.323145
v -2.326132 -1.137163 0.324143
v -3.235368 -1.555529 0.191694
v -3.043485 -1.773507 0.326575
v -3.275147 -1.749266 0.189839
v -3.007053 -1.579131 0.329175
v -2.728651 -1.815239 0.374870
v -2.696966 -1.620531 0.377769
v -2.388482 -1.672121 0.324444
v -2.415335 -1.867667 0.321759
v -3.108015 -0.878265 0.190012
v -2.915576 -1.107595 0.322973
v -3.134432 -1.098566 0.188877
v -2.892986 -0.894470 0.324091
v -2.617333 -1.112874 0.370567
v -2.600080 -0.907841 0.371673
v -2.319557 -1.111624 0.318912
v -2.307727 -0.911826 0.320024
v -3.495565 -4.993003 0.155890
v -3.264205 -5.066509 0.280551
v -3.453617 -5.210349 0.154310
v -3.259995 -4.815595 0.282019
v -2.953155 -4.854044 0.326074
v -2.941510 -4.607622 0.327465
v -2.641882 -4.640084 0.278879
v -2.638486 -4.414704 0.280200
v -2.378102 -1.375658 -0.357215
v -2.694112 -1.201347 -0.408738
v -2.692830 -1.200693 -0.430272
v -3.005295 -1.022832 -0.350862
v -2.362797 -1.377792 -0.375990
v -3.019784 -1.015930 -0.369262
v -2.142867 -1.500185 -0.210099
v -3.150568 -0.931184 -0.199879
v -2.116429 -1.503508 -0.221362
v -3.176049 -0.922608 -0.210644
v -2.054125 -1.544774 -0.006811
v -3.202072 -0.898449 0.004820
v -2.023209 -1.548541 -0.007042
v -3.232500 -0.891807 0.005066
v -2.113513 -1.506075 0.209042
v -3.173138 -0.926257 0.219965
v -2.140101 -1.502619 0.198179
v -3.147802 -0.933619 0.208398
v -2.357754 -1.382232 0.368482
v -3.016289 -1.021917 0.349899
v -2.373312 -1.379876 0.349943
v -3.000673 -1.026901 0.331501
v -2.688139 -1.206411 0.429367
v -2.688580 -1.206217 0.407817
v -3.051172 -0.393139 0.205893
v -2.870742 -0.610187 0.348769
v -3.091232 -0.586858 0.205009
v -2.834407 -0.415794 0.349682
v -2.571225 -0.650632 0.399716
v -2.540159 -0.455862 0.400667
v -2.247555 -0.506091 0.345168
v -2.273266 -0.701743 0.344175
v -3.054348 -0.619844 0.203267
v -2.882129 -0.859619 0.344802
v -3.095717 -0.837774 0.202248
v -2.845011 -0.648613 0.345809
v -2.590704 -0.882388 0.395447
v -2.559378 -0.679130 0.396447
v -2.299375 -0.898625 0.340622
v -2.273722 -0.700264 0.341631
v -3.147802 -0.933619 0.208398
v -2.866095 -0.841262 0.356493
v -3.000673 -1.026901 0.331501
v -3.081405 -0.704416 0.209315
v -2.646810 -0.990416 0.408821
v -2.688580 -1.206217 0.407817
v -2.341001 -1.167206 0.350992
v -2.373312 -1.379876 0.349943
v -4.769103 10.207996 0.259887
v -5.146639 10.148968 0.084350
v -4.777605 9.946276 0.258384
v -5.136089 10.532550 0.086566
v -5.116290 9.717021 0.081568
v -4.748473 9.633138 0.256319
v -5.037191 9.246914 0.078229
v -4.678964 9.284084 0.253766
v -4.882685 8.786370 0.074436
v -4.554274 8.936661 0.250850
v -4.377890 8.633466 0.247846
v -4.654788 8.382035 0.070480
v -4.187551 8.395196 0.245136
v -4.408103 8.061975 0.066901
v -3.979162 8.244157 0.242824
v -4.189304 7.839320 0.064091
v -4.771511 10.210116 -0.095569
v -4.780013 9.948396 -0.097072
v -5.146639 10.148968 0.084350
v -5.136089 10.532550 0.086566
v -5.116290 9.717021 0.081568
v -4.750881 9.635258 -0.099137
v -5.037191 9.246914 0.078229
v -4.681372 9.286204 -0.101689
v -4.882685 8.786370 0.074436
v -4.556682 8.938781 -0.104606
v -4.380298 8.635586 -0.107609
v -4.654788 8.382035 0.070480
v -4.189958 8.397316 -0.110319
v -4.408103 8.061975 0.066901
v -3.981569 8.246277 -0.112632
v -4.189304 7.839320 0.064091
v -2.468086 -2.480163 -0.349140
v -2.743628 -2.293707 -0.420288
v -2.741861 -2.294251 -0.398780
v -3.033141 -2.074141 -0.342891
v -2.454860 -2.481967 -0.368667
v -3.048343 -2.070655 -0.361484
v -2.254875 -2.563268 -0.207368
v -3.246500 -1.901831 -0.196706
v -2.229028 -2.566216 -0.219320
v -3.272564 -1.896088 -0.207706
v -2.174305 -2.592919 -0.011775
v -3.331947 -1.836501 0.000577
v -2.143334 -2.596200 -0.012005
v -3.362403 -1.829988 0.000823
v -2.226209 -2.568698 0.196795
v -3.269753 -1.898563 0.207312
v -2.252216 -2.565609 0.185230
v -3.243841 -1.904172 0.195892
v -2.449991 -2.486254 0.350182
v -3.043484 -2.074934 0.355945
v -2.463480 -2.484218 0.330859
v -3.028534 -2.078196 0.337108
v -2.738017 -2.298647 0.407952
v -2.736542 -2.298934 0.386416
v -2.674208 -1.415171 0.396824
v -2.992201 -1.482623 0.326595
v -2.672539 -1.415434 0.375295
v -2.352299 -1.334282 0.323145
v -3.007878 -1.479695 0.345173
v -2.339335 -1.336076 0.342653
v -3.225967 -1.521290 0.190076
v -2.117762 -1.265953 0.184092
v -3.252318 -1.515942 0.201063
v -2.092222 -1.268940 0.196154
v -3.312181 -1.531502 0.002263
v -2.032574 -1.237085 -0.004649
v -3.342665 -1.525119 0.002507
v -2.001608 -1.240415 -0.004879
v -3.255016 -1.513567 -0.197130
v -2.094939 -1.266547 -0.204992
v -3.228518 -1.519043 -0.186566
v -2.120314 -1.263707 -0.192550
v -3.012547 -1.475584 -0.344097
v -2.344020 -1.331951 -0.348920
v -2.996620 -1.478732 -0.325768
v -2.356718 -1.330391 -0.329218
v -2.679602 -1.410421 -0.399489
v -2.677641 -1.410941 -0.377989
v -2.707812 1.335503 0.321737
v -2.830742 1.423222 0.206702
v -2.596772 1.525751 0.345272
v -2.776648 1.654457 0.207715
v -2.413592 1.384889 0.394268
v -2.447267 1.167934 0.393202
v -2.158375 1.219592 0.340476
v -2.184197 1.006109 0.339378
v -1.510489 -9.433321 0.127977
v -1.496239 -9.451591 0.151178
v -1.496413 -9.451439 0.125514
v -1.510314 -9.433475 0.153902
v -1.504276 -9.406515 0.131946
v -1.504097 -9.406672 0.158317
v -1.512993 -9.431116 -0.241673
v -1.499060 -9.449108 -0.265282
v -1.513169 -9.430962 -0.267599
v -1.498887 -9.449261 -0.239617
v -1.506832 -9.404264 -0.245407
v -1.507010 -9.404107 -0.271778
v -1.403340 -9.091417 0.211005
v -1.415330 -9.070340 0.182044
v -1.415114 -9.070531 0.214033
v -1.403555 -9.091228 0.179307
v -1.413684 -9.040648 0.186180
v -1.413464 -9.040842 0.218623
v -1.418546 -9.067509 -0.292692
v -1.406951 -9.088238 -0.322061
v -1.418763 -9.067318 -0.324681
v -1.406736 -9.088428 -0.290364
v -1.416953 -9.037770 -0.296495
v -1.417173 -9.037577 -0.328939
v -2.035924 8.296357 0.249772
v -2.079446 8.184542 0.249399
v -2.127672 8.300622 0.215708
v -2.084446 8.383556 0.196925
v -1.984886 8.378624 0.231026
v -2.162859 8.188097 0.215275
v -2.140887 6.556362 0.205395
v -2.062034 6.556422 0.239572
v -2.106542 5.735819 0.206943
v -2.066490 5.734569 0.266595
v -2.172650 5.396138 0.274766
v -2.132729 5.395000 0.315279
v -2.288299 5.012591 0.314636
v -2.273067 5.005089 0.353209
v -2.082122 8.186897 -0.145651
v -2.038600 8.298713 -0.145279
v -2.129878 8.302564 -0.109927
v -2.086395 8.385272 -0.090744
v -1.987306 8.380754 -0.126247
v -2.165065 8.190039 -0.110360
v -2.143093 6.558304 -0.120241
v -2.064710 6.558778 -0.155479
v -2.108838 5.737841 -0.132040
v -2.069598 5.737305 -0.192240
v -2.175887 5.398987 -0.203008
v -2.136518 5.398336 -0.244069
v -2.292096 5.015934 -0.245880
v -2.277388 5.008894 -0.284742
v -1.511929 -8.265810 -0.049891
v -1.539001 -8.334377 0.250574
v -1.517408 -8.357017 0.249878
v -1.487882 -8.291020 -0.050204
v -1.545327 -8.313037 0.251030
v -1.518975 -8.242045 -0.049701
v -1.546029 -8.280777 0.251431
v -1.519758 -8.206125 -0.049482
v -1.540137 -8.251965 0.251569
v -1.513198 -8.174043 -0.049335
v -1.543074 -8.330791 -0.350758
v -1.511929 -8.265810 -0.049891
v -1.521475 -8.353435 -0.350624
v -1.487882 -8.291020 -0.050204
v -1.549405 -8.309447 -0.350874
v -1.518975 -8.242045 -0.049701
v -1.550109 -8.277185 -0.350880
v -1.519758 -8.206125 -0.049482
v -1.544217 -8.248372 -0.350755
v -1.513198 -8.174043 -0.049335
v -1.540137 -8.251965 0.251569
v -1.545767 -8.281009 0.290149
v -1.546029 -8.280777 0.251431
v -1.539875 -8.252195 0.290281
v -1.545065 -8.313269 0.289783
v -1.545327 -8.313037 0.251030
v -1.538738 -8.334609 0.289331
v -1.539001 -8.334377 0.250574
v -1.517145 -8.357247 0.288622
v -1.517408 -8.357017 0.249878
v -1.544217 -8.248372 -0.350755
v -1.550371 -8.276955 -0.389598
v -1.544479 -8.248141 -0.389466
v -1.550109 -8.277185 -0.350880
v -1.549667 -8.309216 -0.389627
v -1.549405 -8.309447 -0.350874
v -1.543337 -8.330561 -0.389515
v -1.543074 -8.330791 -0.350758
v -1.521738 -8.353204 -0.389369
v -1.521475 -8.353435 -0.350624
v -2.617542 -1.112885 0.392122
v -2.915576 -1.107595 0.322973
v -2.617333 -1.112874 0.370567
v -2.319557 -1.111624 0.318912
v -2.930264 -1.106097 0.342009
v -2.305103 -1.112531 0.337941
v -3.134432 -1.098566 0.188877
v -2.102139 -1.108368 0.181826
v -3.160657 -1.095515 0.200413
v -2.075782 -1.109516 0.193185
v -3.215407 -1.092131 0.004185
v -2.023457 -1.106121 -0.003972
v -3.246321 -1.088350 0.004417
v -1.992332 -1.107218 -0.004190
v -3.163321 -1.093170 -0.192793
v -2.078449 -1.107168 -0.200429
v -3.136942 -1.096356 -0.181650
v -2.104649 -1.106158 -0.188701
v -2.934868 -1.102044 -0.337612
v -2.309709 -1.108475 -0.342091
v -2.919923 -1.103768 -0.318797
v -2.323904 -1.107797 -0.322859
v -2.622854 -1.108208 -0.392035
v -2.622353 -1.108455 -0.370486
v -2.863337 1.146417 0.014653
v -2.804150 0.961839 0.175318
v -2.879692 0.935135 0.013503
v -2.790644 1.174273 0.174984
v -2.806346 0.963773 -0.148990
v -2.792820 1.176189 -0.146306
v -2.605956 1.045703 -0.268804
v -2.598706 1.260722 -0.266362
v -2.530436 -2.763309 -0.336587
v -2.837460 -2.688069 -0.406078
v -2.837109 -2.688335 -0.384527
v -3.144733 -2.633130 -0.331650
v -2.517132 -2.764943 -0.356096
v -3.158603 -2.630324 -0.350793
v -2.306382 -2.832103 -0.200644
v -3.370167 -2.603931 -0.192077
v -2.280933 -2.834952 -0.213011
v -3.395652 -2.598516 -0.203781
v -2.223847 -2.862924 -0.013050
v -3.451801 -2.594573 -0.003132
v -2.192882 -2.866265 -0.013280
v -3.482243 -2.587992 -0.002886
v -2.278217 -2.837343 0.187985
v -3.392939 -2.600904 0.196677
v -2.303830 -2.834349 0.175998
v -3.367616 -2.606177 0.184565
v -2.512450 -2.769065 0.335081
v -3.153924 -2.634444 0.340075
v -2.526017 -2.767200 0.315776
v -3.140315 -2.637021 0.320713
v -2.832065 -2.692819 0.390311
v -2.832006 -2.692827 0.368757
v -2.590978 -0.882357 0.417002
v -2.882129 -0.859619 0.344802
v -2.590704 -0.882388 0.395447
v -2.299375 -0.898625 0.340622
v -2.897521 -0.856960 0.363512
v -2.284237 -0.900623 0.359348
v -3.095717 -0.837774 0.202248
v -2.086598 -0.908145 0.194992
v -3.122163 -0.832842 0.213217
v -2.059890 -0.911180 0.205776
v -3.174658 -0.826609 0.005962
v -2.009655 -0.910526 -0.002430
v -3.205243 -0.820732 0.006204
v -1.978682 -0.913796 -0.002659
v -3.124976 -0.830366 -0.202044
v -2.062706 -0.908701 -0.209929
v -3.098384 -0.835426 -0.191494
v -2.089265 -0.905797 -0.198749
v -2.902392 -0.852671 -0.355646
v -2.289112 -0.896331 -0.360311
v -2.886749 -0.855551 -0.337179
v -2.303994 -0.894558 -0.341359
v -2.596604 -0.877404 -0.413583
v -2.596039 -0.877692 -0.392036
v -3.497656 -2.924135 -0.004787
v -3.449434 -3.103657 0.182152
v -3.540523 -3.119671 -0.005662
v -3.407952 -2.907528 0.183041
v -3.451985 -3.101411 -0.194490
v -3.410504 -2.905281 -0.193601
v -3.212863 -3.094409 -0.333939
v -3.175498 -2.899111 -0.333028
v -3.073935 -0.115184 0.009053
v -3.017109 -0.343105 0.192588
v -3.095798 -0.338726 0.007868
v -2.996518 -0.122206 0.193765
v -3.019619 -0.340896 -0.177939
v -2.999028 -0.119997 -0.176761
v -2.808992 -0.342688 -0.315010
v -2.791950 -0.129061 -0.313851
v -2.541955 -2.898651 -0.337316
v -2.856664 -2.898214 -0.407195
v -2.857271 -2.898323 -0.385643
v -3.175498 -2.899111 -0.333028
v -2.527528 -2.900411 -0.356436
v -3.188678 -2.896462 -0.352416
v -2.311869 -2.896693 -0.200992
v -3.410504 -2.905281 -0.193601
v -2.285866 -2.899595 -0.212785
v -3.435629 -2.899973 -0.205692
v -2.227400 -2.904738 -0.013275
v -3.497656 -2.924135 -0.004787
v -2.196436 -2.908087 -0.013505
v -3.528103 -2.917579 -0.004541
v -2.283157 -2.901980 0.187055
v -3.432911 -2.902367 0.195534
v -2.309318 -2.898939 0.175650
v -3.407952 -2.907528 0.183041
v -2.522851 -2.904528 0.333947
v -3.183994 -2.900585 0.338931
v -2.537536 -2.902541 0.315046
v -3.171080 -2.903002 0.319335
v -2.851269 -2.902964 0.389182
v -2.852168 -2.902815 0.367641
v -3.546500 -3.489825 -0.007830
v -3.512321 -3.995927 0.153007
v -3.595161 -4.004554 -0.010570
v -3.464761 -3.480752 0.155757
v -3.514544 -3.993970 -0.175139
v -3.040862 -0.406915 0.007132
v -2.973566 -0.413761 0.170721
v -2.872641 0.356925 0.174634
v -2.937473 0.363396 0.011025
v -2.874864 0.358882 -0.153512
v -3.466984 -3.478795 -0.172389
v -3.292131 -3.967325 -0.296606
v -3.247768 -3.451651 -0.293831
v -2.975789 -0.411803 -0.157425
v -2.795616 -0.426822 -0.278854
v -2.701522 0.344688 -0.274890
v -3.408936 -2.397848 -0.002249
v -3.365797 -2.589696 0.178945
v -3.451973 -2.599942 -0.003163
v -3.324150 -2.387412 0.179869
v -3.368271 -2.587518 -0.186285
v -3.326624 -2.385234 -0.185361
v -3.136344 -2.547231 -0.321310
v -3.098705 -2.345988 -0.320365
v -3.451801 -2.594573 -0.003132
v -3.367616 -2.606177 0.184565
v -3.494581 -2.789096 -0.004002
v -3.408979 -2.800828 0.183684
v -3.370167 -2.603931 -0.192077
v -3.411530 -2.798582 -0.192958
v -3.182092 -2.827470 -0.332556
v -3.144733 -2.633130 -0.331650
v -3.331947 -1.836501 0.000577
v -3.243841 -1.904172 0.195892
v -3.377728 -2.087522 -0.000610
v -3.304082 -2.148869 0.194841
v -3.246500 -1.901831 -0.196706
v -3.306741 -2.146528 -0.197757
v -3.033141 -2.074141 -0.342891
v -3.083894 -2.316116 -0.343991
v -3.187615 -0.869221 0.005326
v -3.134432 -1.098566 0.188877
v -3.215407 -1.092131 0.004185
v -3.108015 -0.878265 0.190012
v -3.136942 -1.096356 -0.181650
v -3.110524 -0.876055 -0.180515
v -2.919923 -1.103768 -0.318797
v -2.897333 -0.890642 -0.317679
v -3.531880 -3.125929 -0.005758
v -3.482103 -3.349307 0.184022
v -3.569334 -3.341793 -0.006792
v -3.446090 -3.133387 0.185066
v -3.484697 -3.347023 -0.198846
v -3.448684 -3.131103 -0.197803
v -3.250842 -3.364323 -0.340685
v -3.218866 -3.148915 -0.339617
v -3.386177 -2.153996 -0.000949
v -3.329902 -2.343215 0.179115
v -3.417161 -2.358387 -0.001958
v -3.299976 -2.138984 0.180131
v -3.332362 -2.341049 -0.184003
v -3.302436 -2.136818 -0.182987
v -3.095315 -2.287812 -0.318212
v -3.069218 -2.086288 -0.317187
v -3.286472 -3.498341 -0.329744
v -3.545441 -3.623021 -0.193442
v -3.300507 -3.801685 -0.331458
v -3.494059 -3.345717 -0.192136
v -3.615220 -3.542579 -0.007679
v -3.589457 -3.272227 -0.006241
v -3.491555 -3.347921 0.177456
v -3.542938 -3.625225 0.176150
v -3.269144 -1.329408 0.003176
v -3.225967 -1.521290 0.190076
v -3.312181 -1.531502 0.002263
v -3.184319 -1.319006 0.191000
v -3.228518 -1.519043 -0.186566
v -3.186871 -1.316759 -0.185642
v -2.996620 -1.478732 -0.325768
v -2.958980 -1.277489 -0.324823
v -3.319983 -1.547317 0.002221
v -3.275147 -1.749266 0.189839
v -3.360919 -1.740256 0.001348
v -3.235368 -1.555529 0.191694
v -3.277709 -1.747010 -0.188382
v -3.237943 -1.553262 -0.188465
v -3.047922 -1.769600 -0.328524
v -3.011513 -1.575204 -0.329298
v -3.131762 -0.606161 0.006986
v -3.054348 -0.619844 0.203267
v -3.174658 -0.826609 0.005962
v -3.095717 -0.837774 0.202248
v -3.057015 -0.617496 -0.190474
v -3.098384 -0.835426 -0.191494
v -2.886749 -0.855551 -0.337179
v -2.849630 -0.644545 -0.336172
v -1.729640 -8.726095 -0.364194
v -1.750973 -8.646029 -0.265071
v -1.718100 -8.719534 -0.260353
v -1.748284 -8.639362 -0.050518
v -1.759588 -8.655590 -0.371046
v -1.766215 -8.611941 -0.266978
v -1.763952 -8.604302 -0.050202
v -1.819854 -8.521455 -0.271204
v -1.748067 -8.648587 0.163958
v -1.763279 -8.614526 0.166477
v -1.769088 -8.626758 0.273337
v -1.755246 -8.659412 0.269918
v -1.817948 -8.540113 0.281420
v -1.816848 -8.524101 0.172509
v -1.857389 -8.488425 0.285483
v -1.860013 -8.470110 0.175524
v -1.819108 -8.511232 -0.049274
v -1.863539 -8.455668 -0.048641
v -1.863052 -8.467435 -0.272991
v -1.891908 -8.431345 -0.273821
v -1.861919 -8.484437 -0.383185
v -1.822430 -8.536167 -0.380274
v -1.888295 -8.449883 -0.384702
v -1.943444 -8.370152 -0.386760
v -1.893220 -8.418547 -0.048219
v -1.888853 -8.434034 0.177176
v -1.949199 -8.350807 0.179928
v -1.938849 -8.374198 0.291525
v -1.965147 -8.302864 0.292859
v -1.952279 -8.348095 -0.274762
v -1.955321 -8.332911 -0.047288
v -1.978139 -8.276392 0.180772
v -1.969751 -8.298810 -0.386887
v -1.981222 -8.273678 -0.274327
v -1.977824 -8.222792 -0.386379
v -1.985096 -8.256358 -0.046629
v -1.987258 -8.197149 0.181044
v -1.973220 -8.226846 0.293367
v -1.990338 -8.194438 -0.273530
v -1.994469 -8.174853 -0.046080
v -1.952835 -8.127372 -0.385980
v -1.963527 -8.095102 -0.272814
v -1.966880 -8.072686 -0.045657
v -1.960452 -8.097810 0.181150
v -1.948231 -8.131426 0.293767
v -1.910567 -8.060228 0.293937
v -1.919734 -8.023749 0.181068
v -1.924984 -7.996523 -0.045487
v -1.873366 -7.962548 0.181023
v -1.922806 -8.021045 -0.272401
v -1.876437 -7.959845 -0.272254
v -1.877280 -7.933574 -0.045435
v -1.872378 -7.997269 -0.385749
v -1.915172 -8.056174 -0.385810
v -3.131614 -0.385236 0.007876
v -3.051172 -0.393139 0.205893
v -3.172962 -0.578140 0.007005
v -3.091232 -0.586858 0.205009
v -3.053862 -0.390770 -0.191293
v -3.093922 -0.584489 -0.192177
v -2.875402 -0.606085 -0.339179
v -2.839067 -0.411691 -0.338265
v -2.571102 -0.650647 0.421270
v -2.870742 -0.610187 0.348769
v -2.571225 -0.650632 0.399716
v -2.273266 -0.701743 0.344175
v -2.885781 -0.607405 0.367607
v -2.257911 -0.703787 0.362814
v -3.091232 -0.586858 0.205009
v -2.056658 -0.748769 0.197036
v -3.117517 -0.581519 0.216074
v -2.029878 -0.751826 0.207731
v -3.172962 -0.578140 0.007005
v -1.978655 -0.768806 -0.002222
v -3.203439 -0.571724 0.007250
v -1.947685 -0.772098 -0.002451
v -3.120355 -0.579021 -0.202821
v -2.032717 -0.749327 -0.211244
v -3.093922 -0.584489 -0.192177
v -2.059349 -0.746400 -0.200151
v -2.890695 -0.603079 -0.357777
v -2.262825 -0.699460 -0.362640
v -2.875402 -0.606085 -0.339179
v -2.277926 -0.697640 -0.343772
v -2.576776 -0.645653 -0.416209
v -2.576606 -0.645895 -0.394657
v -2.870885 -0.837044 -0.350665
v -3.150568 -0.931184 -0.199879
v -3.005295 -1.022832 -0.350862
v -3.084170 -0.701981 -0.198962
v -3.202072 -0.898449 0.004820
v -3.164926 -0.653399 0.006030
v -3.081405 -0.704416 0.209315
v -3.147802 -0.933619 0.208398
v -1.831616 -8.036075 0.254831
v -1.837999 -7.934114 -0.045704
v -1.831353 -8.036305 0.293543
v -1.829890 -7.964607 -0.045941
v -1.824096 -8.063890 0.254615
v -1.812317 -8.027719 -0.046436
v -1.808779 -8.120548 0.254173
v -1.835696 -8.032483 -0.347493
v -1.835958 -8.032251 -0.386204
v -1.837999 -7.934114 -0.045704
v -1.829890 -7.964607 -0.045941
v -1.828176 -8.060297 -0.347709
v -1.812317 -8.027719 -0.046436
v -1.812860 -8.116956 -0.348151
v -3.649122 -4.285765 -0.011881
v -3.546700 -4.548163 0.155830
v -3.639350 -4.595402 -0.013794
v -3.554766 -4.227622 0.157796
v -3.549002 -4.546136 -0.184082
v -3.557069 -4.225595 -0.182116
v -3.335412 -4.362399 -0.308860
v -3.290438 -3.999220 -0.306998
v -1.824096 -8.063890 0.254615
v -1.823834 -8.064120 0.293326
v -1.808779 -8.120548 0.254173
v -1.808517 -8.120779 0.292884
v -1.831353 -8.036305 0.293543
v -1.831616 -8.036075 0.254831
v -1.828176 -8.060297 -0.347709
v -1.812860 -8.116956 -0.348151
v -1.828438 -8.060066 -0.386421
v -1.813122 -8.116725 -0.386862
v -1.835696 -8.032483 -0.347493
v -1.835958 -8.032251 -0.386204
v -2.931953 -3.742506 -0.374872
v -2.603022 -3.509947 -0.308737
v -2.586978 -3.511661 -0.327235
v -2.357880 -3.315178 -0.184809
v -2.935081 -3.742196 -0.353416
v -2.330893 -3.317856 -0.195511
v -3.290438 -3.999220 -0.306998
v -2.266253 -3.236550 -0.014991
v -3.300610 -3.998167 -0.327318
v -2.235258 -3.239603 -0.015219
v -3.557069 -4.225595 -0.182116
v -2.328448 -3.320009 0.165405
v -3.580995 -4.225183 -0.195826
v -2.355578 -3.317206 0.155103
v -3.649122 -4.285765 -0.011881
v -2.582741 -3.515391 0.298266
v -3.680254 -4.286647 -0.011676
v -2.599033 -3.513458 0.280008
v -3.578504 -4.227376 0.171834
v -2.927057 -3.746816 0.347815
v -3.554766 -4.227622 0.157796
v -2.930476 -3.746250 0.326408
v -3.296346 -4.001921 0.302214
v -3.286449 -4.002731 0.281746
v -2.592557 -3.211183 -0.344231
v -2.901660 -3.154668 -0.414653
v -2.901620 -3.154920 -0.393100
v -3.218866 -3.148915 -0.339617
v -2.579341 -3.212076 -0.363788
v -3.232629 -3.146750 -0.358839
v -2.361213 -3.291442 -0.206125
v -3.448684 -3.131103 -0.197803
v -2.335841 -3.293246 -0.218659
v -3.474389 -3.126808 -0.209501
v -2.266932 -3.310467 -0.015427
v -3.531880 -3.125929 -0.005758
v -2.235883 -3.312908 -0.015652
v -3.562584 -3.120706 -0.005519
v -2.333080 -3.295676 0.188910
v -3.471634 -3.129234 0.197162
v -2.358619 -3.293726 0.176744
v -3.446090 -3.133387 0.185066
v -2.574585 -3.216263 0.338282
v -3.227875 -3.150935 0.342963
v -2.588065 -3.215138 0.318917
v -3.214374 -3.152870 0.323531
v -2.896181 -3.159492 0.394190
v -2.896433 -3.159487 0.372637
v -2.601245 1.529688 -0.315000
v -2.833324 1.425495 -0.174506
v -2.712128 1.339303 -0.315384
v -2.779230 1.656731 -0.173493
v -2.876193 1.456316 0.016588
v -2.846510 1.702300 0.017854
v -2.776648 1.654457 0.207715
v -2.830742 1.423222 0.206702
v -1.611718 -8.717659 -0.051910
v -1.620423 -8.848576 -0.250706
v -1.614069 -8.847674 -0.052669
v -1.640357 -8.849730 -0.350283
v -1.637905 -8.728263 -0.364201
v -1.658225 -8.644326 -0.372238
v -1.650075 -8.930384 -0.243420
v -1.644631 -8.931806 -0.052964
v -1.667860 -8.928441 -0.340071
v -1.675426 -8.852643 -0.250155
v -1.670664 -8.851858 -0.052311
v -1.647495 -8.932655 0.137552
v -1.714495 -8.714965 -0.051197
v -1.690887 -8.853834 -0.349627
v -1.718100 -8.719534 -0.260353
v -1.617740 -8.850938 0.145411
v -1.663968 -8.931868 0.234452
v -1.672745 -8.855002 0.145556
v -1.636323 -8.853282 0.245228
v -1.615383 -8.724640 0.156647
v -1.633673 -8.731989 0.260559
v -1.653875 -8.648156 0.269872
v -1.748284 -8.639362 -0.050518
v -1.715267 -8.722029 0.157919
v -1.748067 -8.648587 0.163958
v -1.725399 -8.729829 0.261821
v -1.686858 -8.857382 0.245208
v -1.755246 -8.659412 0.269918
v -1.763952 -8.604302 -0.050202
v -1.763279 -8.614526 0.166477
v -1.816848 -8.524101 0.172509
v -1.817948 -8.540113 0.281420
v -1.769088 -8.626758 0.273337
v -1.819854 -8.521455 -0.271204
v -1.819108 -8.511232 -0.049274
v -1.860013 -8.470110 0.175524
v -1.863052 -8.467435 -0.272991
v -1.863539 -8.455668 -0.048641
v -1.888853 -8.434034 0.177176
v -1.883740 -8.453895 0.287769
v -1.857389 -8.488425 0.285483
v -1.938849 -8.374198 0.291525
v -1.766215 -8.611941 -0.266978
v -1.822430 -8.536167 -0.380274
v -1.773472 -8.622897 -0.373887
v -1.750973 -8.646029 -0.265071
v -1.759588 -8.655590 -0.371046
v -1.891908 -8.431345 -0.273821
v -1.893220 -8.418547 -0.048219
v -1.952279 -8.348095 -0.274762
v -1.943444 -8.370152 -0.386760
v -1.969751 -8.298810 -0.386887
v -1.955321 -8.332911 -0.047288
v -1.949199 -8.350807 0.179928
v -1.981222 -8.273678 -0.274327
v -1.965147 -8.302864 0.292859
v -1.978139 -8.276392 0.180772
v -1.973220 -8.226846 0.293367
v -1.985096 -8.256358 -0.046629
v -1.987258 -8.197149 0.181044
v -1.948231 -8.131426 0.293767
v -1.994469 -8.174853 -0.046080
v -1.990338 -8.194438 -0.273530
v -1.977824 -8.222792 -0.386379
v -1.952835 -8.127372 -0.385980
v -1.963527 -8.095102 -0.272814
v -1.915172 -8.056174 -0.385810
v -1.922806 -8.021045 -0.272401
v -1.966880 -8.072686 -0.045657
v -1.960452 -8.097810 0.181150
v -1.876437 -7.959845 -0.272254
v -1.924984 -7.996523 -0.045487
v -1.919734 -8.023749 0.181068
v -1.910567 -8.060228 0.293937
v -1.867773 -8.001323 0.293998
v -1.873366 -7.962548 0.181023
v -1.877280 -7.933574 -0.045435
v -2.515509 -0.344135 0.396015
v -2.804645 -0.346516 0.326761
v -2.515281 -0.344117 0.374461
v -2.226526 -0.335185 0.322913
v -2.819675 -0.345380 0.345680
v -2.211762 -0.335750 0.341833
v -3.017109 -0.343105 0.192588
v -2.015757 -0.326304 0.185905
v -3.043591 -0.340732 0.203914
v -1.989192 -0.326822 0.197055
v -3.095798 -0.338726 0.007868
v -1.939514 -0.321997 0.000136
v -3.126802 -0.335766 0.008096
v -1.908371 -0.322351 -0.000078
v -3.046252 -0.338389 -0.188876
v -1.991855 -0.324477 -0.196137
v -3.019619 -0.340896 -0.177939
v -2.018266 -0.324094 -0.184622
v -2.824276 -0.341328 -0.333708
v -2.216367 -0.331696 -0.337983
v -2.808992 -0.342688 -0.315010
v -2.230874 -0.331358 -0.318858
v -2.520821 -0.339459 -0.388141
v -2.520301 -0.339697 -0.366593
v -3.630877 -4.305609 -0.012123
v -3.538661 -4.347811 0.151607
v -3.620685 -4.513123 -0.013430
v -3.526795 -4.554580 0.150294
v -3.540890 -4.345848 -0.177580
v -3.529026 -4.552617 -0.178893
v -1.944374 -7.953551 0.294802
v -1.870165 -7.850419 0.178418
v -1.957158 -7.911601 0.179115
v -2.104194 -8.352304 -0.046395
v -2.122552 -8.282732 0.180181
v -2.133600 -8.263024 -0.045663
v -2.125614 -8.280036 -0.271855
v -2.097007 -8.366872 -0.272907
v -2.080129 -8.204637 0.294224
v -2.097639 -8.309771 0.293715
v -2.093940 -8.369572 0.179810
v -2.071745 -8.392926 0.292464
v -2.010506 -8.464857 -0.047701
v -2.005908 -8.476316 -0.271745
v -2.076341 -8.388879 -0.386123
v -1.922181 -8.536588 -0.048727
v -1.993112 -8.493590 -0.383021
v -1.920030 -8.546073 -0.269557
v -1.914508 -8.560241 -0.379007
v -1.845955 -8.655728 -0.264064
v -1.846016 -8.649357 -0.049915
v -2.002875 -8.478988 0.176108
v -1.917039 -8.548706 0.171926
v -1.843054 -8.658282 0.164122
v -1.779429 -8.860325 -0.249219
v -1.786446 -8.861592 -0.349006
v -1.768785 -8.968667 -0.334971
v -1.910036 -8.564178 0.281113
v -1.842518 -8.669108 0.270433
v -1.782417 -8.865140 0.245789
v -1.835203 -8.932981 -0.340482
v -1.832246 -8.934429 -0.243264
v -1.892775 -8.868699 -0.249433
v -1.894304 -8.868384 -0.050894
v -1.830948 -8.935572 -0.051724
v -1.759801 -8.971842 -0.239405
v -1.829651 -8.936714 0.139816
v -1.948366 -8.795534 -0.050094
v -1.890086 -8.871067 0.147588
v -1.945363 -8.797857 -0.255462
v -1.890584 -8.870043 -0.349248
v -1.757268 -8.974072 0.134529
v -1.757560 -8.974443 -0.052453
v -1.764956 -8.972037 0.230240
v -1.777682 -8.859763 -0.051633
v -1.776752 -8.862681 0.145938
v -1.898964 -8.708058 -0.261302
v -1.900580 -8.703174 -0.049866
v -1.963819 -8.725976 -0.260519
v -1.942581 -8.800306 0.155173
v -1.955356 -8.733175 -0.365271
v -1.895728 -8.715726 -0.366203
v -1.973679 -8.668832 -0.264021
v -1.964213 -8.678316 -0.370444
v -1.934482 -8.805836 0.257429
v -1.886542 -8.873601 0.247340
v -1.896100 -8.710580 0.161454
v -1.951081 -8.736939 0.265871
v -1.891444 -8.719498 0.266203
v -1.960962 -8.728492 0.161336
v -1.967315 -8.721608 -0.049524
v -1.977430 -8.662837 -0.049105
v -1.970768 -8.671394 0.165653
v -1.923892 -8.581342 0.170490
v -1.916466 -8.595509 0.278730
v -1.959863 -8.682146 0.271817
v -2.011210 -8.628724 0.278067
v -2.026927 -8.615531 0.170190
v -2.095688 -8.697245 0.274351
v -1.926866 -8.578724 -0.268418
v -1.929229 -8.570157 -0.048879
v -2.029889 -8.612923 -0.267130
v -2.035232 -8.605345 -0.048371
v -2.015636 -8.624827 -0.375360
v -1.920907 -8.591599 -0.376910
v -2.121558 -8.683957 -0.264251
v -2.118632 -8.686533 0.167706
v -2.129565 -8.678417 -0.048168
v -2.191921 -8.777200 0.163496
v -2.163332 -8.784576 0.268217
v -2.194791 -8.774673 -0.260130
v -2.100062 -8.693394 -0.371318
v -2.167624 -8.780798 -0.365310
v -2.208535 -8.865523 -0.358465
v -3.580878 -5.040960 -0.016847
v -3.453617 -5.210349 0.154310
v -3.538429 -5.250721 -0.018386
v -3.495565 -4.993003 0.155890
v -3.455961 -5.208285 -0.191721
v -3.497909 -4.990940 -0.190141
v -3.268265 -5.062935 -0.318792
v -3.264055 -4.812021 -0.317324
v -1.395490 -8.615116 -0.377806
v -1.292968 -8.722239 -0.262557
v -1.339594 -8.727320 -0.368999
v -1.354330 -8.605133 -0.268374
v -1.423843 -8.547508 -0.382234
v -1.340312 -8.597405 -0.053031
v -1.292968 -8.722239 -0.262557
v -1.290961 -8.821314 -0.360516
v -1.339594 -8.727320 -0.368999
v -1.290144 -8.724725 0.154331
v -1.335324 -8.731079 0.261326
v -1.286818 -8.824961 0.251065
v -1.351413 -8.607702 0.162375
v -1.239584 -8.820352 -0.256916
v -1.290961 -8.821314 -0.360516
v -1.243083 -8.940100 -0.348291
v -1.419372 -8.551445 0.277845
v -1.391087 -8.618993 0.272228
v -2.949473 -3.748894 0.377675
v -3.282135 -3.502159 0.310408
v -3.297434 -3.500701 0.329214
v -3.491555 -3.347921 0.177456
v -2.946892 -3.748854 0.356186
v -3.517561 -3.344548 0.189187
v -2.599557 -4.052066 0.302505
v -3.589457 -3.272227 -0.006241
v -2.589373 -4.053042 0.322824
v -3.620297 -3.267884 -0.006006
v -2.346549 -4.315198 0.163931
v -3.520221 -3.342206 -0.203473
v -2.323044 -4.319305 0.177688
v -3.494059 -3.345717 -0.192136
v -2.255455 -4.387141 -0.021926
v -3.302024 -3.496660 -0.348322
v -2.225028 -4.393783 -0.022172
v -3.286472 -3.498341 -0.329744
v -2.325736 -4.316935 -0.219783
v -2.954772 -3.744230 -0.404449
v -2.349052 -4.312994 -0.205661
v -2.951900 -3.744446 -0.382998
v -2.593985 -4.048981 -0.358113
v -2.603893 -4.048248 -0.337647
v -2.642546 -4.411130 -0.319143
v -2.943613 -4.603453 -0.386086
v -2.946198 -4.603494 -0.364597
v -3.264055 -4.812021 -0.317324
v -2.626821 -4.411147 -0.337804
v -3.275259 -4.812274 -0.337396
v -2.418545 -4.252229 -0.193047
v -3.497909 -4.990940 -0.190141
v -2.391754 -4.251993 -0.204131
v -3.522379 -4.994311 -0.203193
v -2.335496 -4.189207 -0.020204
v -3.580878 -5.040960 -0.016847
v -2.304353 -4.188879 -0.020413
v -3.611433 -5.046999 -0.016677
v -2.389262 -4.254187 0.163707
v -3.519857 -4.996532 0.169232
v -2.416201 -4.254293 0.152984
v -3.495565 -4.993003 0.155890
v -2.622510 -4.414943 0.298645
v -3.270927 -4.816089 0.302236
v -2.638486 -4.414704 0.280200
v -3.259995 -4.815595 0.282019
v -2.938634 -4.607836 0.348916
v -2.941510 -4.607622 0.327465
v -1.948978 -7.949497 -0.384945
v -2.019577 -8.051492 -0.385075
v -2.036691 -8.015148 -0.269412
v -2.042089 -7.990712 -0.044659
v -1.960191 -7.908931 -0.268604
v -1.963399 -7.881561 -0.044541
v -2.107032 -8.170430 -0.270609
v -2.084733 -8.200583 -0.385523
v -2.114459 -8.150344 -0.045121
v -2.033649 -8.017827 0.179693
v -2.103980 -8.173118 0.179991
v -2.014972 -8.055546 0.294672
v -2.188669 1.010046 -0.320894
v -2.452432 1.172481 -0.369215
v -2.450564 1.173001 -0.390732
v -2.712128 1.339303 -0.315384
v -2.171799 1.008192 -0.339032
v -2.727490 1.345218 -0.333609
v -1.992281 0.894367 -0.183371
v -2.833324 1.425495 -0.174506
v -1.965023 0.891665 -0.193733
v -2.859733 1.432826 -0.184628
v -1.918108 0.853131 0.006500
v -2.876193 1.456316 0.016588
v -1.887107 0.850151 0.006273
v -2.906868 1.461700 0.016828
v -1.962303 0.889270 0.207797
v -2.856961 1.429455 0.217618
v -1.989699 0.892094 0.197837
v -2.830742 1.423222 0.206702
v -2.167082 1.004039 0.357263
v -2.724450 1.339658 0.339802
v -2.184197 1.006109 0.339378
v -2.707812 1.335503 0.321737
v -2.446257 1.167673 0.414740
v -2.447267 1.167934 0.393202
v -2.961833 -4.608901 0.332250
v -3.291265 -4.455963 0.269787
v -3.305373 -4.457102 0.289033
v -3.538661 -4.347811 0.151607
v -2.959771 -4.608561 0.310738
v -3.564340 -4.349369 0.163843
v -2.612898 -4.781010 0.263253
v -3.630877 -4.305609 -0.012123
v -2.602391 -4.780932 0.283508
v -3.661978 -4.307266 -0.011922
v -2.356197 -4.932149 0.140113
v -3.566733 -4.347261 -0.189484
v -2.332112 -4.934464 0.153593
v -3.540890 -4.345848 -0.177580
v -2.271989 -4.970260 -0.025292
v -3.309495 -4.453474 -0.319447
v -2.241180 -4.974818 -0.025528
v -3.295127 -4.452562 -0.300381
v -2.334527 -4.932338 -0.202906
v -2.966585 -4.604718 -0.369121
v -2.358427 -4.930186 -0.189075
v -2.964231 -4.604634 -0.347636
v -2.606529 -4.777289 -0.327307
v -2.616760 -4.777610 -0.306915
v -1.353925 -9.339892 0.144757
v -1.378632 -9.417337 0.159510
v -1.353736 -9.340059 0.172681
v -1.378812 -9.417179 0.132921
v -1.356852 -9.337316 -0.287381
v -1.381574 -9.414747 -0.274797
v -1.356663 -9.337481 -0.259457
v -1.381394 -9.414906 -0.248208
v -2.330796 1.158234 0.357020
v -2.618104 1.043120 0.311937
v -2.602147 1.042350 0.293375
v -2.804150 0.961839 0.175318
v -2.329194 1.157704 0.335489
v -2.830979 0.963630 0.186295
v -2.061765 1.276538 0.290797
v -2.879692 0.935135 0.013503
v -2.046598 1.279394 0.309475
v -2.910753 0.937426 0.013727
v -1.939060 1.342768 0.171453
v -2.833322 0.965693 -0.159581
v -1.912384 1.345330 0.182349
v -2.806346 0.963773 -0.148990
v -1.895781 1.370281 0.009434
v -2.622162 1.046694 -0.287137
v -1.864637 1.370415 0.009223
v -2.605956 1.045703 -0.268804
v -1.914726 1.347393 -0.163527
v -2.335482 1.162359 -0.334732
v -1.941253 1.344699 -0.152301
v -2.333589 1.161573 -0.313233
v -2.050657 1.282967 -0.289600
v -2.065568 1.279887 -0.270754
v -2.339654 -9.050377 -0.242891
v -2.277214 -9.102672 -0.335542
v -2.301177 -9.046037 -0.343413
v -1.694246 -8.541233 0.279826
v -1.716170 -8.589199 0.167178
v -1.725730 -8.602312 0.275028
v -1.745608 -8.029207 -0.046897
v -1.748868 -8.121886 0.253759
v -1.714633 -8.068800 0.253844
v -1.707490 -7.970099 -0.046803
v -1.752948 -8.118294 -0.348565
v -1.745608 -8.029207 -0.046897
v -1.718713 -8.065207 -0.348480
v -1.707490 -7.970099 -0.046803
v -1.730139 -8.598431 -0.375874
v -1.719118 -8.586603 -0.268014
v -1.698718 -8.537296 -0.380369
v -1.671301 -8.590294 -0.376683
v -1.655087 -8.578386 -0.268863
v -1.640647 -8.634697 -0.265936
v -1.658225 -8.644326 -0.372238
v -1.618209 -8.722153 -0.260466
v -1.640357 -8.849730 -0.350283
v -1.620423 -8.848576 -0.250706
v -1.667860 -8.928441 -0.340071
v -1.650075 -8.930384 -0.243420
v -1.614069 -8.847674 -0.052669
v -1.675426 -8.852643 -0.250155
v -1.690887 -8.853834 -0.349627
v -1.644631 -8.931806 -0.052964
v -1.670664 -8.851858 -0.052311
v -1.647495 -8.932655 0.137552
v -1.672745 -8.855002 0.145556
v -1.714495 -8.714965 -0.051197
v -1.715267 -8.722029 0.157919
v -1.686858 -8.857382 0.245208
v -1.663968 -8.931868 0.234452
v -1.714633 -8.068800 0.253844
v -1.748605 -8.122117 0.292470
v -1.714371 -8.069031 0.292555
v -1.748868 -8.121886 0.253759
v -1.718713 -8.065207 -0.348480
v -1.718975 -8.064977 -0.387192
v -1.753210 -8.118063 -0.387276
v -1.752948 -8.118294 -0.348565
v -1.829651 -8.936714 0.139816
v -1.890086 -8.871067 0.147588
v -1.831290 -8.936425 0.237075
v -1.764956 -8.972037 0.230240
v -1.886542 -8.873601 0.247340
v -1.942581 -8.800306 0.155173
v -1.896100 -8.710580 0.161454
v -1.960962 -8.728492 0.161336
v -1.951081 -8.736939 0.265871
v -1.891444 -8.719498 0.266203
v -1.934482 -8.805836 0.257429
v -1.970768 -8.671394 0.165653
v -1.959863 -8.682146 0.271817
v -2.848633 5.726405 0.215752
v -2.745342 5.333066 0.342618
v -2.900054 5.725463 0.250894
v -2.700546 5.333972 0.314770
v -2.534355 4.993079 0.369359
v -2.523179 5.004054 0.336500
v -2.470891 4.936783 0.373069
v -2.466322 4.944439 0.338928
v -2.398954 4.919303 0.370576
v -2.401724 4.925132 0.334899
v -2.339210 4.949063 0.326432
v -2.329487 4.943288 0.363624
v -2.273067 5.005089 0.353209
v -2.288299 5.012591 0.314636
v -2.749450 5.336683 -0.263843
v -2.850981 5.728472 -0.130907
v -2.902874 5.727945 -0.165358
v -2.704281 5.337261 -0.236596
v -2.538872 4.997056 -0.297493
v -2.527251 5.007639 -0.264660
v -2.475468 4.940814 -0.302734
v -2.470437 4.948062 -0.268569
v -2.403506 4.923311 -0.301424
v -2.405792 4.928714 -0.265645
v -2.343167 4.952547 -0.257741
v -2.333949 4.947217 -0.295128
v -2.277388 5.008894 -0.284742
v -2.292096 5.015934 -0.245880
v -0.050681 3.101890 0.007803
v -0.271631 3.590619 0.191839
v -0.272847 3.591690 0.012229
v -0.050681 3.101890 0.007803
v -0.272847 3.591690 0.012229
v -0.274064 3.592761 -0.167381
v -1.643842 -8.155487 -0.388240
v -1.626762 -8.125157 -0.273231
v -1.633153 -8.068827 -0.387796
v -1.615455 -8.034846 -0.272579
v -1.620474 -8.103814 -0.048189
v -1.608851 -8.010949 -0.047714
v -1.612411 -8.037527 0.176918
v -1.618732 -7.997152 0.176743
v -1.634223 -8.034286 0.292219
v -1.628548 -8.072881 0.291951
v -1.621771 -7.994476 -0.271836
v -1.615360 -7.969483 -0.047423
v -1.673536 -7.920012 0.177023
v -1.684240 -7.960635 0.292997
v -1.688844 -7.956581 -0.386749
v -1.676568 -7.917343 -0.270454
v -1.671728 -7.890228 -0.046568
v -1.768274 -7.855150 0.177666
v -1.770907 -7.898876 0.293953
v -1.775511 -7.894822 -0.385794
v -1.771300 -7.852486 -0.269040
v -1.868946 -7.890639 -0.385136
v -1.769152 -7.823584 -0.045511
v -1.870165 -7.850419 0.178418
v -1.864341 -7.894693 0.294611
v -1.944374 -7.953551 0.294802
v -1.873928 -7.818712 -0.044772
v -1.957158 -7.911601 0.179115
v -1.963399 -7.881561 -0.044541
v -1.960191 -7.908931 -0.268604
v -2.042089 -7.990712 -0.044659
v -2.033649 -8.017827 0.179693
v -1.948978 -7.949497 -0.384945
v -2.036691 -8.015148 -0.269412
v -2.114459 -8.150344 -0.045121
v -2.103980 -8.173118 0.179991
v -2.107032 -8.170430 -0.270609
v -2.133600 -8.263024 -0.045663
v -2.122552 -8.282732 0.180181
v -2.080129 -8.204637 0.294224
v -2.014972 -8.055546 0.294672
v -2.097639 -8.309771 0.293715
v -2.093940 -8.369572 0.179810
v -2.104194 -8.352304 -0.046395
v -2.125614 -8.280036 -0.271855
v -2.084733 -8.200583 -0.385523
v -2.102243 -8.305717 -0.386031
v -2.097007 -8.366872 -0.272907
v -2.076341 -8.388879 -0.386123
v -2.010506 -8.464857 -0.047701
v -2.002875 -8.478988 0.176108
v -2.071745 -8.392926 0.292464
v -0.515997 4.012506 0.196010
v -0.272847 3.591690 0.012229
v -0.271631 3.590619 0.191839
v -0.517213 4.013577 0.016400
v -0.760363 4.434394 0.200182
v -0.761580 4.435465 0.020572
v -0.518430 4.014648 -0.163210
v -0.272847 3.591690 0.012229
v -0.517213 4.013577 0.016400
v -0.274064 3.592761 -0.167381
v -0.762796 4.436537 -0.159039
v -0.761580 4.435465 0.020572
v -1.846468 -8.063104 0.293485
v -1.871822 -8.063933 0.179278
v -1.866689 -8.098958 0.293408
v -1.854461 -8.110130 -0.046642
v -1.875671 -8.038014 -0.046068
v -1.849935 -8.026667 0.179369
v -1.853158 -7.999680 -0.045992
v -1.831353 -8.036305 0.293543
v -1.837999 -7.934114 -0.045704
v -1.829890 -7.964607 -0.045941
v -1.853158 -7.999680 -0.045992
v -1.874877 -8.061244 -0.271739
v -1.854258 -8.131341 -0.272145
v -1.852990 -8.023977 -0.271682
v -1.851072 -8.059050 -0.386261
v -1.871293 -8.094904 -0.386338
v -1.835958 -8.032251 -0.386204
v -1.837999 -7.934114 -0.045704
v -1.801306 -8.152794 -0.047257
v -1.802578 -8.172794 -0.272491
v -1.851205 -8.134028 0.178568
v -1.698478 -8.155478 -0.047969
v -1.626762 -8.125157 -0.273231
v -1.702602 -8.175393 -0.273052
v -1.848016 -8.166199 0.292881
v -1.799529 -8.175480 0.177720
v -1.800739 -8.205853 0.292324
v -1.709008 -8.208014 0.291690
v -1.699554 -8.178077 0.176895
v -1.639237 -8.159541 0.291506
v -1.623714 -8.127841 0.176646
v -1.628548 -8.072881 0.291951
v -1.612411 -8.037527 0.176918
v -1.620474 -8.103814 -0.048189
v -1.615455 -8.034846 -0.272579
v -1.608851 -8.010949 -0.047714
v -1.621771 -7.994476 -0.271836
v -1.638828 -8.030232 -0.387527
v -1.633153 -8.068827 -0.387796
v -1.688844 -7.956581 -0.386749
v -1.634223 -8.034286 0.292219
v -1.618732 -7.997152 0.176743
v -1.684240 -7.960635 0.292997
v -1.615360 -7.969483 -0.047423
v -1.676568 -7.917343 -0.270454
v -1.771300 -7.852486 -0.269040
v -1.671728 -7.890228 -0.046568
v -1.673536 -7.920012 0.177023
v -1.768274 -7.855150 0.177666
v -1.769152 -7.823584 -0.045511
v -1.864341 -7.894693 0.294611
v -1.770907 -7.898876 0.293953
v -1.873191 -7.847754 -0.268355
v -1.868946 -7.890639 -0.385136
v -1.873928 -7.818712 -0.044772
v -1.921634 -7.590830 -0.262533
v -2.422020 -7.819912 -0.380968
v -2.477535 -7.770008 -0.258733
v -1.923702 -7.555200 -0.042864
v -3.000831 -7.947474 -0.255711
v -2.494954 -7.739522 -0.040093
v -2.474578 -7.772612 0.177911
v -3.032627 -7.921961 -0.037539
v -2.997881 -7.950072 0.179862
v -2.897086 -7.995958 0.301002
v -2.417416 -7.823967 0.298779
v -1.918661 -7.593447 0.176317
v -1.907735 -7.649944 0.296364
v -2.422020 -7.819912 -0.380968
v -1.921634 -7.590830 -0.262533
v -1.912340 -7.645890 -0.383382
v -2.901690 -7.991904 -0.378744
v -2.477535 -7.770008 -0.258733
v -3.000831 -7.947474 -0.255711
v -2.494954 -7.739522 -0.040093
v -3.032627 -7.921961 -0.037539
v -1.923702 -7.555200 -0.042864
v -2.997881 -7.950072 0.179862
v -2.474578 -7.772612 0.177911
v -2.897086 -7.995958 0.301002
v -1.918661 -7.593447 0.176317
v -2.417416 -7.823967 0.298779
v -2.063420 -9.443386 -0.053178
v -2.163043 -9.366052 -0.052042
v -2.153799 -9.352737 -0.210780
v -2.131708 -9.335727 -0.296506
v -2.151648 -9.354631 0.106704
v -1.407268 -8.990408 0.193078
v -1.447292 -9.026884 0.220261
v -1.407043 -8.990606 0.226280
v -1.447512 -9.026690 0.187682
v -1.410628 -8.987450 -0.302880
v -1.410853 -8.987252 -0.336082
v -1.451019 -9.023602 -0.329951
v -1.450798 -9.023796 -0.297372
v -2.131708 -9.335727 -0.296506
v -2.056857 -9.427970 -0.199992
v -2.042991 -9.407669 -0.281083
v -1.745608 -8.029207 -0.046897
v -1.808779 -8.120548 0.254173
v -1.748868 -8.121886 0.253759
v -1.812317 -8.027719 -0.046436
v -1.812860 -8.116956 -0.348151
v -1.745608 -8.029207 -0.046897
v -1.752948 -8.118294 -0.348565
v -1.812317 -8.027719 -0.046436
v -1.487882 -8.291020 -0.050204
v -1.517408 -8.357017 0.249878
v -1.496884 -8.349714 0.249959
v -1.465032 -8.282887 -0.050310
v -1.521475 -8.353435 -0.350624
v -1.487882 -8.291020 -0.050204
v -1.500955 -8.346130 -0.350896
v -1.465032 -8.282887 -0.050310
v -1.748868 -8.121886 0.253759
v -1.808517 -8.120779 0.292884
v -1.748605 -8.122117 0.292470
v -1.808779 -8.120548 0.254173
v -1.752948 -8.118294 -0.348565
v -1.753210 -8.118063 -0.387276
v -1.813122 -8.116725 -0.386862
v -1.812860 -8.116956 -0.348151
v -1.469257 -9.519087 0.116302
v -1.497447 -9.541299 0.137023
v -1.469090 -9.519234 0.140971
v -1.497611 -9.541154 0.112768
v -1.422212 -9.482478 0.122463
v -1.526274 -9.552431 0.134914
v -1.422040 -9.482630 0.147854
v -1.378812 -9.417179 0.132921
v -1.378632 -9.417337 0.159510
v -1.526436 -9.552288 0.110891
v -1.552698 -9.562638 0.133121
v -1.552859 -9.562496 0.109295
v -1.471613 -9.517012 -0.231582
v -1.471780 -9.516865 -0.256251
v -1.500083 -9.538978 -0.252182
v -1.424653 -9.480329 -0.237942
v -1.499919 -9.539123 -0.227928
v -1.424825 -9.480177 -0.263334
v -1.381394 -9.414906 -0.248208
v -1.381574 -9.414747 -0.274797
v -1.528880 -9.550137 -0.249817
v -1.528717 -9.550280 -0.225793
v -1.555278 -9.560367 -0.247787
v -1.555117 -9.560509 -0.223961
v -1.496884 -8.349714 0.249959
v -1.517145 -8.357247 0.288622
v -1.496622 -8.349945 0.288710
v -1.517408 -8.357017 0.249878
v -1.500955 -8.346130 -0.350896
v -1.501217 -8.345900 -0.389647
v -1.521738 -8.353204 -0.389369
v -1.521475 -8.353435 -0.350624
v -1.403488 -8.365260 0.287829
v -1.366014 -8.343272 0.173702
v -1.355392 -8.325353 -0.051306
v -1.370397 -8.247903 0.174522
v -1.359915 -8.227270 -0.050691
v -1.415054 -8.174903 0.175081
v -1.447925 -8.203924 0.289946
v -1.485343 -8.135730 0.175848
v -1.512280 -8.166571 0.290604
v -1.478149 -8.111908 -0.049202
v -1.405855 -8.152205 -0.049932
v -1.418103 -8.172218 -0.275055
v -1.592728 -8.148439 -0.048644
v -1.596746 -8.171276 0.176669
v -1.452530 -8.199870 -0.389801
v -1.488393 -8.133044 -0.274401
v -1.516885 -8.162517 -0.389142
v -1.720787 -8.220003 -0.048203
v -1.721246 -8.240886 0.177450
v -1.599800 -8.168588 -0.274137
v -1.619229 -8.196968 -0.388654
v -1.733733 -8.264154 -0.388279
v -1.724305 -8.238193 -0.274062
v -1.751515 -8.262811 -0.274381
v -1.758790 -8.287817 -0.388240
v -1.748772 -8.245296 -0.048164
v -1.817297 -8.322237 -0.274337
v -1.816442 -8.306401 -0.048070
v -1.847877 -8.404219 -0.048441
v -1.844798 -8.420029 0.176082
v -1.814788 -8.349092 0.291005
v -1.843204 -8.440455 0.287932
v -1.748452 -8.265508 0.177844
v -1.814233 -8.324934 0.177982
v -1.754185 -8.291871 0.291485
v -1.729129 -8.268209 0.291467
v -1.752228 -8.429423 0.287483
v -1.745753 -8.408952 0.175778
v -1.726373 -8.479279 0.284471
v -1.154854 -9.027094 0.129243
v -1.239584 -8.820352 -0.256916
v -1.222403 -8.818698 -0.055149
v -1.184309 -8.946596 0.136436
v -1.277254 -8.717822 -0.054176
v -1.212449 -9.020705 0.226908
v -1.197042 -9.065260 0.221104
v -1.236849 -8.822759 0.146798
v -1.239120 -8.943589 0.236777
v -1.286818 -8.824961 0.251065
v -1.290144 -8.724725 0.154331
v -1.351413 -8.607702 0.162375
v -1.391087 -8.618993 0.272228
v -1.335324 -8.731079 0.261326
v -1.354330 -8.605133 -0.268374
v -1.340312 -8.597405 -0.053031
v -1.382538 -8.537212 0.166590
v -1.385504 -8.534601 -0.271326
v -1.372346 -8.524875 -0.052381
v -1.385467 -8.439861 0.171106
v -1.426237 -8.454014 -0.387260
v -1.423843 -8.547508 -0.382234
v -1.388487 -8.437202 -0.274640
v -1.375383 -8.424710 -0.051763
v -1.366014 -8.343272 0.173702
v -1.403488 -8.365260 0.287829
v -1.421690 -8.458017 0.284018
v -1.407189 -8.273786 0.289253
v -1.370397 -8.247903 0.174522
v -1.447925 -8.203924 0.289946
v -1.415054 -8.174903 0.175081
v -1.485343 -8.135730 0.175848
v -1.369062 -8.340590 -0.276348
v -1.355392 -8.325353 -0.051306
v -1.359915 -8.227270 -0.050691
v -1.373449 -8.245216 -0.275971
v -1.405855 -8.152205 -0.049932
v -1.418103 -8.172218 -0.275055
v -1.478149 -8.111908 -0.049202
v -1.452530 -8.199870 -0.389801
v -1.411793 -8.269732 -0.390494
v -1.488393 -8.133044 -0.274401
v -1.592728 -8.148439 -0.048644
v -1.599800 -8.168588 -0.274137
v -1.516885 -8.162517 -0.389142
v -1.619229 -8.196968 -0.388654
v -1.724305 -8.238193 -0.274062
v -1.720787 -8.220003 -0.048203
v -1.596746 -8.171276 0.176669
v -1.748772 -8.245296 -0.048164
v -1.512280 -8.166571 0.290604
v -1.614625 -8.201023 0.291092
v -1.721246 -8.240886 0.177450
v -1.729129 -8.268209 0.291467
v -1.748452 -8.265508 0.177844
v -1.816442 -8.306401 -0.048070
v -1.751515 -8.262811 -0.274381
v -1.817297 -8.322237 -0.274337
v -1.819385 -8.345045 -0.387622
v -1.758790 -8.287817 -0.388240
v -1.847842 -8.417349 -0.273157
v -1.847764 -8.436440 -0.385254
v -1.756789 -8.425407 -0.385906
v -1.748801 -8.406269 -0.274062
v -1.730900 -8.475292 -0.383839
v -1.720415 -8.458353 -0.273057
v -1.716788 -8.446362 -0.049580
v -1.680504 -8.512918 -0.050223
v -1.745983 -8.392804 -0.049063
v -1.847877 -8.404219 -0.048441
v -1.814233 -8.324934 0.177982
v -1.745753 -8.408952 0.175778
v -1.717389 -8.461018 0.173766
v -1.844798 -8.420029 0.176082
v -1.814788 -8.349092 0.291005
v -1.754185 -8.291871 0.291485
v -1.752228 -8.429423 0.287483
v -1.843204 -8.440455 0.287932
v -1.682143 -8.525703 0.170488
v -1.726373 -8.479279 0.284471
v -1.694246 -8.541233 0.279826
v -1.716170 -8.589199 0.167178
v -1.715489 -8.578259 -0.050375
v -1.685134 -8.523070 -0.271027
v -1.652133 -8.580988 0.167257
v -1.649603 -8.569801 -0.050771
v -1.634766 -8.627712 -0.051217
v -1.666886 -8.594181 0.275138
v -1.725730 -8.602312 0.275028
v -1.637739 -8.637259 0.163464
v -1.653875 -8.648156 0.269872
v -1.615383 -8.724640 0.156647
v -1.611718 -8.717659 -0.051910
v -1.617740 -8.850938 0.145411
v -1.636323 -8.853282 0.245228
v -1.336469 -9.256269 0.157308
v -1.390344 -9.280976 0.181054
v -1.336270 -9.256445 0.186638
v -1.308000 -9.214931 0.164069
v -1.307796 -9.215111 0.194173
v -1.390539 -9.280806 0.152325
v -1.460051 -9.303685 0.175798
v -1.460242 -9.303517 0.147648
v -1.521369 -9.334920 0.169863
v -1.521555 -9.334756 0.142352
v -1.558041 -9.382567 0.161818
v -1.558221 -9.382408 0.135137
v -1.339571 -9.253539 -0.300576
v -1.393566 -9.278140 -0.294553
v -1.339372 -9.253714 -0.271246
v -1.310994 -9.212296 -0.277898
v -1.311198 -9.212116 -0.308002
v -1.393372 -9.278312 -0.265824
v -1.463197 -9.300916 -0.288624
v -1.463007 -9.301084 -0.260474
v -1.524431 -9.332224 -0.282232
v -1.524245 -9.332388 -0.254721
v -1.560995 -9.379967 -0.274260
v -1.560814 -9.380125 -0.247579
v -1.353387 -9.002976 0.225449
v -1.407268 -8.990408 0.193078
v -1.407043 -8.990606 0.226280
v -1.353611 -9.002779 0.192288
v -1.357191 -8.999627 -0.336126
v -1.410628 -8.987450 -0.302880
v -1.356966 -8.999825 -0.302964
v -1.410853 -8.987252 -0.336082
v -1.373374 -9.087466 0.180378
v -1.403340 -9.091417 0.211005
v -1.373158 -9.087656 0.212220
v -1.403555 -9.091228 0.179307
v -1.376572 -9.084650 -0.291799
v -1.376788 -9.084460 -0.323641
v -1.406951 -9.088238 -0.322061
v -1.406736 -9.088428 -0.290364
v -1.437432 -9.447338 0.127110
v -1.496239 -9.451591 0.151178
v -1.437257 -9.447493 0.153002
v -1.496413 -9.451439 0.125514
v -1.440107 -9.444983 -0.267856
v -1.499060 -9.449108 -0.265282
v -1.439932 -9.445137 -0.241964
v -1.498887 -9.449261 -0.239617
v -3.232338 8.505810 0.114850
v -3.159533 8.503181 0.061075
v -3.151384 8.502816 0.078550
v -3.258032 8.506993 0.061765
v -3.185973 8.480165 0.186521
v -3.107570 8.477395 0.150706
v -2.920878 8.493992 0.317229
v -3.128896 8.413318 0.238544
v -3.055348 8.410967 0.203106
v -3.076400 8.323176 0.256979
v -3.008713 8.321324 0.221710
v -3.233059 8.506445 0.008325
v -3.159533 8.503181 0.061075
v -3.258032 8.506993 0.061765
v -3.151621 8.503026 0.043487
v -3.187672 8.481661 -0.064267
v -3.108791 8.478471 -0.029554
v -2.924371 8.497066 -0.198381
v -3.131310 8.415443 -0.117852
v -3.057290 8.412676 -0.083445
v -3.079076 8.325532 -0.138071
v -3.010918 8.323266 -0.103747
v -1.985188 8.465413 0.052895
v -1.885716 8.459848 0.108730
v -1.994670 8.465596 0.074088
v -1.859350 8.459276 0.052006
v -1.929906 8.438467 0.179401
v -2.035764 8.443941 0.145089
v -2.219734 8.471443 0.312649
v -1.984886 8.378624 0.231026
v -2.084446 8.383556 0.196925
v -1.985188 8.465413 0.052895
v -1.886482 8.460523 -0.004345
v -1.859350 8.459276 0.052006
v -1.994956 8.465848 0.031835
v -1.931627 8.439982 -0.074662
v -2.037010 8.445038 -0.038856
v -2.223231 8.474522 -0.203568
v -1.987306 8.380754 -0.126247
v -2.086395 8.385272 -0.090744
v -2.007876 8.447302 0.232565
v -1.427161 8.392533 0.048680
v -1.425944 8.391462 0.228290
v -2.009093 8.448373 0.052955
v -1.049120 8.321465 0.045695
v -1.047904 8.320394 0.225305
v -0.719853 8.200551 0.222368
v -0.721070 8.201622 0.042758
v -0.358371 7.937990 0.038729
v -0.357155 7.936919 0.218339
v -0.048066 7.496014 0.033991
v -0.046850 7.494943 0.213601
v -2.010310 8.449444 -0.126656
v -1.428377 8.393604 -0.130931
v -2.009093 8.448373 0.052955
v -1.427161 8.392533 0.048680
v -1.050337 8.322536 -0.133915
v -1.049120 8.321465 0.045695
v -0.721070 8.201622 0.042758
v -0.722287 8.202693 -0.136852
v -0.359588 7.939061 -0.140881
v -0.358371 7.937990 0.038729
v -0.049283 7.497085 -0.145619
v -0.048066 7.496014 0.033991
v -3.979162 8.244157 0.242824
v -4.189304 7.839320 0.064091
v -3.980365 8.245217 0.065096
v -3.887346 8.358415 0.242883
v -3.888550 8.359474 0.065155
v -3.790038 8.449000 0.242764
v -3.791242 8.450060 0.065037
v -3.658761 8.516503 0.064535
v -3.657557 8.515444 0.242263
v -3.522038 8.571911 0.241682
v -3.523242 8.572970 0.063954
v -3.371349 8.578589 0.240701
v -3.372553 8.579649 0.062973
v -3.116587 8.566713 0.238904
v -3.117791 8.567773 0.061177
v -3.981569 8.246277 -0.112632
v -3.980365 8.245217 0.065096
v -4.189304 7.839320 0.064091
v -3.888550 8.359474 0.065155
v -3.889754 8.360535 -0.112572
v -3.791242 8.450060 0.065037
v -3.792446 8.451120 -0.112691
v -3.659965 8.517564 -0.113192
v -3.658761 8.516503 0.064535
v -3.523242 8.572970 0.063954
v -3.524446 8.574031 -0.113774
v -3.372553 8.579649 0.062973
v -3.373757 8.580709 -0.114754
v -3.117791 8.567773 0.061177
v -3.118995 8.568833 -0.116551
vn 0.1378 0.9809 -0.1376
vn 0.0736 0.9751 0.2091
vn 0.1398 0.9792 0.1474
vn 0.1802 0.9836 0.0046
vn 0.4135 0.8150 0.4059
vn 0.4080 0.8199 -0.4017
vn 0.2038 0.7789 -0.5931
vn 0.2990 0.4065 -0.8633
vn 0.6432 0.4714 -0.6034
vn 0.0708 0.9776 -0.1984
vn 0.0089 0.7664 -0.6423
vn 0.5309 0.8474 0.0015
vn 0.8599 0.5105 -0.0028
vn 0.6514 0.4642 0.6002
vn 0.3107 0.3962 0.8640
vn 0.2120 0.7717 0.5997
vn 0.0146 0.3722 0.9280
vn 0.0176 0.7587 0.6512
vn 0.0145 0.9751 0.2215
vn -0.0425 0.9784 0.2025
vn 0.0115 0.9776 -0.2100
vn -0.1755 0.7815 0.5987
vn -0.0454 0.9807 -0.1901
vn -0.1836 0.7886 -0.5868
vn 0.0020 0.3833 -0.9236
vn -0.2951 0.4085 -0.8637
vn -0.3823 0.8355 -0.3947
vn -0.6411 0.4772 -0.6011
vn -0.1051 0.9863 -0.1271
vn -0.8543 0.5197 0.0089
vn -0.1032 0.9847 0.1403
vn -0.1417 0.9899 0.0069
vn -0.3768 0.8307 0.4098
vn -0.5005 0.8657 0.0086
vn -0.2834 0.3982 0.8724
vn -0.6328 0.4699 0.6154
vn 0.0741 0.9966 0.0373
vn 0.0810 0.9967 0.0054
vn 0.1243 0.9867 -0.1047
vn 0.0510 0.9977 0.0451
vn 0.1933 0.9364 -0.2930
vn 0.0418 0.9984 0.0371
vn 0.0678 0.9962 0.0551
vn 0.0463 0.9978 0.0484
vn 0.0411 0.9983 0.0407
vn 0.0338 0.9994 0.0057
vn 0.0405 0.9987 -0.0293
vn 0.1730 0.9791 0.1065
vn 0.0635 0.9973 -0.0367
vn 0.2196 0.9626 0.1584
vn 0.0750 0.9969 -0.0252
vn 0.0504 0.9982 -0.0339
vn 0.0713 0.9970 -0.0287
vn 0.0737 0.9969 -0.0264
vn 0.1973 0.9328 0.3015
vn 0.1258 0.9854 0.1147
vn 0.0671 0.9968 -0.0441
vn 0.0457 0.9983 -0.0371
vn 0.0407 0.9987 -0.0294
vn 0.0414 0.9988 -0.0257
vn 0.0736 0.9969 -0.0265
vn 0.0504 0.9982 -0.0338
vn 0.0338 0.9994 0.0058
vn 0.0410 0.9983 0.0406
vn 0.1717 0.9804 -0.0971
vn 0.0641 0.9968 0.0477
vn 0.2175 0.9645 -0.1499
vn 0.0754 0.9965 0.0361
vn 0.0509 0.9977 0.0451
vn 0.0718 0.9966 0.0396
vn 0.0485 0.9988 0.0056
vn 0.0802 0.9968 0.0054
vn 0.0235 0.9997 0.0058
vn 0.0874 0.9962 0.0053
vn -0.0944 0.9955 0.0066
vn 0.0890 0.9960 0.0053
vn -0.3111 0.9504 0.0078
vn -0.3224 0.9466 0.0078
vn -0.4247 0.9053 0.0083
vn 0.0847 0.9964 0.0054
vn 0.0878 0.9961 0.0053
vn 0.0877 0.9961 0.0053
vn 0.0851 0.9964 0.0054
vn 0.0707 0.9975 0.0055
vn 0.0621 0.9981 0.0055
vn 0.0932 0.9956 0.0053
vn 0.0942 0.9955 0.0053
vn 0.0913 0.9958 0.0053
vn 0.0943 0.9955 0.0053
vn 0.1447 0.9895 0.0049
vn 0.3008 0.9537 0.0037
vn 0.5234 0.8521 0.0015
vn 0.5398 0.8418 0.0014
vn 0.6625 0.7491 -0.0000
vn -0.6785 -0.4901 0.5472
vn -0.6938 -0.5272 0.4907
vn -0.8447 -0.4005 0.3552
vn -0.8704 -0.4924 0.0029
vn -0.8704 -0.4924 0.0030
vn -0.6859 -0.4836 -0.5438
vn -0.8279 -0.5609 0.0023
vn -0.5497 -0.5185 -0.6550
vn -0.3492 -0.4802 -0.8047
vn -0.9747 -0.2237 0.0052
vn -0.8495 -0.3962 -0.3484
vn -0.8704 -0.4923 0.0029
vn -0.9843 -0.1697 -0.0495
vn -0.9747 -0.2237 0.0053
vn -0.8447 -0.4004 0.3551
vn -0.9590 -0.2833 0.0048
vn -0.8212 -0.5706 0.0021
vn -0.9452 -0.3238 -0.0429
vn -0.9835 -0.1704 0.0608
vn -0.9579 -0.0796 0.2758
vn -0.9632 -0.2404 0.1201
vn -0.8212 -0.5706 0.0022
vn -0.7720 -0.5607 0.2994
vn -0.7808 -0.6248 0.0016
vn -0.8277 -0.5156 0.2214
vn -0.7649 -0.5706 0.2988
vn -0.7207 -0.6183 0.3136
vn -0.4039 -0.9148 -0.0027
vn -0.7206 -0.6183 0.3136
vn -0.3334 -0.8295 0.4481
vn -0.3333 -0.8295 0.4481
vn -0.6409 -0.6550 0.4003
vn -0.1579 -0.8080 0.5677
vn -0.0111 -0.8933 0.4494
vn -0.7760 -0.5571 -0.2956
vn -0.7808 -0.6248 0.0015
vn -0.7249 -0.6146 -0.3112
vn -0.7690 -0.5670 -0.2953
vn -0.8307 -0.5129 -0.2163
vn -0.6463 -0.6502 -0.3993
vn -0.7249 -0.6146 -0.3111
vn -0.4039 -0.9148 -0.0028
vn -0.3394 -0.8242 -0.4534
vn -0.6463 -0.6503 -0.3994
vn -0.1656 -0.8012 -0.5751
vn -0.0449 -0.9990 -0.0057
vn -0.0172 -0.8879 -0.4598
vn 0.0090 -0.8103 -0.5859
vn -0.1885 -0.8793 -0.4374
vn -0.1452 -0.8044 -0.5761
vn -0.2603 -0.7810 -0.5677
vn -0.3197 -0.7640 -0.5604
vn -0.3117 -0.8502 -0.4242
vn -0.3815 -0.8305 -0.4059
vn -0.4767 -0.7855 -0.3946
vn -0.4035 -0.7246 -0.5587
vn -0.5033 -0.6529 -0.5661
vn -0.0111 -0.8933 0.4493
vn -0.2318 -0.9727 -0.0042
vn -0.0449 -0.9990 -0.0056
vn -0.1827 -0.8845 0.4293
vn 0.0169 -0.8173 0.5760
vn -0.3060 -0.8553 0.4181
vn -0.3654 -0.9308 -0.0030
vn -0.3760 -0.8353 0.4010
vn -0.3122 -0.7707 0.5555
vn -0.4366 -0.8997 -0.0024
vn -0.3959 -0.7313 0.5554
vn -0.4714 -0.7902 0.3915
vn 0.3536 -0.9354 -0.0080
vn 0.3847 -0.9230 -0.0081
vn 0.3881 -0.9216 -0.0081
vn 0.4186 -0.9081 -0.0083
vn 0.4391 -0.8984 -0.0083
vn 0.8022 -0.5970 -0.0090
vn 0.8291 -0.5590 -0.0089
vn 0.4161 -0.9093 -0.0082
vn -0.1475 -0.9890 -0.0049
vn -0.1496 -0.9887 -0.0049
vn 0.8021 -0.5971 -0.0090
vn 0.8291 -0.5590 -0.0090
vn -0.1475 -0.9891 -0.0049
vn -0.1827 -0.8844 0.4294
vn 0.0168 -0.8173 0.5760
vn -0.1375 -0.8112 0.5684
vn -0.2527 -0.7877 0.5618
vn -0.3059 -0.8553 0.4182
vn 0.5905 -0.8070 -0.0088
vn 0.4451 -0.8954 -0.0084
vn 0.6096 -0.7926 -0.0089
vn 0.7345 -0.6785 -0.0090
vn -0.3320 -0.9433 -0.0034
vn -0.5702 -0.8215 -0.0010
vn -0.5864 -0.8100 -0.0008
vn -0.5864 -0.8101 -0.0009
vn -0.7251 0.4989 0.4747
vn -0.7314 0.5044 -0.4588
vn 0.8647 -0.5022 -0.0089
vn 0.6043 -0.7967 -0.0088
vn 0.8983 -0.4394 -0.0087
vn 0.8983 -0.4393 -0.0087
vn 0.0141 -0.9999 -0.0014
vn -0.1434 -0.9897 -0.0049
vn -0.5190 -0.8437 0.1368
vn 0.1730 0.9791 0.1066
vn 0.6155 0.5234 0.5892
vn 0.6075 0.5305 -0.5912
vn 0.1717 0.9804 -0.0972
vn -0.5209 -0.8421 -0.1398
vn 0.0140 -0.9998 -0.0107
vn 0.0182 -0.9793 -0.2018
vn 0.2454 -0.9505 -0.1904
vn 0.2454 -0.9505 -0.1905
vn -0.1481 -0.9309 -0.3339
vn -0.0196 -0.9998 -0.0058
vn 0.0181 -0.9793 -0.2018
vn 0.6668 -0.7452 -0.0090
vn 0.2479 -0.9527 0.1758
vn 0.0208 -0.9816 0.1898
vn -0.5190 -0.8438 0.1368
vn 0.0141 -0.9999 -0.0015
vn -0.1436 -0.9348 0.3248
vn -0.0195 -0.9998 -0.0058
vn 0.3464 -0.9380 -0.0079
vn 0.3465 -0.9380 -0.0079
vn 0.8415 -0.5402 -0.0089
vn 0.5899 -0.8074 -0.0088
vn 0.1243 0.9867 -0.1046
vn 0.1932 0.9364 -0.2930
vn 0.3425 0.4670 -0.8152
vn 0.3536 0.4573 0.8160
vn 0.8061 -0.5863 -0.0797
vn 0.5826 -0.7979 -0.1545
vn 0.8715 -0.4880 -0.0483
vn 0.5846 -0.7996 0.1370
vn 0.8071 -0.5872 0.0617
vn 0.8721 -0.4884 0.0307
vn 0.5846 -0.7997 0.1370
vn 0.6820 -0.0754 -0.7274
vn 0.8608 0.4948 0.1190
vn 0.9503 0.2896 -0.1141
vn 0.8608 0.4949 0.1190
vn 0.9422 0.3124 -0.1214
vn 0.8723 0.4392 0.2151
vn 0.9777 0.1875 -0.0945
vn 0.9739 0.0159 -0.2266
vn 0.9777 0.1874 -0.0945
vn 0.9239 0.0150 -0.3824
vn 0.9628 0.2703 -0.0049
vn 0.8693 0.4942 -0.0029
vn 0.9970 0.0766 -0.0063
vn 0.9628 0.2702 -0.0049
vn 0.8693 0.4943 -0.0029
vn 0.9789 0.2044 -0.0054
vn 0.9503 0.2896 -0.1142
vn 0.9953 -0.0967 -0.0073
vn 0.9970 0.0765 -0.0063
vn 0.9739 0.0159 -0.2265
vn 0.8248 -0.0966 -0.5570
vn 0.2010 -0.3347 -0.9206
vn 0.6820 -0.0754 -0.7275
vn 0.9348 -0.1754 -0.3089
vn 0.9205 -0.0377 -0.3889
vn 0.8025 -0.2851 -0.5241
vn 0.7467 -0.6651 -0.0091
vn 0.9953 -0.0968 -0.0074
vn 0.8025 -0.2851 -0.5242
vn 0.4461 -0.6234 -0.6421
vn 0.5827 -0.6339 -0.5085
vn 0.2817 -0.7089 -0.6467
vn 0.3519 -0.7966 -0.4915
vn 0.7467 -0.6651 -0.0090
vn 0.3793 -0.6556 -0.6530
vn 0.4166 -0.9091 -0.0083
vn 0.4767 -0.7381 -0.4774
vn 0.5654 -0.8247 -0.0088
vn 0.5654 -0.8247 -0.0087
vn 0.6081 -0.6570 0.4457
vn 0.4831 -0.7437 0.4621
vn 0.4830 -0.7437 0.4622
vn 0.4911 -0.5843 0.6461
vn 0.3880 -0.6633 0.6399
vn 0.5655 -0.8247 -0.0088
vn 0.6020 -0.6515 -0.4617
vn 0.6962 -0.7178 -0.0090
vn 0.6081 -0.6569 0.4457
vn 0.6481 -0.6230 0.4380
vn 0.5307 -0.5551 0.6405
vn 0.8258 -0.5638 -0.0089
vn 0.5220 -0.5474 -0.6542
vn 0.6019 -0.6515 -0.4618
vn 0.4823 -0.5765 -0.6596
vn 0.6420 -0.6177 -0.4542
vn 0.5925 -0.4680 -0.6557
vn 0.7350 -0.5232 -0.4313
vn 0.8258 -0.5638 -0.0090
vn 0.8137 -0.3976 -0.4241
vn 0.9150 -0.4033 -0.0086
vn 0.9150 -0.4033 -0.0085
vn 0.7408 -0.5282 0.4150
vn 0.8259 -0.5638 -0.0089
vn 0.6013 -0.4758 0.6420
vn 0.6480 -0.6230 0.4380
vn 0.7407 -0.5282 0.4151
vn 0.8193 -0.4026 0.4083
vn 0.6773 -0.3784 0.6310
vn 0.9486 -0.3164 -0.0083
vn 0.8193 -0.4026 0.4082
vn 0.8647 -0.3223 0.3852
vn 0.9899 -0.1415 -0.0075
vn 0.8594 -0.3176 -0.4007
vn 0.6687 -0.3708 -0.6445
vn 0.7188 -0.3008 -0.6267
vn -0.2558 0.3985 -0.8808
vn -0.2438 0.3880 0.8889
vn -0.9029 0.4068 0.1386
vn -0.9146 0.3927 0.0963
vn -0.9880 0.1412 0.0623
vn -0.9562 0.2840 0.0711
vn -0.9889 0.1486 0.0076
vn -0.8516 0.5089 -0.1258
vn -0.9889 0.1486 0.0075
vn -0.9007 0.4332 0.0322
vn -0.9452 0.3202 0.0635
vn -0.9272 0.3728 0.0364
vn -0.9007 0.4333 0.0322
vn -0.9973 0.0491 0.0555
vn -0.9880 0.1411 0.0624
vn -0.8392 -0.5373 -0.0841
vn -0.8401 -0.5425 0.0025
vn -0.9888 0.1418 -0.0473
vn -0.9889 0.1485 0.0076
vn -0.9979 0.0496 -0.0414
vn -0.8380 -0.5384 0.0891
vn -0.8379 -0.5385 0.0891
vn -0.3507 -0.9365 -0.0032
vn -0.8400 -0.5426 0.0025
vn -0.8391 -0.5374 -0.0841
vn -0.3506 -0.9365 -0.0032
vn -0.3472 -0.9225 -0.1686
vn -0.8021 -0.5792 0.1454
vn 0.2827 -0.9592 -0.0077
vn 0.2866 -0.9453 -0.1559
vn 0.8647 -0.5015 -0.0274
vn -0.3450 -0.9245 0.1622
vn -0.3242 -0.9162 0.2355
vn 0.2501 -0.9457 0.2076
vn 0.2827 -0.9592 -0.0076
vn 0.2886 -0.9470 0.1408
vn 0.9099 -0.4147 -0.0086
vn 0.8962 -0.4435 -0.0087
vn 0.9007 -0.4343 -0.0087
vn 0.9167 -0.3995 -0.0086
vn 0.9167 -0.3996 -0.0086
vn 0.3285 -0.4036 -0.8539
vn 0.9581 -0.2864 -0.0081
vn 0.4093 -0.9123 -0.0082
vn -0.4335 -0.9012 -0.0024
vn -0.5496 -0.5185 -0.6550
vn 0.9789 0.2043 -0.0054
vn 0.8323 -0.1032 0.5446
vn 0.9581 -0.2864 -0.0082
vn 0.3400 -0.4137 0.8445
vn 0.8323 -0.1031 0.5446
vn 0.2135 -0.3456 0.9138
vn 0.8323 -0.1031 0.5447
vn 0.9518 0.2883 0.1048
vn 0.6918 -0.0840 0.7172
vn 0.8591 0.4963 -0.1247
vn 0.8693 0.4418 -0.2217
vn 0.8693 0.4943 -0.0030
vn 0.8693 0.4418 -0.2216
vn 0.9789 0.1864 0.0835
vn 0.9438 0.3110 0.1124
vn 0.9290 0.0105 0.3699
vn 0.9768 0.0133 0.2135
vn 0.9389 -0.1790 0.2941
vn 0.9257 -0.0422 0.3759
vn 0.8095 -0.2912 0.5098
vn 0.5895 -0.6399 0.4930
vn 0.4547 -0.6310 0.6285
vn 0.2904 -0.7165 0.6343
vn 0.3585 -0.8024 0.4772
vn -0.7298 -0.6836 0.0009
vn -0.9032 -0.4292 0.0036
vn -0.1434 -0.9896 -0.0049
vn -0.8922 -0.4224 -0.1599
vn -0.7411 -0.6307 -0.2301
vn -0.6800 -0.6895 -0.2496
vn -0.1437 -0.9348 0.3248
vn -0.6766 -0.6924 0.2505
vn -0.7380 -0.6335 0.2325
vn -0.8900 -0.4244 0.1669
vn -0.9975 -0.0119 0.0693
vn -0.9933 0.0227 0.1133
vn -0.8206 -0.5638 0.0935
vn -0.8745 -0.4598 0.1541
vn -0.8775 -0.4697 0.0971
vn -0.9998 -0.0192 0.0067
vn -0.4608 -0.8792 0.1210
vn -0.4576 -0.8692 0.1873
vn -0.4577 -0.8692 0.1873
vn -0.7875 -0.6124 0.0693
vn -0.7298 -0.6740 0.1147
vn -0.4544 -0.8908 -0.0022
vn -0.7875 -0.6124 0.0692
vn -0.8783 -0.4781 0.0031
vn -0.8787 -0.4686 -0.0908
vn -0.8333 -0.5528 0.0024
vn -0.9984 -0.0111 -0.0559
vn -0.9998 -0.0191 0.0067
vn -0.5697 -0.8142 0.1120
vn -0.5583 -0.8296 -0.0012
vn -0.9689 -0.2473 0.0051
vn -0.9655 -0.2371 0.1080
vn -0.9881 -0.1061 0.1117
vn -0.3896 0.9050 -0.1709
vn -0.4226 0.9063 0.0090
vn -0.4181 0.9081 0.0239
vn -0.3006 0.9283 0.2189
vn -0.3545 0.9123 -0.2049
vn -0.2778 0.9301 0.2402
vn -0.2019 0.9523 -0.2287
vn -0.0978 0.9606 0.2603
vn -0.1493 0.9670 -0.2066
vn -0.0619 0.9687 0.2404
vn -0.0679 0.9977 0.0064
vn 0.0306 0.9995 0.0058
vn -0.1464 0.9644 0.2201
vn -0.0651 0.9715 -0.2280
vn -0.1987 0.9495 0.2428
vn -0.1013 0.9636 -0.2475
vn -0.3517 0.9098 0.2205
vn -0.2809 0.9329 -0.2253
vn -0.3871 0.9029 0.1870
vn -0.3034 0.9308 -0.2037
vn -0.4226 0.9063 0.0075
vn -0.4184 0.9083 -0.0075
vn -0.9445 -0.3244 0.0518
vn -0.9616 -0.0764 -0.2637
vn -0.8278 -0.5155 0.2214
vn -0.7720 -0.5606 0.2994
vn -0.3383 -0.4898 0.8035
vn -0.5408 -0.5263 0.6562
vn -0.7761 -0.5571 -0.2956
vn -0.9451 -0.3238 -0.0429
vn -0.9579 -0.0797 0.2758
vn -0.3334 -0.8295 0.4480
vn -0.3333 -0.8296 0.4480
vn -0.0448 -0.9990 -0.0056
vn -0.3395 -0.8242 -0.4533
vn -0.0110 -0.8933 0.4494
vn -0.1578 -0.8080 0.5677
vn -0.2319 -0.9727 -0.0043
vn -0.3117 -0.8503 -0.4242
vn -0.3654 -0.9308 -0.0031
vn -0.3815 -0.8305 -0.4058
vn -0.4366 -0.8996 -0.0025
vn -0.4034 -0.7246 -0.5587
vn -0.3198 -0.7640 -0.5604
vn -0.4768 -0.7855 -0.3945
vn -0.5381 -0.8429 -0.0014
vn -0.5912 -0.7068 -0.3885
vn -0.5033 -0.6528 -0.5661
vn -0.5833 -0.5799 -0.5687
vn -0.6574 -0.7536 -0.0001
vn -0.6780 -0.6270 -0.3837
vn -0.6574 -0.7535 -0.0001
vn -0.7504 -0.6610 0.0011
vn -0.8026 -0.5965 0.0018
vn -0.7309 -0.5693 -0.3765
vn -0.6728 -0.6316 0.3853
vn -0.8026 -0.5965 0.0019
vn -0.7504 -0.6610 0.0012
vn -0.8566 -0.5159 0.0027
vn -0.7847 -0.4951 -0.3729
vn -0.7258 -0.5738 0.3795
vn -0.8566 -0.5159 0.0028
vn -0.9152 -0.4031 0.0037
vn -0.8430 -0.3892 -0.3713
vn -0.6228 -0.5354 0.5705
vn -0.7257 -0.5738 0.3796
vn -0.6727 -0.6316 0.3854
vn -0.7796 -0.4996 0.3777
vn -0.5755 -0.5867 0.5697
vn -0.6706 -0.4682 0.5754
vn -0.5860 -0.7114 0.3880
vn -0.4956 -0.6596 0.5651
vn -0.4714 -0.7902 0.3916
vn -0.8379 -0.3937 0.3782
vn -0.7216 -0.3721 0.5838
vn -0.8379 -0.3937 0.3781
vn -0.9476 -0.3194 0.0045
vn -0.9152 -0.4030 0.0038
vn -0.8745 -0.3126 -0.3707
vn -0.8694 -0.3171 0.3788
vn -0.7216 -0.3720 0.5838
vn -0.7531 -0.3005 0.5853
vn -0.8695 -0.3171 0.3788
vn -0.9619 -0.2733 0.0049
vn -0.9476 -0.3194 0.0046
vn -0.8864 -0.2711 0.3752
vn -0.7697 -0.2581 0.5839
vn -0.8979 -0.2319 0.3741
vn -0.7827 -0.2190 0.5826
vn -0.9722 -0.2340 0.0052
vn -0.8913 -0.2667 -0.3666
vn -0.8745 -0.3126 -0.3708
vn -0.9030 -0.2275 -0.3646
vn -0.9842 -0.1769 0.0056
vn -0.9842 -0.1769 0.0057
vn -0.8980 -0.2319 0.3740
vn -0.9111 -0.1746 0.3734
vn -0.7776 -0.2512 -0.5764
vn -0.7610 -0.2935 -0.5785
vn -0.7295 -0.3651 -0.5784
vn -0.9111 -0.1746 0.3735
vn -0.7827 -0.2189 0.5826
vn -0.7931 -0.1674 0.5856
vn -0.9224 -0.0765 0.3785
vn -0.8019 -0.0761 0.5926
vn -0.9971 -0.0758 0.0064
vn -0.9971 -0.0758 0.0063
vn -0.9161 -0.1702 -0.3631
vn -0.9160 -0.1702 -0.3632
vn -0.7905 -0.2120 -0.5745
vn -0.9029 -0.2275 -0.3646
vn -0.8010 -0.1604 -0.5768
vn -0.9237 -0.0278 0.3820
vn -0.9224 -0.0764 0.3785
vn -0.8029 -0.0264 0.5955
vn -0.8036 -0.0729 0.5907
vn -0.9238 -0.0278 0.3820
vn -0.9996 -0.0273 0.0066
vn -0.9205 -0.0927 0.3795
vn -0.9275 -0.0720 -0.3669
vn -0.8098 -0.0691 -0.5826
vn -0.8109 -0.0193 -0.5849
vn -0.9289 -0.0233 -0.3697
vn -0.9275 -0.0720 -0.3668
vn -0.8116 -0.0659 -0.5805
vn -0.8109 -0.0194 -0.5849
vn -0.9288 -0.0233 -0.3698
vn -0.9256 -0.0882 -0.3681
vn -0.7876 -0.3300 -0.5204
vn -0.9950 -0.0992 0.0061
vn -0.8276 -0.4722 0.3035
vn -0.9950 -0.0993 0.0062
vn -0.7805 -0.3363 0.5271
vn -0.7274 -0.4942 0.4760
vn -0.8396 -0.4392 0.3197
vn -0.7669 -0.0265 0.6413
vn -0.8740 -0.4859 0.0030
vn -0.8317 -0.4686 -0.2979
vn -0.9950 -0.0993 0.0061
vn -0.5319 0.5583 0.6367
vn -0.9127 0.0014 0.4087
vn -0.7668 -0.0265 0.6413
vn -0.6926 0.5906 0.4142
vn -0.9999 0.0124 0.0069
vn -0.7516 0.6595 0.0090
vn -0.8890 -0.4579 0.0033
vn -0.9127 0.0014 0.4086
vn -0.9999 0.0123 0.0069
vn -0.8439 -0.4353 -0.3135
vn -0.9181 0.0062 -0.3962
vn -0.6981 0.5954 -0.3977
vn -0.9181 0.0063 -0.3962
vn -0.9999 0.0124 0.0068
vn -0.7755 -0.0189 -0.6311
vn -0.5404 0.5658 -0.6227
vn -0.3907 -0.8865 -0.2480
vn -0.4423 -0.8962 -0.0349
vn -0.4418 -0.8957 -0.0505
vn -0.3637 -0.9095 0.2013
vn -0.3707 -0.8865 -0.2770
vn -0.3455 -0.9115 0.2234
vn -0.2573 -0.9343 -0.2468
vn -0.1501 -0.9484 0.2794
vn -0.2220 -0.9539 -0.2020
vn -0.1082 -0.9585 0.2637
vn -0.1527 -0.9883 -0.0049
vn -0.0033 -1.0000 -0.0059
vn -0.2193 -0.9563 0.1936
vn -0.1118 -0.9553 -0.2736
vn -0.2540 -0.9372 0.2391
vn -0.1539 -0.9450 -0.2887
vn -0.3670 -0.8897 0.2714
vn -0.3485 -0.9088 -0.2295
vn -0.3874 -0.8894 0.2426
vn -0.3665 -0.9071 -0.2072
vn -0.4411 -0.8963 0.0458
vn -0.4419 -0.8966 0.0302
vn 0.5441 0.8362 0.0685
vn 0.4899 0.8388 0.2375
vn 0.4551 0.8525 0.2571
vn 0.3203 0.9171 0.2374
vn 0.5403 0.8405 0.0396
vn 0.2831 0.9363 0.2078
vn 0.4344 0.8822 -0.1818
vn 0.2241 0.9745 0.0074
vn 0.4085 0.8889 -0.2075
vn 0.2390 0.9435 -0.2296
vn 0.2976 0.9377 -0.1791
vn 0.2084 0.9556 -0.2081
vn 0.3409 0.9181 -0.2023
vn 0.1304 0.9914 0.0050
vn 0.4797 0.8558 -0.1936
vn 0.5151 0.8411 -0.1649
vn 0.2113 0.9531 0.2167
vn 0.5516 0.8341 0.0050
vn 0.2422 0.9407 0.2376
vn 0.5473 0.8367 0.0214
vn 0.4080 0.8836 0.2297
vn 0.4328 0.8769 0.2093
vn -0.5381 -0.8429 -0.0013
vn -0.5860 -0.7114 0.3879
vn -0.6574 -0.7535 -0.0000
vn -0.7257 -0.5738 0.3795
vn -0.6779 -0.6270 -0.3837
vn -0.5913 -0.7068 -0.3884
vn -0.6306 -0.5283 -0.5685
vn -0.7308 -0.5693 -0.3766
vn -0.7847 -0.4951 -0.3730
vn -0.7796 -0.4996 0.3776
vn -0.6784 -0.4613 -0.5718
vn -0.9152 -0.4031 0.0038
vn -0.8430 -0.3892 -0.3714
vn -0.9619 -0.2733 0.0048
vn -0.8746 -0.3126 -0.3707
vn -0.7905 -0.2121 -0.5746
vn -0.9161 -0.1701 -0.3632
vn -0.9288 -0.0234 -0.3698
vn -0.9288 -0.0233 -0.3697
vn -0.9238 -0.0279 0.3820
vn -0.9225 -0.0764 0.3784
vn -0.9205 -0.0926 0.3796
vn -0.7805 -0.3362 0.5271
vn -0.9996 -0.0273 0.0067
vn -0.9205 -0.0926 0.3795
vn -0.9950 -0.0992 0.0062
vn -0.7339 -0.4886 -0.4720
vn -0.8439 -0.4354 -0.3135
vn -0.7755 -0.0190 -0.6311
vn -0.8276 -0.4721 0.3035
vn -0.8396 -0.4391 0.3196
vn -0.7669 -0.0266 0.6413
vn -0.9127 0.0015 0.4086
vn -0.9999 0.0123 0.0068
vn -0.9182 0.0062 -0.3962
vn -0.5405 0.5658 -0.6227
vn -0.7516 0.6595 0.0091
vn 0.9518 -0.0859 0.2943
vn 0.9587 0.2020 0.2005
vn 0.9811 -0.0939 0.1690
vn 0.8831 0.4691 -0.0032
vn 0.8838 0.3972 0.2472
vn 0.9019 0.4320 -0.0035
vn 0.9058 0.3259 0.2708
vn 0.9058 0.3258 0.2709
vn 0.8479 0.2840 0.4478
vn 0.8437 0.2484 0.4760
vn 0.9313 0.3642 -0.0042
vn 0.9021 0.3291 -0.2791
vn 0.9098 0.2998 0.2869
vn 0.9313 0.3642 -0.0041
vn 0.9058 0.3258 0.2708
vn 0.9401 0.3410 -0.0043
vn 0.9059 0.3033 -0.2956
vn 0.9357 0.1714 0.3085
vn 0.9098 0.2998 0.2870
vn 0.8466 0.1488 0.5110
vn 0.8325 -0.0437 0.5523
vn 0.9772 0.2121 -0.0054
vn 0.9314 0.1752 -0.3190
vn 0.9413 -0.0200 0.3370
vn 0.9773 0.2120 -0.0053
vn 0.9314 0.1751 -0.3191
vn 0.8249 -0.0371 -0.5640
vn 0.8396 0.1549 -0.5206
vn 0.9177 -0.1655 0.3612
vn 0.9999 0.0145 -0.0067
vn 0.9413 -0.0200 0.3369
vn 0.9773 0.2120 -0.0054
vn 0.9367 -0.0159 -0.3499
vn 0.7837 -0.1667 -0.5983
vn 0.9366 -0.0159 -0.3500
vn 0.9127 -0.1611 -0.3756
vn 0.7189 -0.3008 -0.6267
vn 0.9899 -0.1415 -0.0076
vn 0.8647 -0.3223 0.3851
vn 0.8647 -0.3224 0.3852
vn 0.7272 -0.3082 0.6133
vn 0.9486 -0.3164 -0.0084
vn 0.8136 -0.3976 -0.4242
vn 0.6687 -0.3707 -0.6446
vn 0.9151 -0.4032 -0.0087
vn 0.8259 -0.5638 -0.0090
vn 0.7351 -0.5232 -0.4313
vn 0.6480 -0.6230 0.4381
vn 0.6420 -0.6177 -0.4541
vn 0.6019 -0.6515 -0.4617
vn 0.6080 -0.6570 0.4458
vn 0.5655 -0.8247 -0.0087
vn 0.6019 -0.6516 -0.4617
vn 0.4767 -0.7381 -0.4775
vn 0.4830 -0.7437 0.4621
vn 0.4166 -0.9091 -0.0082
vn 0.5654 -0.8248 -0.0087
vn 0.3585 -0.8024 0.4771
vn 0.9953 -0.0968 -0.0073
vn 0.5828 -0.6339 -0.5085
vn 0.9348 -0.1753 -0.3089
vn 0.9239 0.0149 -0.3824
vn 0.9422 0.3123 -0.1214
vn 0.9239 0.0150 -0.3823
vn 0.9769 0.0133 0.2135
vn 0.9768 0.0133 0.2136
vn 0.9290 0.0104 0.3700
vn 0.9789 0.1863 0.0834
vn 0.9628 0.2703 -0.0050
vn 0.8693 0.4942 -0.0030
vn 0.9437 0.3110 0.1123
vn 0.8591 0.4964 -0.1248
vn 0.5385 -0.8406 0.0588
vn 0.4669 -0.8382 0.2816
vn 0.5397 -0.8410 0.0370
vn 0.4695 -0.8450 -0.2560
vn 0.4394 -0.8420 0.3131
vn 0.4532 -0.8452 -0.2833
vn 0.3117 -0.9099 0.2737
vn 0.2442 -0.8969 -0.3688
vn 0.2763 -0.9344 0.2248
vn 0.2026 -0.9128 -0.3546
vn 0.2038 -0.9790 -0.0072
vn 0.0834 -0.9965 -0.0065
vn 0.2731 -0.9317 -0.2397
vn 0.2073 -0.9170 0.3409
vn 0.3079 -0.9066 -0.2887
vn 0.2491 -0.9012 0.3547
vn 0.4351 -0.8381 -0.3290
vn 0.4569 -0.8485 0.2670
vn 0.4630 -0.8348 -0.2979
vn 0.4728 -0.8480 0.2395
vn 0.5375 -0.8398 -0.0761
vn 0.5391 -0.8405 -0.0543
vn -0.5723 -0.7440 -0.3449
vn -0.6451 -0.7615 -0.0626
vn -0.6453 -0.7591 -0.0857
vn -0.5410 -0.8131 0.2147
vn -0.5416 -0.7477 -0.3843
vn -0.5196 -0.8209 0.2369
vn -0.3822 -0.8501 -0.3622
vn -0.3229 -0.8877 0.3281
vn -0.3358 -0.8897 -0.3093
vn -0.2905 -0.9000 0.3250
vn -0.2421 -0.9702 -0.0041
vn -0.2134 -0.9769 -0.0044
vn -0.2135 -0.9769 -0.0044
vn -0.3317 -0.8933 0.3032
vn -0.2949 -0.8961 -0.3318
vn -0.3773 -0.8544 0.3572
vn -0.3274 -0.8838 -0.3343
vn -0.5364 -0.7522 0.3827
vn -0.5229 -0.8180 -0.2396
vn -0.5676 -0.7481 0.3437
vn -0.5440 -0.8106 -0.2170
vn -0.6441 -0.7601 0.0854
vn -0.6443 -0.7623 0.0623
vn -0.4692 0.1339 0.8729
vn -0.4809 0.1442 -0.8648
vn -0.9605 -0.2783 0.0048
vn -0.6599 -0.3035 0.6873
vn -0.6960 -0.2070 0.6875
vn -0.9068 -0.4216 0.0036
vn -0.6692 -0.2954 -0.6818
vn -0.9952 -0.0973 0.0062
vn -0.7031 -0.0742 0.7072
vn -0.9976 -0.0687 0.0063
vn -0.7127 -0.0659 -0.6984
vn -0.7053 -0.1988 -0.6805
vn -0.3177 -0.0811 -0.9447
vn -0.3079 -0.1180 -0.9441
vn 0.0848 0.9964 0.0054
vn 0.0850 0.9964 0.0052
vn 0.0848 0.9964 0.0055
vn 0.0849 0.9964 0.0049
vn 0.0848 0.9964 0.0056
vn 0.0848 0.9964 0.0057
vn 0.0847 0.9964 0.0056
vn 0.0849 0.9964 0.0058
vn 0.0847 0.9964 0.0051
vn 0.0850 0.9964 0.0056
vn 0.0848 0.9964 0.0051
vn 0.0850 0.9964 0.0055
vn 0.0848 0.9964 0.0053
vn 0.0848 0.9964 0.0052
vn -0.7458 -0.6662 0.0011
vn -0.1476 -0.9890 -0.0049
vn -0.7725 -0.6350 0.0014
vn -0.9927 -0.1206 0.0060
vn -0.9971 -0.0762 0.0063
vn -0.8912 0.4535 0.0087
vn -0.8647 0.5022 0.0088
vn -0.8912 0.4534 0.0087
vn -0.8647 0.5022 0.0089
vn 0.8248 -0.0965 -0.5571
vn 0.9503 0.2897 -0.1142
vn 0.8722 0.4392 0.2151
vn 0.9518 0.2884 0.1047
vn 0.3400 -0.4138 0.8445
vn 0.9581 -0.2864 -0.0083
vn 0.8323 -0.1032 0.5447
vn 0.4094 -0.9123 -0.0082
vn -0.4335 -0.9011 -0.0025
vn 0.6917 -0.0841 0.7172
vn 0.2134 -0.3456 0.9138
vn -0.8279 -0.5609 0.0022
vn -0.0483 -0.9922 0.1153
vn -0.0730 -0.9973 -0.0055
vn -0.0233 -0.9889 0.1471
vn 0.0294 -0.9859 0.1649
vn -0.0500 -0.9907 -0.1264
vn 0.0609 -0.9882 0.1406
vn -0.0254 -0.9870 -0.1585
vn 0.0931 -0.9945 0.0472
vn 0.0270 -0.9838 -0.1770
vn 0.0946 -0.9953 0.0229
vn 0.0589 -0.9864 -0.1532
vn 0.0673 -0.9931 -0.0964
vn 0.0923 -0.9939 -0.0603
vn 0.0498 -0.9914 -0.1209
vn 0.0942 -0.9949 -0.0361
vn -0.0154 -0.9907 -0.1355
vn 0.0685 -0.9941 0.0836
vn -0.0396 -0.9924 -0.1169
vn 0.0514 -0.9928 0.1084
vn -0.0699 -0.9975 -0.0055
vn -0.0137 -0.9922 0.1239
vn -0.0698 -0.9975 -0.0055
vn -0.0381 -0.9937 0.1056
vn -0.8416 0.5401 0.0089
vn -0.9456 -0.2898 -0.1482
vn -0.9563 -0.2923 0.0047
vn -0.5516 -0.8341 -0.0012
vn -0.5517 -0.8341 -0.0012
vn -0.5483 -0.8327 -0.0774
vn -0.6856 -0.7280 0.0003
vn -0.5482 -0.8327 -0.0774
vn -0.5562 -0.8212 -0.1275
vn -0.6819 -0.7261 -0.0885
vn -0.7652 -0.6382 -0.0851
vn -0.6819 -0.7261 -0.0884
vn -0.7596 -0.6369 -0.1313
vn -0.7652 -0.6381 -0.0851
vn -0.6795 -0.7201 -0.1405
vn -0.8744 -0.4744 -0.1017
vn -0.8899 -0.4513 -0.0663
vn -0.9807 -0.1892 -0.0495
vn -0.7685 -0.6399 0.0014
vn -0.7640 -0.6392 0.0878
vn -0.8889 -0.4522 0.0729
vn -0.8920 -0.4520 0.0034
vn -0.9864 -0.1585 0.0429
vn -0.6775 -0.7219 0.1411
vn -0.6807 -0.7272 0.0890
vn -0.7640 -0.6392 0.0879
vn -0.5545 -0.8227 0.1252
vn -0.5472 -0.8336 0.0749
vn -0.9102 -0.3217 0.2608
vn -0.9435 -0.2915 0.1576
vn -0.8920 -0.4520 0.0033
vn -0.9869 -0.1581 -0.0314
vn -0.9875 -0.1575 0.0057
vn -0.9875 -0.1575 0.0058
vn -0.9854 0.1705 -0.0012
vn -0.9869 -0.1580 -0.0314
vn -0.9925 0.1214 0.0162
vn -0.9852 0.1704 0.0166
vn -0.7933 0.5954 0.1275
vn -0.9848 0.1733 0.0077
vn -0.7489 0.6576 -0.0822
vn -0.7488 0.6576 -0.0823
vn -0.1434 0.9603 -0.2393
vn -0.7948 0.5969 -0.1097
vn -0.7476 0.6565 0.1002
vn -0.7443 0.6678 0.0090
vn -0.1114 0.9801 -0.1646
vn -0.7476 0.6565 0.1003
vn -0.1401 0.9574 0.2527
vn -0.1091 0.9780 0.1778
vn -0.1022 0.9947 0.0066
vn -0.1113 0.9801 -0.1646
vn 0.4201 0.8615 -0.2853
vn 0.4343 0.8797 -0.1938
vn -0.1021 0.9948 0.0066
vn 0.4501 0.8930 0.0022
vn 0.6472 0.6982 -0.3060
vn 0.6943 0.7196 -0.0004
vn 0.6725 0.7118 -0.2026
vn 0.7630 0.5586 -0.3252
vn -0.0098 0.9997 -0.0208
vn 0.0083 0.9999 0.0108
vn 0.0086 0.9999 0.0110
vn 0.0429 0.9986 0.0306
vn -0.0106 0.9996 -0.0274
vn 0.0507 0.9982 0.0315
vn -0.0038 0.9994 -0.0343
vn 0.0780 0.9967 0.0240
vn -0.0000 0.9995 -0.0314
vn 0.0827 0.9964 0.0197
vn 0.0078 1.0000 0.0059
vn 0.0923 0.9957 0.0053
vn 0.0005 0.9991 0.0433
vn 0.0825 0.9965 -0.0090
vn -0.0033 0.9989 0.0463
vn 0.0777 0.9969 -0.0132
vn -0.0101 0.9992 0.0394
vn 0.0503 0.9985 -0.0203
vn -0.0094 0.9994 0.0328
vn 0.0425 0.9989 -0.0193
vn 0.0082 1.0000 0.0011
vn 0.0085 1.0000 0.0008
vn -0.9814 -0.1921 0.0055
vn -0.7416 -0.1256 0.6590
vn -0.6710 -0.1016 0.7345
vn -0.9813 -0.1922 0.0055
vn -0.7504 -0.1178 -0.6504
vn -0.6809 -0.0929 -0.7265
vn -0.3984 -0.0203 -0.9170
vn -0.2651 -0.0031 -0.9642
vn 0.9992 0.0405 -0.0065
vn 0.9995 -0.0292 -0.0069
vn 0.9989 -0.0458 -0.0070
vn 0.9707 -0.2401 -0.0080
vn 0.9993 0.0366 -0.0066
vn 0.9661 -0.2581 -0.0081
vn 0.9331 -0.3596 -0.0085
vn 0.9975 -0.0702 -0.0072
vn 0.9961 -0.0877 -0.0073
vn 0.9705 -0.2411 -0.0080
vn 0.9670 -0.2546 -0.0081
vn 0.9099 -0.4146 -0.0086
vn -0.9632 -0.2405 0.1200
vn -0.7004 -0.5213 -0.4875
vn -0.9747 -0.2236 0.0053
vn -0.9648 -0.2391 -0.1099
vn -0.8447 -0.4005 0.3551
vn -0.9842 -0.1697 -0.0495
vn 0.5757 -0.8119 0.0965
vn 0.4713 -0.7942 0.3835
vn 0.5782 -0.8130 0.0686
vn 0.5011 -0.8120 -0.2993
vn 0.4358 -0.7933 0.4251
vn 0.4874 -0.8107 -0.3245
vn 0.2389 -0.8835 0.4029
vn 0.2192 -0.8601 -0.4606
vn 0.1831 -0.9195 0.3478
vn 0.1751 -0.8746 -0.4520
vn 0.0660 -0.9978 -0.0064
vn 0.0104 -0.9999 -0.0060
vn 0.0659 -0.9978 -0.0064
vn 0.1783 -0.9153 -0.3611
vn 0.1812 -0.8799 0.4392
vn 0.2333 -0.8786 -0.4166
vn 0.2254 -0.8655 0.4473
vn 0.4299 -0.7882 -0.4404
vn 0.4917 -0.8144 0.3082
vn 0.4660 -0.7896 -0.3993
vn 0.5051 -0.8154 0.2828
vn 0.5743 -0.8107 -0.1140
vn 0.5771 -0.8121 -0.0861
vn -0.1506 -0.9884 0.0215
vn -0.1205 -0.9924 0.0262
vn -0.1503 -0.9884 0.0213
vn -0.1704 -0.9830 0.0690
vn -0.1183 -0.9924 0.0350
vn -0.1680 -0.9821 0.0848
vn -0.1322 -0.9902 0.0443
vn -0.1341 -0.9857 0.1025
vn -0.1413 -0.9892 0.0399
vn -0.1199 -0.9882 0.0958
vn -0.1583 -0.9874 -0.0048
vn -0.0945 -0.9955 -0.0053
vn -0.1419 -0.9886 -0.0498
vn -0.1212 -0.9870 -0.1059
vn -0.1329 -0.9896 -0.0544
vn -0.1356 -0.9844 -0.1124
vn -0.1189 -0.9919 -0.0453
vn -0.1692 -0.9811 -0.0943
vn -0.1209 -0.9920 -0.0364
vn -0.1714 -0.9821 -0.0784
vn -0.1509 -0.9881 -0.0312
vn -0.1506 -0.9881 -0.0310
vn 0.4886 0.1080 0.8658
vn 0.4769 0.1183 -0.8710
vn -0.9974 0.0712 0.0072
vn -0.9533 0.3020 0.0083
vn -0.9996 0.0262 0.0069
vn -0.8403 -0.5422 0.0025
vn -0.8133 -0.5819 0.0020
vn -0.5540 -0.8325 -0.0012
vn -0.8132 -0.5819 0.0020
vn -0.3507 -0.0189 -0.9363
vn -0.6530 -0.0350 -0.7565
vn -0.7484 -0.0397 -0.6621
vn -0.2522 -0.0132 -0.9676
vn -0.9984 -0.0558 0.0064
vn -0.7393 -0.0477 0.6716
vn -0.6428 -0.0440 0.7648
vn -0.4047 0.1576 -0.9008
vn -0.7736 0.2101 -0.5978
vn -0.8219 0.2014 -0.5329
vn -0.3888 0.1511 -0.9089
vn -0.9851 0.1718 0.0083
vn -0.9851 0.1718 0.0075
vn -0.8133 0.1742 0.5551
vn -0.7604 0.1758 0.6252
vn 0.1639 0.9857 0.0402
vn 0.1526 0.9880 0.0239
vn 0.1428 0.9887 0.0449
vn 0.1629 0.9855 0.0480
vn 0.1445 0.9881 0.0533
vn 0.1423 0.9881 0.0587
vn 0.1683 0.9838 0.0613
vn 0.1343 0.9894 0.0560
vn 0.1770 0.9826 0.0568
vn 0.1173 0.9931 0.0051
vn 0.1953 0.9807 0.0045
vn 0.1337 0.9900 -0.0460
vn 0.1763 0.9832 -0.0474
vn 0.1416 0.9887 -0.0489
vn 0.1675 0.9845 -0.0518
vn 0.1623 0.9860 -0.0385
vn 0.1439 0.9886 -0.0435
vn 0.1634 0.9861 -0.0306
vn 0.1423 0.9892 -0.0350
vn 0.1523 0.9882 -0.0142
vn -0.9996 -0.0264 0.0066
vn -0.7617 -0.0101 0.6478
vn -0.6452 0.0036 0.7640
vn -0.7704 -0.0024 -0.6376
vn -0.6555 0.0127 -0.7551
vn -0.4013 0.0301 -0.9155
vn -0.2391 0.0271 -0.9706
vn 0.0124 -0.1761 0.9843
vn 0.0202 -0.1645 0.9862
vn 0.0542 -0.1810 0.9820
vn 0.0004 -0.1615 0.9869
vn -0.0098 -0.1489 0.9888
vn 0.0032 -0.1540 0.9881
vn -0.0171 -0.1485 0.9888
vn -0.0235 -0.1480 0.9887
vn -0.0349 -0.1472 0.9885
vn -0.0346 -0.1486 0.9883
vn -0.0349 -0.1473 0.9885
vn -0.0339 -0.1516 0.9879
vn -0.0334 -0.1542 0.9875
vn -0.0334 -0.1541 0.9875
vn -0.0359 -0.1514 0.9878
vn -0.0350 -0.1525 0.9877
vn -0.0386 -0.1486 0.9881
vn -0.0387 -0.1486 0.9881
vn -0.0333 -0.1542 0.9875
vn -0.0315 -0.1433 0.9892
vn -0.0181 -0.1470 0.9890
vn -0.0183 -0.1487 0.9887
vn -0.0162 -0.1515 0.9883
vn -0.0211 -0.1506 0.9884
vn -0.0155 -0.1533 0.9881
vn -0.0224 -0.1525 0.9881
vn -0.0155 -0.1534 0.9880
vn -0.0225 -0.1525 0.9881
vn -0.0224 -0.1525 0.9880
vn -0.0190 -0.1529 0.9881
vn -0.0225 -0.1525 0.9880
vn -0.0196 -0.1529 0.9880
vn -0.0316 -0.1351 -0.9903
vn -0.0313 -0.1369 -0.9901
vn -0.0315 -0.1352 -0.9903
vn -0.0296 -0.1397 -0.9898
vn -0.0345 -0.1388 -0.9897
vn -0.0289 -0.1415 -0.9895
vn -0.0358 -0.1407 -0.9894
vn -0.0288 -0.1416 -0.9895
vn -0.0289 -0.1416 -0.9895
vn -0.0359 -0.1406 -0.9894
vn -0.0324 -0.1411 -0.9895
vn -0.0330 -0.1412 -0.9894
vn -0.0359 -0.1407 -0.9894
vn 0.0211 -0.1650 0.9861
vn 0.0202 -0.1641 0.9862
vn 0.0210 -0.1472 0.9889
vn 0.0217 -0.1648 0.9861
vn 0.0237 -0.1657 0.9859
vn 0.0237 -0.1658 0.9859
vn 0.0238 -0.1658 0.9859
vn 0.0213 -0.1404 0.9899
vn 0.0218 -0.1300 0.9913
vn 0.0264 -0.1237 0.9920
vn 0.0329 -0.1149 0.9928
vn 0.0254 -0.1648 0.9860
vn 0.0267 -0.1641 0.9861
vn 0.0410 -0.1565 0.9868
vn 0.0363 -0.1102 0.9932
vn 0.0364 -0.1102 0.9932
vn 0.0345 -0.1063 0.9937
vn 0.0310 -0.0990 0.9946
vn 0.0272 -0.0903 0.9955
vn 0.0270 -0.0905 0.9955
vn 0.0079 -0.1286 -0.9917
vn 0.0076 -0.1354 -0.9908
vn 0.0080 -0.1529 -0.9882
vn 0.0068 -0.1523 -0.9883
vn 0.0083 -0.1530 -0.9882
vn 0.0104 -0.1539 -0.9880
vn 0.0104 -0.1540 -0.9880
vn 0.0120 -0.1531 -0.9881
vn 0.0134 -0.1523 -0.9882
vn 0.0069 -0.1527 -0.9882
vn 0.0275 -0.1447 -0.9891
vn -0.0102 -0.1422 -0.9898
vn 0.0083 -0.1182 -0.9930
vn 0.0046 -0.1139 -0.9935
vn 0.0084 -0.1182 -0.9930
vn 0.0037 -0.1128 -0.9936
vn 0.0130 -0.1119 -0.9936
vn -0.0002 -0.1082 -0.9941
vn 0.0194 -0.1030 -0.9945
vn 0.0013 -0.0849 -0.9964
vn 0.0008 -0.0922 -0.9957
vn 0.0023 -0.0689 -0.9976
vn 0.0006 -0.0534 -0.9986
vn -0.0016 -0.0325 -0.9995
vn -0.0031 -0.0196 -0.9998
vn -0.3478 0.1666 -0.9227
vn -0.7416 0.2433 -0.6251
vn -0.7813 0.2376 -0.5772
vn -0.3649 0.1754 -0.9144
vn -0.9772 0.2124 0.0085
vn -0.9772 0.2123 0.0076
vn -0.7729 0.2063 0.6000
vn -0.7296 0.2061 0.6520
vn -0.0143 -0.9998 0.0134
vn -0.0399 -0.9937 0.1043
vn -0.0143 -0.9998 0.0113
vn -0.0238 -0.9973 -0.0691
vn -0.0522 -0.9909 0.1240
vn -0.0278 -0.9963 -0.0809
vn -0.1161 -0.9800 0.1616
vn -0.0673 -0.9953 -0.0698
vn -0.1365 -0.9774 0.1614
vn -0.0812 -0.9954 -0.0516
vn -0.1762 -0.9843 -0.0047
vn -0.1083 -0.9941 -0.0052
vn -0.1762 -0.9844 -0.0047
vn -0.1082 -0.9941 -0.0052
vn -0.1387 -0.9754 -0.1712
vn -0.0805 -0.9959 0.0408
vn -0.1183 -0.9780 -0.1717
vn -0.0665 -0.9961 0.0588
vn -0.0539 -0.9894 -0.1351
vn -0.0268 -0.9972 0.0694
vn -0.0413 -0.9924 -0.1156
vn -0.0230 -0.9981 0.0575
vn -0.0145 -0.9996 -0.0251
vn -0.0145 -0.9996 -0.0230
vn 0.9475 -0.0897 -0.3069
vn 0.9787 -0.0918 -0.1834
vn 0.9478 -0.0824 -0.3082
vn 0.9559 0.2044 -0.2110
vn 0.9803 -0.0725 -0.1840
vn 0.9001 0.2542 -0.3539
vn 0.9335 0.2862 -0.2160
vn 0.9960 -0.0896 -0.0073
vn 0.9765 0.2155 -0.0053
vn -0.9784 0.2064 0.0079
vn -0.9785 0.2063 0.0079
vn -0.7489 0.1509 0.6453
vn -0.7641 0.1545 0.6263
vn -0.7574 0.1586 -0.6333
vn -0.7725 0.1619 -0.6141
vn -0.3800 0.0769 -0.9218
vn -0.3658 0.0740 -0.9277
vn 0.0792 0.9965 -0.0253
vn 0.0953 0.9954 0.0102
vn 0.0957 0.9954 0.0106
vn 0.1312 0.9908 0.0345
vn 0.0793 0.9963 -0.0325
vn 0.1397 0.9895 0.0359
vn 0.0887 0.9953 -0.0384
vn 0.1696 0.9851 0.0280
vn 0.0929 0.9951 -0.0347
vn 0.1748 0.9843 0.0233
vn 0.1016 0.9948 0.0052
vn 0.1854 0.9826 0.0046
vn 0.0934 0.9946 0.0454
vn 0.1745 0.9846 -0.0138
vn 0.0893 0.9948 0.0491
vn 0.1693 0.9854 -0.0186
vn 0.0798 0.9959 0.0433
vn 0.1393 0.9899 -0.0260
vn 0.0796 0.9962 0.0361
vn 0.1308 0.9911 -0.0245
vn 0.0953 0.9955 0.0004
vn 0.0956 0.9954 -0.0000
vn -0.0045 -0.1434 0.9897
vn -0.0047 -0.1468 0.9892
vn 0.0006 -0.1412 0.9900
vn -0.0030 -0.1396 0.9902
vn -0.0073 -0.1398 0.9902
vn -0.0067 -0.1482 0.9889
vn -0.0067 -0.1483 0.9889
vn -0.0095 -0.1420 0.9898
vn -0.0089 -0.1401 0.9901
vn -0.0179 -0.1424 0.9896
vn -0.0201 -0.1430 0.9895
vn -0.0202 -0.1430 0.9895
vn -0.0202 -0.1431 0.9895
vn -0.0112 -0.1443 0.9895
vn -0.0150 -0.1410 0.9899
vn -0.0173 -0.1388 0.9902
vn -0.0173 -0.1389 0.9902
vn -0.0174 -0.1389 0.9902
vn -0.0142 -0.1335 0.9909
vn -0.0134 -0.1321 0.9912
vn -0.0174 -0.1388 0.9902
vn -0.0111 -0.1282 0.9917
vn -0.0135 -0.1323 0.9911
vn -0.0146 -0.1342 0.9908
vn -0.0112 -0.1281 0.9917
vn -0.0180 -0.1316 -0.9911
vn -0.0129 -0.1294 -0.9915
vn -0.0181 -0.1350 -0.9907
vn -0.0164 -0.1278 -0.9917
vn -0.0165 -0.1278 -0.9917
vn -0.0207 -0.1280 -0.9916
vn -0.0201 -0.1365 -0.9904
vn -0.0201 -0.1364 -0.9904
vn -0.0200 -0.1364 -0.9905
vn -0.0230 -0.1302 -0.9912
vn -0.0223 -0.1282 -0.9915
vn -0.0312 -0.1306 -0.9909
vn -0.0335 -0.1312 -0.9908
vn -0.0336 -0.1312 -0.9908
vn -0.0246 -0.1325 -0.9909
vn -0.0284 -0.1292 -0.9912
vn -0.0308 -0.1270 -0.9914
vn -0.0307 -0.1271 -0.9914
vn -0.0307 -0.1270 -0.9914
vn -0.0276 -0.1217 -0.9922
vn -0.0268 -0.1202 -0.9924
vn -0.0270 -0.1205 -0.9923
vn -0.0245 -0.1163 -0.9929
vn -0.0280 -0.1224 -0.9921
vn -0.0246 -0.1163 -0.9929
vn -0.0246 -0.1164 -0.9929
vn 0.0827 -0.1093 -0.9906
vn 0.0867 -0.1073 -0.9904
vn 0.0833 -0.1039 -0.9911
vn 0.0897 -0.1102 -0.9899
vn 0.0918 -0.1123 -0.9894
vn 0.0926 -0.1131 -0.9893
vn 0.0908 -0.1143 -0.9893
vn 0.0886 -0.1144 -0.9895
vn 0.0772 -0.1186 -0.9899
vn 0.0565 -0.1339 -0.9894
vn 0.0405 -0.1377 -0.9896
vn 0.0853 -0.1242 -0.9886
vn 0.0857 -0.1346 -0.9872
vn 0.0800 -0.1582 -0.9842
vn 0.0408 -0.1693 -0.9847
vn 0.0648 -0.2190 -0.9736
vn 0.0651 -0.2190 -0.9736
vn 0.0794 -0.2321 -0.9695
vn 0.0808 -0.2333 -0.9690
vn 0.1003 -0.2510 -0.9628
vn 0.0934 -0.2294 -0.9688
vn 0.0905 -0.2202 -0.9713
vn 0.0782 -0.1813 -0.9803
vn -0.0010 -0.1644 -0.9864
vn -0.0130 -0.1497 -0.9886
vn -0.0232 -0.1371 -0.9903
vn -0.0234 -0.1371 -0.9903
vn -0.0305 -0.1367 -0.9901
vn -0.0370 -0.1362 -0.9900
vn -0.0483 -0.1354 -0.9896
vn -0.0480 -0.1368 -0.9894
vn -0.0483 -0.1355 -0.9896
vn -0.0473 -0.1398 -0.9890
vn -0.0468 -0.1424 -0.9887
vn -0.0494 -0.1397 -0.9890
vn -0.0484 -0.1407 -0.9889
vn -0.0467 -0.1424 -0.9887
vn -0.0520 -0.1368 -0.9892
vn -0.0449 -0.1315 -0.9903
vn -0.0422 -0.1294 -0.9907
vn -0.0345 -0.1235 -0.9917
vn -0.0344 -0.1235 -0.9918
vn -0.0273 -0.1156 -0.9929
vn -0.0117 -0.1086 -0.9940
vn -0.0159 -0.1031 -0.9945
vn -0.0132 -0.0884 -0.9960
vn -0.0122 -0.0833 -0.9964
vn -0.0019 -0.1118 -0.9937
vn -0.0091 -0.0664 -0.9978
vn -0.0078 -0.0419 -0.9991
vn -0.0077 -0.0381 -0.9992
vn -0.0067 -0.0214 -0.9997
vn -0.0067 -0.0101 -0.9999
vn -0.0068 -0.0069 -1.0000
vn -0.0068 0.0060 -1.0000
vn -0.0068 -0.0066 -1.0000
vn -0.0068 0.0056 -1.0000
vn -0.0067 -0.0153 -0.9999
vn -0.9820 0.1889 0.0078
vn -0.7605 0.1407 0.6339
vn -0.7693 0.1426 0.6228
vn -0.7689 0.1484 -0.6220
vn -0.7776 0.1499 -0.6106
vn -0.3898 0.0742 -0.9179
vn -0.3742 0.0713 -0.9246
vn -0.7709 0.1567 0.6174
vn -0.7144 0.1434 0.6849
vn -0.7791 0.1640 -0.6051
vn -0.7237 0.1514 -0.6733
vn -0.3974 0.0812 -0.9140
vn -0.3176 0.0647 -0.9460
vn -0.9790 0.2037 0.0078
vn -0.9789 0.2040 0.0078
vn -0.7236 0.1410 0.6757
vn -0.7413 0.1453 0.6553
vn -0.7326 0.1490 -0.6641
vn -0.7501 0.1530 -0.6434
vn -0.3540 0.0644 -0.9330
vn -0.3394 0.0613 -0.9387
vn -0.3844 0.0442 -0.9221
vn -0.6724 0.0889 -0.7349
vn -0.7623 0.1038 -0.6389
vn -0.2604 0.0265 -0.9651
vn -0.9904 0.1377 0.0075
vn -0.7536 0.0961 0.6503
vn -0.6623 0.0800 0.7449
vn -0.5203 -0.8351 -0.1784
vn -0.5712 -0.8129 -0.1140
vn -0.9668 -0.2359 -0.0978
vn -0.9888 0.1489 0.0076
vn -0.7628 0.1091 0.6374
vn -0.7028 0.0988 0.7045
vn -0.9888 0.1490 0.0076
vn -0.7712 0.1167 -0.6258
vn -0.7124 0.1070 -0.6935
vn -0.3787 0.0550 -0.9239
vn -0.3015 0.0433 -0.9525
vn 0.7991 0.5651 0.2052
vn 0.8905 0.4549 -0.0033
vn 0.8217 0.5699 -0.0022
vn 0.7963 0.5675 -0.2093
vn 0.8631 0.4566 -0.2157
vn 0.8660 0.4540 0.2094
vn 0.7674 0.5547 0.3214
vn 0.8283 0.4491 0.3351
vn 0.9599 0.2804 -0.0048
vn 0.9351 0.2826 0.2141
vn 0.9995 0.0313 -0.0066
vn 0.9759 0.0408 0.2146
vn 0.8927 0.2818 0.3516
vn 0.9898 -0.1420 -0.0075
vn 0.9336 0.0481 0.3551
vn 0.9693 -0.1304 0.2084
vn 0.9316 -0.1170 0.3442
vn 0.9075 -0.2573 0.3320
vn 0.9401 -0.2746 0.2020
vn 0.9581 -0.2862 -0.0082
vn 0.9372 -0.2722 -0.2179
vn 0.9898 -0.1420 -0.0076
vn 0.8983 -0.3940 0.1942
vn 0.9581 -0.2863 -0.0082
vn 0.9401 -0.2747 0.2019
vn 0.9372 -0.2722 -0.2180
vn 0.8673 -0.3719 -0.3310
vn 0.9029 -0.2532 -0.3473
vn 0.9664 -0.1278 -0.2231
vn 0.9268 -0.1128 -0.3582
vn 0.9664 -0.1278 -0.2230
vn 0.9287 0.0520 -0.3672
vn 0.9729 0.0434 -0.2273
vn 0.8879 0.2860 -0.3603
vn 0.9321 0.2852 -0.2233
vn 0.8879 0.2861 -0.3603
vn 0.8237 0.4532 -0.3409
vn 0.9142 -0.4051 -0.0086
vn 0.8956 -0.3916 -0.2111
vn 0.8460 -0.4329 -0.3114
vn 0.8680 -0.4533 -0.2026
vn 0.8843 -0.4669 -0.0088
vn 0.8680 -0.4533 -0.2025
vn 0.9142 -0.4052 -0.0086
vn 0.8888 -0.3744 -0.2643
vn 0.9190 -0.3574 -0.1666
vn 0.8842 -0.4669 -0.0088
vn 0.9317 -0.3631 -0.0085
vn 0.6548 0.7250 0.2135
vn 0.6519 0.7275 -0.2137
vn 0.6369 0.7710 0.0003
vn 0.9211 -0.3592 0.1499
vn 0.8213 0.5330 -0.2032
vn 0.9211 -0.3593 0.1498
vn 0.8707 -0.4557 0.1853
vn 0.8706 -0.4556 0.1854
vn 0.8983 -0.3941 0.1943
vn 0.8500 -0.4367 0.2945
vn 0.8922 -0.3775 0.2478
vn 0.8716 -0.3758 0.3148
vn -0.9925 0.1216 0.0074
vn -0.9926 0.1215 0.0074
vn -0.7480 0.0857 0.6582
vn -0.7565 0.0869 0.6481
vn -0.7567 0.0937 -0.6471
vn -0.7652 0.0945 -0.6368
vn -0.3689 0.0452 -0.9284
vn -0.3553 0.0435 -0.9337
vn -0.2018 -0.9792 0.0194
vn -0.1697 -0.9852 0.0224
vn -0.2015 -0.9793 0.0193
vn -0.2204 -0.9728 0.0713
vn -0.1669 -0.9855 0.0308
vn -0.2170 -0.9721 0.0887
vn -0.1782 -0.9832 0.0405
vn -0.1762 -0.9782 0.1101
vn -0.1865 -0.9818 0.0366
vn -0.1589 -0.9819 0.1035
vn -0.2023 -0.9793 -0.0045
vn -0.1290 -0.9916 -0.0050
vn -0.1871 -0.9813 -0.0457
vn -0.1604 -0.9806 -0.1130
vn -0.1788 -0.9826 -0.0498
vn -0.1777 -0.9768 -0.1193
vn -0.1674 -0.9851 -0.0403
vn -0.2183 -0.9710 -0.0973
vn -0.1701 -0.9849 -0.0318
vn -0.2214 -0.9719 -0.0799
vn -0.2021 -0.9790 -0.0284
vn -0.2018 -0.9790 -0.0282
vn -0.9782 0.2075 0.0079
vn -0.7555 0.1606 0.6352
vn -0.6800 0.1456 0.7186
vn -0.7640 0.1681 -0.6230
vn -0.6896 0.1541 -0.7076
vn -0.3758 0.0883 -0.9225
vn -0.2854 0.0668 -0.9561
vn -0.9857 0.1681 0.0077
vn -0.7426 0.1201 0.6589
vn -0.7285 0.1174 0.6750
vn -0.7514 0.1280 -0.6473
vn -0.7375 0.1254 -0.6636
vn -0.3511 0.0578 -0.9346
vn -0.3363 0.0553 -0.9401
vn -0.7719 0.1204 -0.6242
vn -0.7453 0.1162 -0.6565
vn -0.3775 0.0592 -0.9241
vn -0.3458 0.0544 -0.9367
vn -0.9883 0.1525 0.0076
vn -0.7634 0.1129 0.6359
vn -0.7363 0.1083 0.6679
vn -0.7639 0.1552 0.6264
vn -0.7056 0.1415 0.6943
vn -0.7722 0.1628 -0.6142
vn -0.7150 0.1496 -0.6829
vn -0.3883 0.0794 -0.9181
vn -0.3097 0.0632 -0.9487
vn -0.9773 0.2117 0.0079
vn -0.9773 0.2118 0.0079
vn -0.7221 0.1494 0.6754
vn -0.7351 0.1525 0.6606
vn -0.7312 0.1573 -0.6637
vn -0.7439 0.1603 -0.6488
vn -0.3465 0.0723 -0.9352
vn -0.3395 0.0708 -0.9379
vn 0.6753 0.7094 0.2019
vn 0.8217 0.5699 -0.0021
vn 0.6944 0.7196 -0.0004
vn 0.8905 0.4549 -0.0034
vn 0.9729 0.0435 -0.2272
vn 0.9693 -0.1304 0.2083
vn 0.9759 0.0408 0.2145
vn 0.8905 0.4550 -0.0033
vn 0.7991 0.5650 0.2052
vn 0.8660 0.4541 0.2094
vn 0.8460 -0.4330 -0.3112
vn 0.9401 -0.2747 0.2020
vn 0.8716 -0.3757 0.3148
vn 0.8983 -0.3940 0.1943
vn 0.8888 -0.3745 -0.2643
vn 0.8707 -0.4556 0.1853
vn 0.8680 -0.4534 -0.2025
vn 0.8240 0.5306 0.1984
vn 0.6548 0.7250 0.2136
vn 0.9211 -0.3593 0.1499
vn 0.9317 -0.3631 -0.0084
vn 0.6519 0.7276 -0.2137
vn 0.8706 -0.4557 0.1854
vn 0.8923 -0.3775 0.2478
vn -0.9773 0.2119 0.0079
vn -0.7516 0.1564 0.6409
vn -0.7035 0.1448 0.6958
vn -0.7601 0.1640 -0.6287
vn -0.7129 0.1529 -0.6844
vn -0.3613 0.0752 -0.9294
vn -0.3201 0.0665 -0.9451
vn -0.9954 0.0952 0.0073
vn -0.7662 0.0675 0.6390
vn -0.7582 0.0666 0.6487
vn -0.9954 0.0953 0.0073
vn -0.7747 0.0751 -0.6278
vn -0.7668 0.0742 -0.6375
vn -0.3785 0.0364 -0.9249
vn -0.3649 0.0351 -0.9304
vn 0.0135 -0.0787 -0.9968
vn 0.0135 -0.0786 -0.9968
vn 0.0175 -0.0870 -0.9961
vn 0.0210 -0.0944 -0.9953
vn 0.0229 -0.0983 -0.9949
vn 0.0228 -0.0983 -0.9949
vn 0.0156 0.9997 -0.0196
vn 0.0337 0.9994 0.0109
vn 0.0340 0.9994 0.0112
vn 0.0677 0.9972 0.0310
vn 0.0146 0.9996 -0.0260
vn 0.0754 0.9966 0.0322
vn 0.0206 0.9992 -0.0331
vn 0.1032 0.9943 0.0252
vn 0.0243 0.9992 -0.0304
vn 0.1083 0.9939 0.0209
vn 0.0318 0.9995 0.0057
vn 0.1183 0.9930 0.0051
vn 0.0248 0.9988 0.0420
vn 0.1080 0.9941 -0.0105
vn 0.0211 0.9988 0.0447
vn 0.1029 0.9946 -0.0148
vn 0.0150 0.9992 0.0377
vn 0.0750 0.9970 -0.0213
vn 0.0159 0.9994 0.0313
vn 0.0674 0.9975 -0.0200
vn 0.0337 0.9994 0.0005
vn 0.0339 0.9994 0.0002
vn -0.9992 -0.0398 0.0065
vn -0.7089 -0.0535 0.7033
vn -0.7155 -0.0320 0.6978
vn -0.9976 0.0684 0.0072
vn -0.7352 0.0495 0.6760
vn -0.7183 -0.0452 -0.6943
vn -0.9929 0.1188 0.0074
vn -0.7592 0.0856 0.6452
vn -0.7249 -0.0237 -0.6885
vn -0.7828 0.0553 0.6197
vn -0.7443 0.0575 -0.6654
vn -0.3165 -0.0160 -0.9484
vn -0.3220 -0.0058 -0.9467
vn -0.3120 -0.0262 -0.9497
vn -0.3437 0.0308 -0.9386
vn -0.7679 0.0932 -0.6338
vn -0.3688 0.0455 -0.9284
vn -0.7912 0.0627 -0.6083
vn -0.3937 0.0329 -0.9186
vn -0.9971 0.0762 0.0072
vn -0.7957 0.0267 -0.6051
vn -0.9995 0.0299 0.0069
vn -0.7874 0.0195 0.6162
vn -0.3974 0.0160 -0.9175
vn -0.9993 -0.0361 0.0066
vn -0.7817 -0.0312 0.6229
vn -0.7900 -0.0238 -0.6126
vn -0.3910 -0.0067 -0.9204
vn -0.9986 -0.0532 0.0064
vn -0.7700 -0.0440 0.6365
vn -0.7785 -0.0364 -0.6266
vn -0.3784 -0.0121 -0.9256
vn -0.7557 -0.0333 0.6540
vn -0.7645 -0.0255 -0.6441
vn -0.3621 -0.0072 -0.9321
vn -0.3445 -0.0249 -0.9385
vn -0.9920 -0.1258 0.0060
vn -0.7345 -0.0893 0.6727
vn -0.7436 -0.0813 -0.6637
vn -0.3413 -0.0240 -0.9397
vn -0.9939 -0.1099 0.0061
vn -0.7345 -0.0836 0.6734
vn -0.7436 -0.0756 -0.6644
vn -0.3286 0.1021 -0.9389
vn -0.9908 0.1350 0.0075
vn -0.7226 0.1134 0.6819
vn -0.7318 0.1215 -0.6706
vn -0.6329 0.4699 0.6154
vn -0.6411 0.4771 -0.6011
vn -0.2952 0.4085 -0.8637
vn -0.8544 0.5196 0.0089
vn 0.9127 -0.1611 -0.3755
vn 0.7273 -0.3082 0.6133
vn 0.9177 -0.1655 0.3613
vn 0.9999 0.0145 -0.0066
vn 0.9899 -0.1414 -0.0075
vn 0.7917 -0.1738 0.5856
vn 0.9413 -0.0200 0.3371
vn 0.9356 0.1714 0.3086
vn 0.9366 -0.0159 -0.3499
vn 0.9059 0.3033 -0.2957
vn 0.9401 0.3410 -0.0044
vn 0.9314 0.1752 -0.3191
vn 0.8396 0.1550 -0.5206
vn 0.8371 0.2541 -0.4844
vn 0.9021 0.3291 -0.2792
vn 0.8417 0.2894 -0.4558
vn 0.0260 -0.0414 -0.9988
vn 0.0340 -0.0634 -0.9974
vn 0.0341 -0.0526 -0.9980
vn 0.0221 -0.0586 -0.9980
vn 0.0412 -0.0893 -0.9951
vn 0.0516 -0.0723 -0.9960
vn 0.0550 -0.0890 -0.9945
vn 0.0588 -0.0805 -0.9950
vn 0.0538 -0.1070 -0.9928
vn 0.0713 -0.0922 -0.9932
vn 0.0695 -0.1038 -0.9922
vn 0.0766 -0.0972 -0.9923
vn -0.5864 -0.8100 -0.0009
vn -0.8386 -0.5447 0.0024
vn -0.5703 -0.8214 -0.0010
vn -0.8453 -0.5343 0.0025
vn -0.9381 -0.3462 0.0043
vn -0.9440 -0.3300 0.0044
vn -0.9750 -0.2223 0.0053
vn -0.9910 -0.1341 0.0059
vn -0.9930 -0.1179 0.0060
vn -0.9967 0.0815 0.0072
vn -0.9946 0.1032 0.0074
vn -0.9253 0.3791 0.0085
vn -0.9111 0.4120 0.0086
vn -0.9973 0.0736 0.0072
vn -0.7860 0.0515 0.6161
vn -0.7138 0.0443 0.6990
vn -0.9973 0.0735 0.0072
vn -0.7942 0.0588 -0.6048
vn -0.7231 0.0526 -0.6887
vn -0.4037 0.0275 -0.9145
vn -0.3102 0.0209 -0.9504
vn -0.0288 -0.1412 0.9896
vn -0.0211 -0.1353 0.9906
vn -0.0210 -0.1353 0.9906
vn -0.0138 -0.1275 0.9917
vn 0.0017 -0.1205 0.9927
vn -0.0024 -0.1150 0.9934
vn 0.0003 -0.1003 0.9950
vn 0.0013 -0.0952 0.9955
vn 0.0115 -0.1237 0.9923
vn 0.0044 -0.0783 0.9969
vn 0.0057 -0.0538 0.9985
vn 0.0059 -0.0500 0.9987
vn 0.0181 -0.1257 0.9919
vn 0.0171 -0.1246 0.9921
vn 0.0132 -0.1200 0.9927
vn 0.0148 -0.0968 0.9952
vn 0.0143 -0.1041 0.9945
vn 0.0158 -0.0808 0.9966
vn 0.0142 -0.0652 0.9978
vn 0.0119 -0.0444 0.9989
vn 0.0105 -0.0315 0.9994
vn 0.0105 -0.0314 0.9995
vn 0.0088 -0.0200 0.9998
vn 0.0086 -0.0186 0.9998
vn 0.0068 -0.0060 1.0000
vn -0.5451 -0.8376 0.0358
vn -0.5471 -0.8160 -0.1867
vn -0.5533 -0.8327 0.0218
vn -0.3664 -0.9191 0.1448
vn -0.5264 -0.8239 -0.2102
vn -0.3117 -0.9400 0.1385
vn -0.3654 -0.8964 -0.2511
vn -0.1735 -0.9796 0.1018
vn -0.3342 -0.9125 -0.2359
vn -0.1555 -0.9837 0.0898
vn -0.2551 -0.9669 -0.0040
vn -0.1232 -0.9924 -0.0051
vn -0.3311 -0.9153 0.2295
vn -0.1568 -0.9826 -0.0994
vn -0.3620 -0.8993 0.2453
vn -0.1749 -0.9783 -0.1111
vn -0.5235 -0.8264 0.2075
vn -0.3137 -0.9383 -0.1454
vn -0.5446 -0.8182 0.1844
vn -0.3684 -0.9174 -0.1508
vn -0.5456 -0.8372 -0.0384
vn -0.5536 -0.8325 -0.0243
vn -0.1639 0.9661 -0.1997
vn -0.1973 0.9801 -0.0208
vn -0.1956 0.9806 -0.0084
vn -0.1027 0.9798 0.1719
vn -0.1388 0.9630 -0.2312
vn -0.0789 0.9784 0.1909
vn -0.0232 0.9707 -0.2391
vn 0.0727 0.9769 0.2009
vn 0.0107 0.9766 -0.2148
vn 0.1028 0.9779 0.1821
vn 0.0764 0.9971 0.0054
vn 0.1749 0.9846 0.0047
vn 0.0137 0.9740 0.2263
vn 0.1004 0.9800 -0.1718
vn -0.0199 0.9678 0.2509
vn 0.0700 0.9792 -0.1902
vn -0.1356 0.9601 0.2445
vn -0.0814 0.9806 -0.1781
vn -0.1611 0.9636 0.2134
vn -0.1049 0.9817 -0.1588
vn -0.1969 0.9798 0.0351
vn -0.1954 0.9805 0.0228
vn 0.0236 -0.0376 0.9990
vn 0.0172 -0.0312 0.9994
vn 0.0099 -0.0119 0.9999
vn 0.0081 -0.0094 0.9999
vn 0.0353 -0.0705 0.9969
vn 0.0150 -0.0190 0.9997
vn 0.0185 -0.0246 0.9995
vn 0.0395 -0.0533 0.9978
vn 0.0475 -0.0752 0.9960
vn 0.0476 -0.0645 0.9968
vn 0.0549 -0.1011 0.9934
vn 0.0651 -0.0842 0.9943
vn 0.0685 -0.1008 0.9925
vn 0.0723 -0.0923 0.9931
vn 0.0674 -0.1187 0.9906
vn 0.0847 -0.1040 0.9910
vn 0.0830 -0.1156 0.9898
vn 0.0901 -0.1090 0.9900
vn 0.0967 -0.1157 0.9886
vn 0.0961 -0.1211 0.9880
vn 0.1000 -0.1191 0.9878
vn 0.1031 -0.1220 0.9872
vn 0.1052 -0.1241 0.9867
vn 0.1060 -0.1249 0.9865
vn 0.1041 -0.1260 0.9865
vn 0.1019 -0.1262 0.9868
vn 0.0906 -0.1304 0.9873
vn 0.0699 -0.1456 0.9869
vn 0.0987 -0.1360 0.9858
vn 0.0539 -0.1495 0.9873
vn 0.0990 -0.1463 0.9843
vn 0.0933 -0.1699 0.9810
vn 0.0781 -0.2305 0.9699
vn 0.0782 -0.2306 0.9699
vn 0.0925 -0.2436 0.9655
vn 0.0939 -0.2449 0.9650
vn 0.1133 -0.2625 0.9583
vn 0.1133 -0.2624 0.9583
vn 0.1065 -0.2409 0.9647
vn 0.1036 -0.2317 0.9672
vn 0.0914 -0.1930 0.9769
vn 0.0914 -0.1929 0.9769
vn 0.5107 0.8590 0.0374
vn 0.4811 0.8603 0.1683
vn 0.4574 0.8701 0.1837
vn 0.3489 0.9198 0.1795
vn 0.5068 0.8618 0.0207
vn 0.3149 0.9356 0.1594
vn 0.4160 0.8967 -0.1513
vn 0.2667 0.9638 0.0079
vn 0.3951 0.9021 -0.1734
vn 0.2666 0.9638 0.0079
vn 0.2537 0.9470 -0.1970
vn 0.3319 0.9347 -0.1273
vn 0.2242 0.9579 -0.1794
vn 0.3721 0.9179 -0.1380
vn 0.1553 0.9879 0.0048
vn 0.4829 0.8684 -0.1125
vn 0.5053 0.8582 -0.0903
vn 0.2267 0.9557 0.1878
vn 0.5173 0.8552 0.0338
vn 0.2564 0.9446 0.2048
vn 0.5137 0.8569 0.0418
vn 0.3949 0.8979 0.1946
vn 0.4148 0.8925 0.1774
vn -0.4083 0.1007 0.9073
vn -0.4122 0.1026 0.9053
vn -0.7603 0.1758 0.6253
vn -0.8133 0.1742 0.5552
vn -0.0919 0.0058 0.9958
vn 0.0259 -0.0093 0.9996
vn 0.3347 -0.0441 0.9413
vn 0.4315 -0.0534 0.9005
vn -0.2951 -0.1292 0.9467
vn 0.0010 -0.0101 0.9999
vn -0.3049 -0.0924 0.9479
vn -0.6960 -0.2070 0.6876
vn 0.0041 -0.0134 0.9999
vn -0.7030 -0.0742 0.7073
vn 0.3137 0.0611 0.9476
vn 0.3105 0.0539 0.9491
vn -0.2992 -0.0376 0.9535
vn -0.7088 -0.0535 0.7034
vn -0.3037 -0.0274 0.9524
vn 0.0031 -0.0056 1.0000
vn 0.3030 0.0338 0.9524
vn 0.0058 -0.0059 1.0000
vn -0.5904 -0.8071 -0.0008
vn -0.7678 -0.6407 0.0014
vn -0.9861 -0.1659 0.0057
vn -0.9863 -0.1650 0.0057
vn -0.9871 0.1602 0.0076
vn -0.9870 0.1607 0.0076
vn -0.9794 0.2018 0.0078
vn -0.3800 0.1210 0.9170
vn -0.3582 0.1086 0.9273
vn -0.7296 0.2061 0.6521
vn -0.7729 0.2064 0.6000
vn -0.0708 0.0058 0.9975
vn 0.0132 -0.0079 0.9999
vn 0.3109 -0.0509 0.9491
vn 0.3859 -0.0601 0.9206
vn -0.9776 0.2021 -0.0586
vn -0.9776 0.2022 -0.0586
vn -0.9836 0.1672 -0.0676
vn -0.9855 0.1541 -0.0708
vn -0.9824 -0.1243 -0.1393
vn -0.9677 -0.1982 -0.1561
vn -0.7590 -0.6062 -0.2373
vn -0.7356 -0.6329 -0.2417
vn -0.5717 -0.7775 -0.2621
vn -0.5717 -0.7775 -0.2620
vn -0.9767 0.2014 0.0743
vn -0.9767 0.2013 0.0743
vn -0.9826 0.1663 0.0829
vn -0.9845 0.1532 0.0859
vn -0.9805 -0.1256 0.1511
vn -0.9655 -0.2001 0.1668
vn -0.7558 -0.6091 0.2403
vn -0.7323 -0.6358 0.2441
vn -0.5681 -0.7806 0.2605
vn -0.7488 0.1508 0.6454
vn -0.3674 0.0659 0.9277
vn -0.3531 0.0629 0.9335
vn -0.7640 0.1545 0.6264
vn 0.0062 -0.0037 1.0000
vn 0.0075 -0.0038 1.0000
vn 0.3684 -0.0517 0.9282
vn 0.3810 -0.0530 0.9230
vn -0.7605 0.1407 0.6340
vn -0.3770 0.0636 0.9240
vn -0.3615 0.0602 0.9304
vn -0.7692 0.1425 0.6229
vn -0.0027 -0.0024 1.0000
vn 0.0140 -0.0051 0.9999
vn 0.3745 -0.0517 0.9258
vn 0.3906 -0.0534 0.9190
vn -0.3859 -0.0313 0.9220
vn -0.6709 -0.1016 0.7345
vn -0.7415 -0.1256 0.6590
vn -0.2520 -0.0147 0.9676
vn -0.0541 -0.0043 0.9985
vn 0.0685 -0.0077 0.9976
vn 0.2685 -0.0098 0.9632
vn 0.3958 -0.0084 0.9183
vn 0.1987 -0.9795 0.0335
vn 0.1041 -0.9748 0.1971
vn 0.2010 -0.9794 0.0218
vn 0.1744 -0.9690 -0.1748
vn 0.0675 -0.9728 0.2214
vn 0.1593 -0.9670 -0.1989
vn -0.0727 -0.9748 0.2111
vn 0.0329 -0.9714 -0.2351
vn -0.1090 -0.9769 0.1837
vn 0.0019 -0.9757 -0.2193
vn -0.1772 -0.9842 -0.0047
vn -0.0707 -0.9975 -0.0055
vn -0.1116 -0.9747 -0.1938
vn 0.0048 -0.9782 0.2076
vn -0.0756 -0.9722 -0.2217
vn 0.0360 -0.9742 0.2230
vn 0.0644 -0.9701 -0.2339
vn 0.1619 -0.9693 0.1852
vn 0.1013 -0.9724 -0.2101
vn 0.1767 -0.9710 0.1609
vn 0.1981 -0.9790 -0.0478
vn 0.2006 -0.9790 -0.0362
vn 0.0068 -0.0334 0.9994
vn 0.0068 -0.0333 0.9994
vn 0.0068 -0.0221 0.9997
vn 0.0068 -0.0188 0.9998
vn 0.0068 -0.0185 0.9998
vn 0.0068 -0.0063 1.0000
vn 0.0068 -0.0272 0.9996
vn -0.7144 0.1433 0.6849
vn -0.3850 0.0702 0.9202
vn -0.3047 0.0534 0.9510
vn -0.7708 0.1566 0.6175
vn -0.0344 0.0029 0.9994
vn 0.0460 -0.0102 0.9989
vn 0.3127 -0.0457 0.9487
vn 0.3974 -0.0550 0.9160
vn -0.9187 0.3949 0.0086
vn -0.9994 0.0349 0.0070
vn -0.9019 0.4318 0.0087
vn -1.0000 0.0019 0.0068
vn -0.9236 -0.3834 0.0040
vn -0.9072 -0.4208 0.0036
vn -0.7843 -0.6204 0.0016
vn -0.7235 0.1410 0.6758
vn -0.3413 0.0533 0.9385
vn -0.3266 0.0500 0.9438
vn -0.7412 0.1453 0.6553
vn 0.0042 -0.0131 0.9999
vn 0.0066 -0.0135 0.9999
vn 0.3404 -0.0580 0.9385
vn 0.3508 -0.0591 0.9346
vn -0.2723 0.0553 0.9606
vn -0.3630 0.0770 0.9286
vn -0.6799 0.1456 0.7187
vn -0.7554 0.1606 0.6352
vn -0.0292 0.0033 0.9996
vn 0.0577 -0.0128 0.9983
vn 0.3289 -0.0512 0.9430
vn 0.3960 -0.0584 0.9164
vn -0.7581 0.0665 0.6487
vn -0.3657 0.0257 0.9304
vn -0.3522 0.0240 0.9356
vn -0.7662 0.0675 0.6391
vn -0.0017 -0.0035 1.0000
vn 0.0127 -0.0044 0.9999
vn 0.3634 -0.0165 0.9315
vn 0.3776 -0.0166 0.9258
vn -0.7479 0.0856 0.6583
vn -0.3560 0.0344 0.9338
vn -0.3426 0.0323 0.9389
vn -0.7565 0.0869 0.6482
vn -0.0013 -0.0033 1.0000
vn 0.0126 -0.0045 0.9999
vn 0.3547 -0.0247 0.9346
vn 0.3683 -0.0252 0.9294
vn -0.3378 -0.0298 0.9407
vn -0.7393 -0.0476 0.6717
vn -0.6427 -0.0440 0.7648
vn -0.2390 -0.0248 0.9707
vn -0.0431 -0.0109 0.9990
vn 0.0564 -0.0018 0.9984
vn 0.2478 -0.0015 0.9688
vn 0.3626 -0.0098 0.9319
vn -0.7055 0.1415 0.6944
vn -0.3759 0.0683 0.9242
vn -0.2968 0.0518 0.9535
vn -0.7638 0.1552 0.6265
vn -0.0332 0.0026 0.9994
vn 0.0449 -0.0100 0.9989
vn 0.3048 -0.0446 0.9514
vn 0.3882 -0.0538 0.9200
vn -0.7221 0.1494 0.6755
vn -0.3339 0.0611 0.9406
vn -0.3267 0.0596 0.9433
vn -0.7350 0.1525 0.6607
vn 0.0021 -0.0032 1.0000
vn 0.0111 -0.0047 0.9999
vn 0.3302 -0.0479 0.9427
vn 0.3577 -0.0509 0.9324
vn -0.3487 0.0640 0.9350
vn -0.3072 0.0552 0.9500
vn -0.7515 0.1563 0.6409
vn -0.0083 -0.0014 1.0000
vn 0.0238 -0.0066 0.9997
vn 0.3319 -0.0480 0.9421
vn 0.3619 -0.0513 0.9308
vn -0.7027 0.0988 0.7045
vn -0.3661 0.0439 0.9295
vn -0.2888 0.0316 0.9569
vn -0.7627 0.1091 0.6375
vn -0.0320 0.0016 0.9995
vn 0.0433 -0.0038 0.9991
vn 0.2921 -0.0052 0.9564
vn 0.3787 -0.0006 0.9255
vn -0.7284 0.1174 0.6750
vn -0.3383 0.0467 0.9399
vn -0.3236 0.0440 0.9452
vn 0.0109 -0.0038 0.9999
vn 0.0090 -0.0036 1.0000
vn 0.3271 -0.0300 0.9445
vn 0.3608 -0.0317 0.9321
vn -0.3888 0.0191 0.9211
vn -0.7617 -0.0100 0.6479
vn -0.2259 0.0155 0.9740
vn -0.0645 0.0036 0.9979
vn 0.0803 -0.0153 0.9967
vn 0.2461 -0.0347 0.9686
vn 0.4035 -0.0500 0.9136
vn -0.2473 0.0150 0.9688
vn -0.3717 0.0335 0.9277
vn -0.6623 0.0800 0.7450
vn -0.7535 0.0962 0.6503
vn -0.0546 -0.0039 0.9985
vn 0.0677 -0.0083 0.9977
vn 0.2394 -0.0259 0.9706
vn 0.3835 -0.0490 0.9222
vn -0.0036 -0.0000 -1.0000
vn -0.0054 0.0025 -1.0000
vn 0.0036 -0.0193 -0.9998
vn 0.0100 -0.0257 -0.9996
vn 0.0015 -0.0071 -1.0000
vn 0.0050 -0.0127 -0.9999
vn -0.3650 0.0481 0.9298
vn -0.3331 0.0432 0.9419
vn -0.7363 0.1083 0.6680
vn -0.7634 0.1129 0.6360
vn -0.0162 -0.0018 0.9999
vn 0.0106 -0.0051 0.9999
vn 0.3290 -0.0408 0.9434
vn 0.3542 -0.0432 0.9342
vn 0.3643 0.0790 -0.9279
vn 0.3850 0.0835 -0.9192
vn 0.7622 0.0745 -0.6431
vn 0.8194 0.0569 -0.5704
vn 0.0460 0.0273 -0.9986
vn -0.0460 0.0205 -0.9987
vn -0.3101 0.0209 -0.9505
vn -0.4036 0.0275 -0.9145
vn -0.7137 0.0443 0.6990
vn -0.3911 0.0171 0.9202
vn -0.2973 0.0095 0.9547
vn -0.7859 0.0514 0.6162
vn -0.0325 0.0086 0.9994
vn 0.0595 0.0154 0.9981
vn 0.3767 0.0679 0.9238
vn 0.3973 0.0725 0.9148
vn 0.0094 -0.0053 0.9999
vn 0.3289 -0.0220 0.9441
vn 0.3740 -0.0364 0.9267
vn 0.3966 -0.0260 0.9176
vn -0.0002 -0.0039 1.0000
vn 0.3162 0.0042 0.9487
vn 0.0083 -0.0055 1.0000
vn -0.3562 0.0344 0.9338
vn 0.0042 -0.0059 1.0000
vn 0.3143 0.0174 0.9491
vn -0.3309 0.0196 0.9434
vn -0.3091 -0.0172 0.9509
vn -0.7828 0.0553 0.6198
vn -0.7155 -0.0320 0.6979
vn -0.3812 0.0219 0.9242
vn -0.7873 0.0195 0.6162
vn -0.3849 0.0051 0.9229
vn -0.7816 -0.0312 0.6230
vn 0.0097 -0.0058 0.9999
vn 0.4034 -0.0129 0.9149
vn -0.3784 -0.0177 0.9255
vn -0.7700 -0.0440 0.6366
vn 0.0097 -0.0067 0.9999
vn 0.3961 0.0005 0.9182
vn -0.3657 -0.0231 0.9304
vn -0.7557 -0.0333 0.6541
vn 0.0059 -0.0068 1.0000
vn 0.3770 0.0038 0.9262
vn -0.3495 -0.0183 0.9368
vn 0.0070 -0.0064 1.0000
vn 0.3626 0.0029 0.9320
vn 0.3463 -0.0087 0.9381
vn 0.0076 -0.0093 0.9999
vn 0.3374 -0.0116 0.9413
vn -0.3317 -0.0361 0.9427
vn -0.7345 -0.0892 0.6727
vn 0.0048 -0.0095 0.9999
vn 0.3317 0.0970 0.9384
vn -0.3285 -0.0352 0.9438
vn -0.7345 -0.0836 0.6735
vn 0.0084 0.0862 0.9962
vn 0.3107 0.3961 0.8640
vn 0.0146 0.3721 0.9281
vn -0.3157 0.0909 0.9445
vn -0.2834 0.3981 0.8725
vn -0.1755 0.7815 0.5988
vn -0.7041 -0.7095 -0.0278
vn -0.7390 -0.6729 -0.0341
vn -0.7503 -0.6594 -0.0473
vn -0.9004 -0.4344 -0.0234
vn -0.8974 -0.4412 0.0034
vn -0.7349 -0.6782 0.0009
vn -0.8974 -0.4411 0.0034
vn -0.9717 -0.2346 -0.0276
vn -0.9709 -0.2334 -0.0544
vn -0.7348 -0.6783 0.0009
vn -0.7097 -0.7041 0.0222
vn -0.7385 -0.6733 0.0361
vn -0.8974 -0.4412 0.0035
vn -0.9000 -0.4347 0.0304
vn -0.7497 -0.6599 0.0496
vn -0.9026 -0.4277 0.0478
vn -0.9001 -0.4347 0.0304
vn -0.9701 -0.2341 0.0648
vn -0.9712 -0.2350 0.0380
vn -0.9703 -0.2417 0.0051
vn -0.5981 0.8001 0.0458
vn -0.5899 0.8074 0.0088
vn -0.5815 0.8096 0.0800
vn 0.6061 0.7954 0.0006
vn 0.6089 0.7932 -0.0011
vn 0.6090 0.7932 -0.0011
vn 0.7687 0.6396 -0.0014
vn 0.7728 0.6346 0.0058
vn 0.9972 0.0746 -0.0003
vn 0.6249 0.7807 -0.0050
vn 0.7784 0.6277 0.0089
vn 0.9966 0.0760 0.0322
vn 0.7785 0.6276 0.0089
vn 0.9967 0.0624 0.0524
vn 0.9972 0.0746 -0.0063
vn 0.7647 0.6443 -0.0013
vn 0.7635 0.6456 -0.0140
vn 0.7656 0.6430 -0.0188
vn 0.7635 0.6457 -0.0139
vn 0.5147 0.8573 -0.0120
vn 0.5499 0.8352 -0.0076
vn 0.7647 0.6444 -0.0013
vn 0.5498 0.8352 -0.0076
vn 0.5490 0.8358 0.0013
vn 0.9872 -0.1591 -0.0076
vn 0.9863 -0.1544 0.0581
vn 0.7409 0.6709 -0.0298
vn 0.7768 0.6289 -0.0315
vn 0.9847 -0.1474 0.0927
vn 0.7433 0.6690 -0.0010
vn 0.7413 0.6706 0.0277
vn 0.9872 -0.1591 -0.0077
vn 0.7412 0.6707 0.0277
vn -0.4652 0.8676 0.1756
vn 0.7772 0.6286 0.0285
vn -0.4751 0.8720 0.1182
vn -0.4715 0.8818 0.0085
vn -0.7012 0.6989 0.1411
vn -0.6895 0.6911 0.2168
vn -0.4715 0.8818 0.0084
vn -0.7029 0.7005 -0.1232
vn -0.7008 0.7133 0.0090
vn -0.7009 0.7132 0.0090
vn -0.8367 0.5229 0.1631
vn -0.4766 0.8732 -0.1014
vn -0.6923 0.6936 -0.1992
vn -0.7030 0.7005 -0.1233
vn -0.4675 0.8696 -0.1589
vn -0.8388 0.5247 -0.1455
vn -0.8415 0.5402 0.0089
vn -0.8416 0.5401 0.0090
vn -0.9435 -0.2916 0.1576
vn -0.8367 0.5228 0.1631
vn -0.9102 -0.3218 0.2608
vn -0.9456 -0.2897 -0.1483
vn -0.9137 -0.3186 -0.2523
vn -0.5561 -0.8212 -0.1275
vn -0.6794 -0.7202 -0.1405
vn -0.9869 -0.1581 -0.0315
vn -0.9925 0.1213 0.0161
vn -0.6807 -0.7271 0.0890
vn -0.6775 -0.7218 0.1411
vn -0.7578 -0.6385 0.1340
vn -0.8729 -0.4758 0.1078
vn -0.8890 -0.4522 0.0729
vn -0.9800 -0.1898 0.0600
vn -0.9926 0.1215 -0.0013
vn -0.9864 -0.1586 0.0429
vn -0.7949 0.5968 -0.1096
vn -0.7489 0.6576 -0.0823
vn -0.1435 0.9603 -0.2393
vn -0.1114 0.9800 -0.1646
vn -0.7477 0.6565 0.1002
vn -0.9848 0.1734 0.0077
vn -0.7932 0.5955 0.1275
vn 0.4240 0.8581 0.2898
vn -0.1090 0.9780 0.1778
vn 0.4372 0.8772 0.1985
vn -0.0031 -0.0195 -0.9998
vn -0.0047 -0.0081 -1.0000
vn -0.0049 -0.0066 -1.0000
vn 0.3974 0.0725 0.9148
vn 0.7708 0.0669 0.6335
vn 0.8271 0.0501 0.5598
vn 0.3768 0.0679 0.9238
vn 1.0000 0.0043 -0.0067
vn 1.0000 0.0043 -0.0068
vn 0.8195 0.0568 -0.5703
vn -0.4854 0.0474 -0.8730
vn -0.4735 0.0369 0.8800
vn 0.7107 -0.0876 -0.6981
vn 0.3739 -0.0497 -0.9261
vn 0.2981 -0.0399 -0.9537
vn 0.7706 -0.0937 -0.6304
vn 0.0253 0.0170 -0.9995
vn -0.0452 0.0382 -0.9982
vn -0.3648 0.1753 -0.9144
vn -0.3477 0.1666 -0.9227
vn 0.7361 -0.0809 -0.6720
vn 0.3835 -0.0474 -0.9223
vn 0.3162 -0.0400 -0.9479
vn 0.7700 -0.0836 -0.6326
vn 0.0441 -0.0009 -0.9990
vn -0.0428 0.0152 -0.9990
vn -0.2853 0.0668 -0.9561
vn -0.3757 0.0883 -0.9225
vn 0.7416 -0.0716 -0.6670
vn 0.4198 -0.0430 -0.9066
vn 0.3220 -0.0333 -0.9461
vn 0.8052 -0.0766 -0.5881
vn 0.0385 0.0142 -0.9992
vn -0.0608 0.0383 -0.9974
vn -0.3887 0.1510 -0.9089
vn -0.4046 0.1576 -0.9008
vn 0.7694 -0.0089 -0.6387
vn 0.7599 -0.0089 -0.6499
vn 0.3651 -0.0056 -0.9310
vn 0.3508 -0.0053 -0.9364
vn -0.0008 0.0076 -1.0000
vn -0.0152 0.0084 -0.9998
vn -0.3648 0.0351 -0.9304
vn -0.3784 0.0364 -0.9249
vn -0.3950 0.0085 -0.9187
vn -0.6759 0.0022 -0.7370
vn -0.2680 0.0098 -0.9634
vn -0.7944 -0.0021 -0.6074
vn -0.9999 -0.0107 0.0067
vn -0.9999 -0.0105 0.0067
vn -0.7861 -0.0093 0.6181
vn -0.6660 -0.0067 0.7459
vn 0.7576 -0.0813 -0.6476
vn 0.3685 -0.0418 -0.9287
vn 0.3558 -0.0406 -0.9337
vn 0.7742 -0.0828 -0.6275
vn -0.0074 0.0082 -0.9999
vn -0.0061 0.0080 -0.9999
vn -0.3657 0.0740 -0.9278
vn -0.3799 0.0769 -0.9218
vn 0.7778 -0.0830 -0.6230
vn 0.7680 -0.0821 -0.6352
vn 0.3782 -0.0423 -0.9248
vn 0.3619 -0.0406 -0.9313
vn 0.0005 0.0068 -1.0000
vn -0.0163 0.0095 -0.9998
vn -0.3741 0.0712 -0.9247
vn -0.3897 0.0742 -0.9180
vn 0.3710 -0.0381 -0.9278
vn 0.6338 -0.1065 -0.7661
vn 0.7320 -0.1390 -0.6670
vn 0.2263 -0.0144 -0.9740
vn 0.0543 0.0033 -0.9985
vn -0.0681 0.0080 -0.9976
vn 0.7609 -0.0271 -0.6483
vn 0.7516 -0.0269 -0.6591
vn 0.3557 -0.0142 -0.9345
vn 0.3421 -0.0136 -0.9396
vn -0.0009 0.0074 -1.0000
vn -0.0149 0.0085 -0.9999
vn -0.3688 0.0451 -0.9284
vn 0.3850 -0.0439 -0.9219
vn 0.7805 -0.0851 -0.6193
vn 0.7138 -0.0786 -0.6960
vn 0.2998 -0.0344 -0.9534
vn 0.0325 0.0018 -0.9995
vn -0.0480 0.0148 -0.9987
vn -0.3175 0.0647 -0.9460
vn -0.3974 0.0812 -0.9141
vn 0.7236 -0.0600 -0.6876
vn 0.3465 -0.0389 -0.9372
vn 0.3355 -0.0382 -0.9412
vn 0.7515 -0.0615 -0.6569
vn -0.0094 -0.0012 -1.0000
vn -0.0068 -0.0017 -1.0000
vn -0.3393 0.0613 -0.9387
vn 0.7206 -0.0782 -0.6889
vn 0.3451 -0.0399 -0.9377
vn 0.3175 -0.0367 -0.9476
vn 0.7543 -0.0813 -0.6515
vn -0.0024 0.0072 -1.0000
vn -0.0115 0.0087 -0.9999
vn -0.3465 0.0723 -0.9353
vn -0.3394 0.0708 -0.9380
vn 0.7477 -0.0816 -0.6589
vn 0.7313 -0.0800 -0.6774
vn 0.3492 -0.0402 -0.9362
vn 0.3191 -0.0368 -0.9470
vn 0.0102 0.0053 -0.9999
vn -0.0218 0.0106 -0.9997
vn -0.3200 0.0665 -0.9451
vn -0.9990 -0.0448 0.0065
vn -0.7216 -0.0578 0.6899
vn -0.7307 -0.0363 0.6817
vn -0.8826 -0.0670 0.4654
vn -0.3243 -0.0193 0.9458
vn -0.7428 -0.1315 0.6565
vn -0.3453 -0.0705 0.9358
vn -0.0000 -0.0066 1.0000
vn -0.5389 -0.1161 0.8343
vn -0.6129 -0.1561 0.7746
vn -0.5509 -0.1841 0.8140
vn -0.3591 -0.1137 0.9263
vn -0.5721 -0.1229 0.8109
vn 0.0078 -0.0177 0.9998
vn 0.3231 0.0033 0.9463
vn 0.3597 -0.0585 0.9312
vn 0.3663 -0.1021 0.9249
vn 0.0045 -0.0286 0.9996
vn 0.3870 -0.0450 0.9210
vn -0.3750 -0.0634 0.9249
vn -0.5766 -0.0373 0.8162
vn 0.0068 -0.0173 0.9998
vn -0.3955 -0.0282 0.9180
vn -0.5207 -0.0379 0.8529
vn 0.0053 -0.0066 1.0000
vn 0.4205 0.0105 0.9072
vn -0.3515 -0.0329 0.9356
vn -0.3950 -0.0654 0.9164
vn 0.0179 -0.0170 0.9997
vn 0.4312 -0.0059 0.9022
vn 0.3691 -0.0508 0.9280
vn -0.2717 -0.0561 0.9607
vn -0.2946 -0.1686 0.9406
vn 0.0245 -0.0357 0.9991
vn -0.1760 -0.1552 0.9721
vn -0.1106 -0.2469 0.9627
vn 0.0532 -0.1443 0.9881
vn 0.3366 -0.1725 0.9257
vn 0.0567 -0.2651 0.9626
vn 0.2615 -0.2886 0.9210
vn 0.4858 0.0806 -0.8703
vn -0.7309 -0.0496 -0.6807
vn -0.9990 -0.0447 0.0065
vn -0.8888 -0.0615 -0.4541
vn -0.7399 -0.0283 -0.6722
vn -0.7516 -0.1237 -0.6479
vn -0.3371 -0.0080 -0.9415
vn -0.5502 -0.1061 -0.8283
vn -0.6233 -0.1469 -0.7680
vn -0.5619 -0.1744 -0.8086
vn -0.3580 -0.0593 -0.9318
vn -0.0136 0.0054 -0.9999
vn -0.3720 -0.1025 -0.9225
vn -0.0058 -0.0058 -1.0000
vn 0.3103 0.0147 -0.9505
vn 0.3471 -0.0473 -0.9366
vn 0.3538 -0.0911 -0.9309
vn -0.5830 -0.1133 -0.8045
vn -0.0090 -0.0166 -0.9998
vn 0.3745 -0.0340 -0.9266
vn -0.3875 -0.0523 -0.9204
vn -0.5877 -0.0276 -0.8086
vn -0.0067 -0.0053 -1.0000
vn -0.4079 -0.0173 -0.9129
vn -0.5322 -0.0278 -0.8462
vn -0.0083 0.0053 -1.0000
vn 0.4082 0.0214 -0.9127
vn -0.3641 -0.0217 -0.9311
vn -0.4074 -0.0545 -0.9116
vn 0.0044 -0.0050 -1.0000
vn 0.4189 0.0049 -0.9080
vn 0.3565 -0.0397 -0.9335
vn -0.2847 -0.0447 -0.9576
vn -0.3073 -0.1574 -0.9385
vn 0.0109 -0.0237 -0.9997
vn -0.1892 -0.1436 -0.9714
vn -0.1236 -0.2354 -0.9640
vn 0.0398 -0.1325 -0.9904
vn 0.3240 -0.1615 -0.9322
vn 0.0436 -0.2536 -0.9663
vn 0.2490 -0.2776 -0.9279
vn 0.4975 0.0703 0.8646
vn 0.3757 -0.0429 -0.9258
vn 0.7734 -0.0842 -0.6283
vn 0.7046 -0.0775 -0.7054
vn 0.2919 -0.0333 -0.9559
vn 0.0314 0.0020 -0.9995
vn -0.0468 0.0144 -0.9988
vn -0.3096 0.0632 -0.9488
vn -0.3882 0.0793 -0.9181
vn 0.2330 -0.0232 -0.9722
vn 0.3912 -0.0391 -0.9195
vn 0.6428 -0.0638 -0.7634
vn 0.7973 -0.0788 -0.5984
vn 0.0668 -0.0034 -0.9978
vn -0.0780 0.0155 -0.9968
vn -0.4012 0.0301 -0.9155
vn 0.2791 0.0062 -0.9602
vn 0.3660 0.0103 -0.9306
vn 0.6914 0.0350 -0.7216
vn 0.7719 0.0429 -0.6343
vn 0.0297 0.0081 -0.9995
vn -0.0455 0.0135 -0.9989
vn -0.3014 0.0433 -0.9525
vn -0.3786 0.0550 -0.9239
vn 0.7155 -0.0490 -0.6969
vn 0.3482 -0.0205 -0.9372
vn 0.3143 -0.0187 -0.9491
vn 0.7497 -0.0523 -0.6597
vn -0.0026 0.0081 -1.0000
vn -0.0045 0.0083 -1.0000
vn -0.3510 0.0578 -0.9346
vn 0.9773 -0.2115 -0.0079
vn 0.7320 -0.1390 -0.6669
vn 0.6339 -0.1065 -0.7661
vn 0.9773 -0.2116 -0.0079
vn 0.7410 -0.1469 0.6553
vn 0.6441 -0.1156 0.7561
vn 0.2395 -0.0259 0.9705
vn -0.0093 0.0060 -0.9999
vn -0.0077 0.0061 -1.0000
vn -0.3219 -0.0058 -0.9467
vn -0.3165 -0.0160 -0.9485
vn -0.0104 0.0064 -0.9999
vn -0.3119 -0.0262 -0.9498
vn -0.0125 0.0018 -0.9999
vn -0.3176 -0.0811 -0.9447
vn -0.3078 -0.1179 -0.9441
vn -0.0095 -0.0015 -1.0000
vn 0.3008 0.0724 -0.9509
vn 0.2976 0.0653 -0.9525
vn 0.7032 0.1272 -0.6995
vn 0.7026 0.1296 -0.6997
vn 0.2901 0.0450 -0.9559
vn 0.6915 0.1022 -0.7151
vn 0.3015 0.0287 -0.9530
vn 0.7063 0.0586 -0.7055
vn 0.3033 0.0155 -0.9528
vn 0.7103 0.0257 -0.7034
vn -0.0138 0.0081 -0.9999
vn 0.3161 -0.0107 -0.9487
vn 0.7252 -0.0307 -0.6879
vn 0.3615 -0.0253 -0.9320
vn 0.7646 -0.0565 -0.6420
vn 0.7854 -0.0348 -0.6180
vn -0.0041 0.0067 -1.0000
vn 0.3842 -0.0150 -0.9231
vn 0.7911 -0.0098 -0.6116
vn -0.0052 0.0065 -1.0000
vn -0.3936 0.0329 -0.9187
vn -0.0038 0.0061 -1.0000
vn -0.3909 -0.0067 -0.9204
vn 0.3910 -0.0020 -0.9204
vn -0.0038 0.0052 -1.0000
vn -0.3783 -0.0120 -0.9256
vn 0.3836 0.0115 -0.9234
vn 0.7850 0.0131 -0.6194
vn -0.0075 0.0051 -1.0000
vn -0.3620 -0.0072 -0.9322
vn 0.3644 0.0148 -0.9311
vn 0.7698 0.0193 -0.6380
vn -0.0066 0.0056 -1.0000
vn 0.3500 0.0140 -0.9366
vn 0.7564 0.0198 -0.6538
vn 0.7387 -0.0204 -0.6737
vn 0.3336 0.0024 -0.9427
vn -0.0060 0.0026 -1.0000
vn -0.3444 -0.0249 -0.9385
vn 0.3247 -0.0004 -0.9458
vn 0.7339 -0.0268 -0.6787
vn 0.7232 0.1337 -0.6776
vn -0.0087 0.0024 -1.0000
vn -0.3412 -0.0240 -0.9397
vn 0.3190 0.1082 -0.9416
vn 0.6432 0.4713 -0.6035
vn 0.2990 0.4065 -0.8634
vn -0.0051 0.0980 -0.9952
vn -0.3285 0.1021 -0.9390
vn -0.2951 0.4084 -0.8638
vn 0.0021 0.3832 -0.9237
vn 0.2038 0.7789 -0.5932
vn 0.3162 -0.0295 -0.9482
vn -0.0029 0.0069 -1.0000
vn 0.3416 -0.0321 -0.9393
vn 0.7270 -0.0694 -0.6832
vn 0.7452 -0.0710 -0.6631
vn -0.0297 0.0101 -0.9995
vn -0.3457 0.0544 -0.9367
vn 0.6576 -0.0594 -0.7510
vn 0.3500 0.0014 -0.9368
vn 0.2347 0.0101 -0.9720
vn 0.7248 -0.0784 -0.6845
vn 0.0428 0.0101 -0.9990
vn -0.0566 0.0010 -0.9984
vn -0.2521 -0.0132 -0.9676
vn -0.3506 -0.0189 -0.9363
vn 0.2555 0.0017 -0.9668
vn 0.3832 0.0027 -0.9237
vn 0.6682 0.0058 -0.7440
vn 0.7866 0.0076 -0.6174
vn 0.0550 0.0042 -0.9985
vn -0.0676 0.0080 -0.9977
vn -0.2650 -0.0031 -0.9642
vn 0.1608 0.9863 0.0364
vn 0.1485 0.9889 0.0083
vn 0.1355 0.9903 0.0312
vn 0.1596 0.9860 0.0476
vn 0.1364 0.9898 0.0409
vn 0.1349 0.9886 0.0664
vn 0.1605 0.9854 0.0573
vn 0.1248 0.9902 0.0631
vn 0.1702 0.9839 0.0546
vn 0.1115 0.9937 0.0093
vn 0.1900 0.9818 0.0046
vn 0.1117 0.9937 0.0078
vn 0.1376 0.9897 -0.0386
vn 0.1695 0.9845 -0.0452
vn 0.1471 0.9884 -0.0384
vn 0.1597 0.9860 -0.0477
vn 0.1673 0.9857 -0.0190
vn 0.1360 0.9902 -0.0310
vn 0.1669 0.9859 -0.0107
vn 0.1352 0.9906 -0.0212
vn 0.1495 0.9887 0.0059
vn 0.3232 0.0033 0.9463
vn 0.7332 -0.0109 0.6799
vn 0.7281 0.0141 0.6853
vn 0.9997 0.0239 -0.0066
vn 0.9997 0.0240 -0.0066
vn 0.8888 -0.0087 0.4582
vn 0.3598 -0.0585 0.9312
vn 0.7528 -0.0909 0.6520
vn 0.5486 -0.1001 0.8301
vn 0.6198 -0.1404 0.7721
vn 0.3664 -0.1022 0.9248
vn 0.5577 -0.1766 0.8111
vn 0.5839 -0.0905 0.8068
vn 0.3871 -0.0450 0.9209
vn 0.6157 0.0155 0.7878
vn 0.6091 -0.0034 0.7931
vn 0.5594 -0.0636 0.8264
vn 0.5012 -0.1850 0.8453
vn 0.3367 -0.1725 0.9257
vn 0.2616 -0.2886 0.9210
vn 0.3103 0.0146 -0.9505
vn 0.7240 -0.0027 -0.6898
vn 0.3472 -0.0473 -0.9366
vn 0.7187 0.0223 -0.6949
vn 0.9997 0.0240 -0.0067
vn 0.8825 -0.0031 -0.4702
vn 0.7438 -0.0830 -0.6632
vn 0.5373 -0.0902 -0.8386
vn 0.6093 -0.1311 -0.7821
vn 0.5466 -0.1669 -0.8206
vn 0.5729 -0.0808 -0.8156
vn 0.3746 -0.0340 -0.9266
vn 0.4082 0.0214 -0.9126
vn 0.6051 0.0251 -0.7958
vn 0.4190 0.0049 -0.9080
vn 0.5983 0.0061 -0.8013
vn 0.5482 -0.0537 -0.8346
vn 0.3565 -0.0397 -0.9334
vn 0.4897 -0.1748 -0.8542
vn 0.3241 -0.1615 -0.9321
vn 0.2491 -0.2776 -0.9279
vn -0.9954 0.0950 0.0073
vn -0.9964 0.0839 0.0073
vn -0.7658 0.0785 -0.6383
vn -0.7571 0.0708 0.6495
vn -0.9963 0.0853 0.0073
vn -0.7709 0.0645 0.6337
vn -0.7794 0.0719 -0.6224
vn -0.3816 0.0395 -0.9235
vn -0.7279 0.0585 0.6832
vn -0.3658 0.0434 -0.9297
vn -0.9982 0.0593 0.0071
vn -0.7011 0.0390 0.7120
vn -0.7370 0.0665 -0.6726
vn -0.3331 0.0354 -0.9422
vn -0.7107 0.0474 -0.7019
vn -0.3055 0.0255 -0.9519
vn -0.9954 0.0957 0.0073
vn -0.8055 0.0778 0.5874
vn -0.7406 0.0725 0.6680
vn -0.8134 0.0846 -0.5755
vn -0.7496 0.0805 -0.6570
vn -0.4320 0.0543 -0.9003
vn -0.3343 0.0450 -0.9414
vn 0.2769 -0.9602 0.0364
vn 0.1591 -0.9686 0.1911
vn 0.2813 -0.9593 0.0265
vn 0.3072 -0.9351 -0.1768
vn 0.1238 -0.9688 0.2147
vn 0.3009 -0.9314 -0.2047
vn -0.0148 -0.9781 0.2075
vn 0.2031 -0.9427 -0.2646
vn -0.0514 -0.9821 0.1814
vn 0.1726 -0.9521 -0.2523
vn -0.1187 -0.9929 -0.0051
vn 0.1048 -0.9945 -0.0066
vn -0.0539 -0.9798 -0.1924
vn 0.1760 -0.9551 0.2386
vn -0.0177 -0.9756 -0.2189
vn 0.2066 -0.9458 0.2505
vn 0.1208 -0.9662 -0.2279
vn 0.3036 -0.9338 0.1895
vn 0.1564 -0.9662 -0.2048
vn 0.3095 -0.9371 0.1614
vn 0.2763 -0.9597 -0.0516
vn 0.2808 -0.9589 -0.0417
vn 0.9894 -0.1448 -0.0076
vn 0.6577 -0.0595 -0.7510
vn 0.9895 -0.1447 -0.0076
vn 0.7340 -0.0865 0.6736
vn 0.6677 -0.0683 0.7412
vn 0.3627 -0.0098 0.9319
vn 0.2479 -0.0014 0.9688
vn -0.3265 0.0297 -0.9447
vn -0.7239 0.0575 -0.6875
vn -0.3606 0.0315 -0.9322
vn -0.7580 0.0604 -0.6495
vn -0.9969 0.0784 0.0072
vn -0.7491 0.0526 0.6603
vn -0.7145 0.0492 0.6979
vn 0.3777 -0.0167 0.9258
vn 0.7687 -0.0166 0.6394
vn 0.7780 -0.0164 0.6281
vn 0.3635 -0.0165 0.9315
vn 0.9999 -0.0115 -0.0068
vn 0.9999 -0.0116 -0.0068
vn 0.7600 -0.0089 -0.6499
vn -0.3876 0.0536 -0.9203
vn -0.7130 0.0849 -0.6960
vn -0.3045 0.0445 -0.9515
vn -0.7818 0.0905 -0.6170
vn -0.9942 0.1068 0.0074
vn -0.9942 0.1069 0.0074
vn -0.7733 0.0831 0.6285
vn -0.7035 0.0765 0.7065
vn -0.4031 0.0501 -0.9138
vn -0.6499 0.0719 -0.7566
vn -0.2450 0.0347 -0.9689
vn -0.8055 0.0842 -0.5866
vn -0.9952 0.0980 0.0073
vn -0.7975 0.0771 0.5984
vn -0.6396 0.0628 0.7661
vn 0.3281 -0.1269 0.9361
vn 0.3056 -0.1585 0.9389
vn 0.3040 -0.1601 0.9391
vn 0.2801 -0.1860 0.9418
vn 0.3280 -0.1269 0.9361
vn 0.2762 -0.1899 0.9422
vn 0.3462 -0.0911 0.9337
vn 0.2514 -0.2121 0.9444
vn 0.3479 -0.0871 0.9335
vn 0.2455 -0.2166 0.9449
vn 0.3568 -0.0498 0.9329
vn 0.2205 -0.2375 0.9460
vn 0.3572 -0.0449 0.9330
vn 0.2162 -0.2415 0.9460
vn 0.2035 -0.2536 0.9457
vn 0.3482 -0.0044 0.9374
vn 0.3448 0.0021 0.9387
vn 0.3342 0.0217 0.9423
vn 0.3343 0.0219 0.9422
vn 0.3153 -0.1156 -0.9419
vn 0.2928 -0.1472 -0.9448
vn 0.3153 -0.1157 -0.9419
vn 0.3335 -0.0799 -0.9393
vn 0.2912 -0.1489 -0.9450
vn 0.3352 -0.0760 -0.9391
vn 0.2673 -0.1746 -0.9477
vn 0.3441 -0.0386 -0.9381
vn 0.2634 -0.1787 -0.9480
vn 0.3445 -0.0337 -0.9382
vn 0.2385 -0.2003 -0.9503
vn 0.3355 0.0069 -0.9420
vn 0.2326 -0.2053 -0.9507
vn 0.3320 0.0133 -0.9432
vn 0.3214 0.0330 -0.9464
vn 0.3215 0.0331 -0.9463
vn 0.2076 -0.2262 -0.9517
vn 0.2034 -0.2301 -0.9517
vn 0.1906 -0.2423 -0.9513
vn -0.3969 0.0548 -0.9162
vn -0.7222 0.0859 -0.6863
vn -0.3124 0.0456 -0.9489
vn -0.7888 0.0913 -0.6078
vn -0.9943 0.1068 0.0074
vn -0.7805 0.0840 0.6195
vn -0.7129 0.0777 0.6970
vn -0.3399 0.0577 -0.9387
vn -0.7391 0.0955 -0.6668
vn -0.3506 0.0589 -0.9347
vn -0.7564 0.0969 -0.6469
vn -0.9950 0.0975 0.0213
vn -0.9950 0.0971 0.0221
vn -0.7509 0.0616 0.6575
vn -0.7229 0.0601 0.6884
vn -0.3298 0.0476 -0.9429
vn -0.7289 0.0866 -0.6791
vn -0.3574 0.0506 -0.9326
vn -0.7628 0.0893 -0.6404
vn -0.9942 0.1071 0.0074
vn -0.9942 0.1072 0.0074
vn -0.7541 0.0816 0.6516
vn -0.7196 0.0783 0.6899
vn -0.3614 0.0511 -0.9310
vn -0.7399 0.0877 -0.6670
vn -0.3316 0.0478 -0.9422
vn -0.7562 0.0890 -0.6483
vn -0.9942 0.1074 0.0074
vn -0.9942 0.1075 0.0074
vn -0.7473 0.0812 0.6595
vn -0.7306 0.0818 0.6779
vn -0.3906 0.0533 -0.9190
vn -0.7765 0.0894 -0.6238
vn -0.3745 0.0516 -0.9258
vn -0.7862 0.0901 -0.6113
vn -0.9945 0.1049 0.0074
vn -0.9944 0.1050 0.0074
vn -0.7779 0.0828 0.6229
vn -0.7680 0.0819 0.6352
vn -0.3778 0.0007 -0.9259
vn -0.6998 -0.0271 -0.7138
vn -0.2917 0.0053 -0.9565
vn -0.7798 -0.0366 -0.6249
vn -0.9980 -0.0623 0.0064
vn -0.9980 -0.0625 0.0064
vn -0.7713 -0.0441 0.6349
vn -0.6902 -0.0357 0.7228
vn -0.9927 0.1208 0.0074
vn -0.7704 0.0946 0.6305
vn -0.9926 0.1209 0.0074
vn -0.7095 0.0882 0.6992
vn -0.7788 0.1020 -0.6189
vn -0.7189 0.0965 -0.6884
vn -0.3858 0.0605 -0.9206
vn -0.3106 0.0513 -0.9492
vn -0.3044 0.9309 -0.2021
vn -0.2880 0.9575 -0.0127
vn -0.2838 0.9589 -0.0018
vn -0.1623 0.9725 0.1668
vn -0.2918 0.9255 -0.2412
vn -0.1392 0.9731 0.1838
vn -0.1979 0.9413 -0.2735
vn 0.0136 0.9804 0.1968
vn -0.1635 0.9537 -0.2524
vn 0.0442 0.9827 0.1801
vn -0.1002 0.9949 0.0066
vn 0.1153 0.9933 0.0051
vn -0.1600 0.9506 0.2660
vn 0.0418 0.9847 -0.1689
vn -0.1941 0.9380 0.2873
vn 0.0110 0.9826 -0.1852
vn -0.2885 0.9226 0.2562
vn -0.1416 0.9752 -0.1703
vn -0.3016 0.9284 0.2173
vn -0.1645 0.9744 -0.1529
vn -0.2877 0.9573 0.0280
vn -0.2837 0.9588 0.0171
vn -0.3682 0.0515 -0.9283
vn -0.7660 0.0891 -0.6366
vn -0.3811 0.0529 -0.9230
vn -0.7828 0.0904 -0.6157
vn -0.9944 0.1055 0.0074
vn -0.9944 0.1057 0.0074
vn -0.7744 0.0830 0.6273
vn -0.7573 0.0814 0.6480
vn -0.3281 0.0516 -0.9432
vn -0.7442 0.0894 -0.6619
vn -0.3959 0.0588 -0.9164
vn -0.7785 0.0917 -0.6209
vn -0.9944 0.1056 0.0074
vn -0.9944 0.1053 0.0074
vn -0.7700 0.0843 0.6324
vn -0.7352 0.0815 0.6730
vn 0.3684 -0.0252 0.9293
vn 0.7605 -0.0346 0.6484
vn 0.7696 -0.0347 0.6375
vn 0.3548 -0.0247 0.9346
vn 0.9994 -0.0353 -0.0070
vn 0.9993 -0.0354 -0.0070
vn 0.7517 -0.0268 -0.6590
vn 0.3163 0.0042 0.9487
vn 0.7159 0.0503 0.6964
vn 0.7198 0.0173 0.6940
vn 0.3144 0.0174 0.9491
vn 0.7012 0.0938 0.7068
vn 0.3031 0.0338 0.9524
vn 0.9970 0.0771 -0.0063
vn 0.9898 0.1421 -0.0059
vn 0.7120 0.1213 0.6916
vn 0.3105 0.0540 0.9490
vn 0.7127 0.1189 0.6914
vn 0.3137 0.0611 0.9475
vn 0.9878 0.1558 -0.0058
vn 0.9855 0.1695 -0.0057
vn 0.7033 0.1271 -0.6995
vn 0.7064 0.0586 -0.7054
vn 0.7104 0.0256 -0.7034
vn 0.9996 0.0287 -0.0066
vn 0.7252 -0.0307 -0.6878
vn 0.7344 -0.0389 0.6776
vn 0.9988 -0.0476 -0.0070
vn 0.7647 -0.0565 -0.6419
vn 0.7733 -0.0641 0.6308
vn 0.9971 -0.0763 -0.0072
vn 0.9988 -0.0474 -0.0070
vn 0.7855 -0.0348 -0.6179
vn 0.7938 -0.0422 0.6067
vn 0.3967 -0.0260 0.9176
vn 0.7912 -0.0098 -0.6115
vn 0.7994 -0.0171 0.6006
vn 0.4035 -0.0129 0.9149
vn 0.9998 -0.0162 -0.0069
vn 0.7850 0.0131 -0.6193
vn 0.7933 0.0058 0.6088
vn 0.3770 0.0037 0.9262
vn 0.9999 0.0107 -0.0067
vn 0.7783 0.0117 0.6277
vn 0.3627 0.0029 0.9319
vn 0.9998 0.0183 -0.0067
vn 0.7652 0.0121 0.6437
vn 0.9998 0.0201 -0.0067
vn 0.7388 -0.0204 -0.6736
vn 0.7478 -0.0284 0.6633
vn 0.3464 -0.0088 0.9380
vn 0.3375 -0.0117 0.9413
vn 0.9991 -0.0421 -0.0070
vn 0.7430 -0.0348 0.6683
vn 0.9988 -0.0486 -0.0071
vn 0.7233 0.1337 -0.6775
vn 0.7323 0.1256 0.6692
vn 0.3318 0.0969 0.9384
vn 0.9888 0.1495 -0.0058
vn 0.6433 0.4713 -0.6034
vn 0.8599 0.5104 -0.0028
vn 0.6514 0.4641 0.6002
vn -0.3680 0.0252 -0.9295
vn -0.7602 0.0345 -0.6488
vn -0.3545 0.0247 -0.9347
vn -0.7693 0.0346 -0.6380
vn -0.9994 0.0353 0.0070
vn -0.9994 0.0352 0.0070
vn -0.7606 0.0269 0.6487
vn -0.7513 0.0267 0.6594
vn -0.5389 0.1553 0.8280
vn -0.5831 0.0195 0.8122
vn -0.3779 0.0066 0.9258
vn -0.3566 0.1502 0.9221
vn -0.2893 0.2721 0.9178
vn -0.0507 0.1273 0.9906
vn -0.0653 0.2514 0.9657
vn 0.1148 0.2330 0.9657
vn -0.0154 -0.0074 0.9999
vn -0.0086 -0.0232 0.9997
vn 0.1984 0.1416 0.9698
vn 0.3297 0.1585 0.9307
vn 0.4263 0.0454 0.9034
vn 0.2982 0.0194 0.9543
vn 0.3770 0.0009 0.9262
vn 0.8857 0.4643 -0.0032
vn 0.4813 0.8766 0.0020
vn 0.4690 0.8832 0.0021
vn 0.9067 0.4219 -0.0036
vn 0.9956 -0.0929 -0.0073
vn 0.9912 -0.1320 -0.0075
vn -0.1491 -0.9888 -0.0049
vn -0.1354 -0.9905 0.0223
vn -0.1492 -0.9888 -0.0049
vn -0.1693 -0.9855 0.0151
vn -0.1367 -0.9901 0.0332
vn -0.1709 -0.9849 0.0262
vn -0.1608 -0.9858 0.0480
vn -0.1515 -0.9872 0.0497
vn -0.1714 -0.9842 0.0444
vn -0.1403 -0.9888 0.0502
vn -0.1911 -0.9816 -0.0046
vn -0.1133 -0.9935 -0.0094
vn -0.1132 -0.9935 -0.0101
vn -0.1720 -0.9836 -0.0538
vn -0.1263 -0.9892 -0.0749
vn -0.1615 -0.9852 -0.0575
vn -0.1372 -0.9875 -0.0775
vn -0.1373 -0.9896 -0.0432
vn -0.1611 -0.9854 -0.0544
vn -0.1358 -0.9902 -0.0323
vn -0.1619 -0.9860 -0.0401
vn -0.1481 -0.9889 -0.0096
vn 0.3509 -0.0591 0.9345
vn 0.7402 -0.0954 0.6656
vn 0.7567 -0.0968 0.6466
vn 0.9951 -0.0965 -0.0220
vn 0.9951 -0.0965 -0.0211
vn 0.7515 -0.0615 -0.6568
vn 0.7236 -0.0601 -0.6876
vn 0.3685 -0.0517 0.9282
vn 0.3811 -0.0530 0.9230
vn 0.7664 -0.0890 0.6362
vn 0.7827 -0.0902 0.6159
vn 0.9944 -0.1050 -0.0074
vn 0.9944 -0.1053 -0.0074
vn 0.7743 -0.0828 -0.6274
vn 0.7577 -0.0813 -0.6475
vn 0.3290 -0.0513 0.9429
vn 0.7452 -0.0889 0.6609
vn 0.7785 -0.0910 0.6210
vn 0.9945 -0.1047 -0.0074
vn 0.9945 -0.1046 -0.0074
vn 0.7700 -0.0836 -0.6325
vn 0.7362 -0.0809 -0.6719
vn 0.9928 -0.1193 -0.0074
vn 0.7107 -0.0876 -0.6980
vn 0.9928 -0.1195 -0.0074
vn 0.7790 -0.1011 0.6188
vn 0.7201 -0.0959 0.6872
vn 0.3860 -0.0601 0.9206
vn 0.3110 -0.0509 0.9491
vn 0.7231 -0.0869 0.6852
vn 0.7889 -0.0924 0.6076
vn 0.3127 -0.0458 0.9487
vn 0.9941 -0.1085 -0.0074
vn 0.9941 -0.1086 -0.0074
vn 0.7806 -0.0851 -0.6192
vn 0.7138 -0.0787 -0.6959
vn 0.3303 -0.0479 0.9427
vn 0.3578 -0.0509 0.9324
vn 0.7299 -0.0864 0.6781
vn 0.7631 -0.0889 0.6402
vn 0.9943 -0.1062 -0.0074
vn 0.9943 -0.1063 -0.0074
vn 0.7544 -0.0813 -0.6514
vn 0.7207 -0.0781 -0.6889
vn 0.7404 -0.0881 0.6664
vn 0.7566 -0.0894 0.6477
vn 0.3320 -0.0480 0.9421
vn 0.9941 -0.1080 -0.0074
vn 0.9941 -0.1079 -0.0074
vn 0.7478 -0.0816 -0.6589
vn 0.7313 -0.0800 -0.6773
vn 0.3907 -0.0534 0.9190
vn 0.7765 -0.0896 0.6237
vn 0.7863 -0.0903 0.6113
vn 0.9944 -0.1052 -0.0074
vn 0.7779 -0.0830 -0.6229
vn 0.3788 -0.0006 0.9255
vn 0.7011 0.0264 0.7125
vn 0.7805 0.0354 0.6242
vn 0.9981 0.0605 -0.0064
vn 0.9982 0.0604 -0.0064
vn 0.7720 0.0429 -0.6342
vn 0.6915 0.0349 -0.7216
vn 0.0560 0.9984 0.0056
vn 0.5811 0.8139 0.0009
vn 0.5923 0.8057 0.0008
vn 0.0582 0.9983 0.0056
vn 0.8161 0.5779 -0.0021
vn 0.8324 0.5541 -0.0023
vn 0.9754 0.2205 -0.0053
vn 0.9826 0.1859 -0.0055
vn 0.9987 -0.0511 -0.0071
vn 0.9980 -0.0629 -0.0071
vn 0.9699 -0.2434 -0.0080
vn 0.9634 -0.2678 -0.0081
vn 0.9635 -0.2678 -0.0081
vn 0.7141 -0.0859 0.6948
vn 0.7819 -0.0917 0.6166
vn 0.3049 -0.0447 0.9513
vn 0.9940 -0.1087 -0.0074
vn 0.7735 -0.0843 -0.6282
vn 0.7046 -0.0775 -0.7053
vn 0.6530 -0.0729 0.7538
vn 0.4036 -0.0500 0.9136
vn 0.2462 -0.0347 0.9686
vn 0.8053 -0.0859 0.5865
vn 0.9949 -0.1006 -0.0073
vn 0.9949 -0.1007 -0.0073
vn 0.7974 -0.0788 -0.5983
vn -0.4559 -0.2690 -0.8484
vn -0.4905 -0.1099 -0.8645
vn -0.4431 -0.3197 -0.8375
vn -0.4948 -0.0881 -0.8645
vn -0.5231 -0.0276 -0.8518
vn -0.5236 -0.0280 -0.8515
vn -0.5296 -0.2029 -0.8236
vn -0.5273 -0.2236 -0.8197
vn -0.4788 -0.1203 0.8696
vn -0.4444 -0.2791 0.8512
vn -0.4318 -0.3297 0.8396
vn -0.4831 -0.0984 0.8700
vn -0.5116 -0.0378 0.8584
vn -0.5121 -0.0382 0.8581
vn -0.5184 -0.2128 0.8283
vn -0.5162 -0.2334 0.8241
vn -0.3774 0.0166 -0.9259
vn -0.7685 0.0164 -0.6397
vn -0.3633 0.0164 -0.9315
vn -0.7778 0.0163 -0.6283
vn -0.9999 0.0114 0.0068
vn -0.9999 0.0113 0.0068
vn -0.7692 0.0087 0.6389
vn -0.7598 0.0087 0.6501
vn 0.9953 -0.0966 -0.0073
vn 0.7452 -0.0710 -0.6630
vn 0.7270 -0.0694 -0.6831
vn 0.7541 -0.0789 0.6520
vn 0.7362 -0.0774 0.6724
vn 0.3543 -0.0432 0.9341
vn 0.3291 -0.0408 0.9434
vn 0.3272 -0.0300 0.9445
vn 0.3609 -0.0317 0.9321
vn 0.7249 -0.0572 0.6864
vn 0.7585 -0.0598 0.6489
vn 0.9970 -0.0774 -0.0072
vn 0.9970 -0.0776 -0.0072
vn 0.7156 -0.0490 -0.6968
vn -0.9892 0.1463 0.0076
vn -0.7230 0.0784 0.6864
vn -0.9892 0.1464 0.0076
vn -0.6558 0.0603 0.7525
vn -0.7320 0.0875 -0.6756
vn -0.6660 0.0692 -0.7428
vn -0.3612 0.0100 -0.9325
vn -0.2475 0.0015 -0.9689
vn 0.9955 -0.0942 -0.0073
vn 0.8052 -0.0766 -0.5880
vn 0.7417 -0.0716 -0.6669
vn 0.8131 -0.0835 0.5762
vn 0.7506 -0.0795 0.6559
vn 0.4316 -0.0534 0.9005
vn -0.5804 0.0943 -0.8088
vn -0.3803 0.0843 -0.9210
vn -0.3926 0.0972 -0.9146
vn -0.0012 0.0268 -0.9996
vn -0.2825 -0.7449 -0.6044
vn -0.6457 0.0113 -0.7635
vn -0.5773 0.1402 -0.8044
vn -0.5997 0.0727 -0.7969
vn -0.0046 0.0261 -0.9996
vn -0.4011 0.0372 -0.9153
vn 0.3719 0.1045 -0.9223
vn 0.3923 0.1097 -0.9133
vn 0.5732 0.1045 -0.8127
vn 0.6369 0.0274 -0.7704
vn 0.2085 -0.7643 -0.6102
vn 0.5678 0.1628 -0.8069
vn 0.5870 0.1129 -0.8017
vn 0.3875 0.0603 -0.9199
vn 0.5920 0.0340 -0.8052
vn -0.0074 0.0160 -0.9998
vn 0.4053 0.0257 -0.9138
vn 0.5422 0.0242 -0.8399
vn -0.0069 0.0052 -1.0000
vn 0.3644 0.0120 -0.9312
vn 0.4140 0.0562 -0.9085
vn -0.4322 -0.0132 -0.9017
vn -0.6313 -0.0196 -0.7753
vn -0.0222 -0.0113 -0.9997
vn -0.4467 -0.0207 -0.8945
vn -0.6306 -0.0196 -0.7758
vn -0.5940 0.0292 -0.8039
vn -0.3904 0.0176 -0.9205
vn -0.5500 0.1652 -0.8187
vn -0.3690 0.1612 -0.9153
vn -0.3017 0.2830 -0.9105
vn -0.0641 0.1391 -0.9882
vn -0.0783 0.2629 -0.9616
vn 0.1017 0.2446 -0.9643
vn -0.0289 0.0045 -0.9996
vn 0.1853 0.1532 -0.9707
vn 0.3171 0.1696 -0.9331
vn 0.2853 0.0308 -0.9580
vn -0.9576 0.2881 0.0082
vn -0.8608 0.5088 0.0089
vn -0.9987 0.0505 0.0071
vn -0.9987 0.0505 0.0069
vn -0.9990 0.0452 0.0070
vn -0.9852 -0.1715 0.0057
vn -0.8995 -0.4370 0.0035
vn -0.9987 0.0505 0.0070
vn -0.3678 0.0733 0.9270
vn -0.5694 0.0846 0.8177
vn -0.3802 0.0862 0.9209
vn 0.0124 0.0149 0.9998
vn -0.2743 -0.7521 0.5993
vn -0.6353 0.0021 0.7722
vn -0.5663 0.1306 0.8138
vn -0.5889 0.0631 0.8058
vn 0.0089 0.0142 0.9999
vn -0.3887 0.0263 0.9210
vn 0.3844 0.0935 0.9184
vn 0.4046 0.0988 0.9091
vn 0.5842 0.0948 0.8061
vn 0.6473 0.0183 0.7620
vn 0.2168 -0.7716 0.5981
vn 0.5787 0.1532 0.8010
vn 0.5978 0.1034 0.7949
vn 0.3999 0.0493 0.9152
vn 0.6029 0.0245 0.7974
vn 0.0061 0.0040 1.0000
vn 0.4176 0.0149 0.9085
vn 0.5535 0.0142 0.8327
vn 0.0066 -0.0067 1.0000
vn -0.4199 -0.0239 0.9072
vn -0.6207 -0.0289 0.7835
vn -0.4345 -0.0315 0.9001
vn -0.6201 -0.0289 0.7840
vn 0.0101 -0.0078 0.9999
vn 0.3405 -0.0468 0.9391
vn 0.0243 -0.0081 0.9997
vn 0.3443 -0.0352 0.9382
vn -0.2925 0.0142 0.9562
vn 0.3632 -0.0545 0.9301
vn -0.3203 0.0241 0.9470
vn -0.7278 0.0585 0.6833
vn 0.0058 -0.0070 1.0000
vn 0.3758 -0.0513 0.9253
vn 0.0042 -0.0068 1.0000
vn -0.3531 0.0323 0.9350
vn -0.7570 0.0708 0.6496
vn -0.3689 0.0300 0.9290
vn -0.7709 0.0635 0.6337
vn -0.2549 -0.0018 0.9670
vn -0.3823 -0.0024 0.9240
vn -0.7860 -0.0093 0.6181
vn -0.0547 -0.0041 0.9985
vn 0.0673 -0.0078 0.9977
vn 0.2648 0.0033 0.9643
vn 0.3971 0.0208 0.9175
vn -0.9770 0.2132 0.0079
vn -0.7304 0.1399 0.6686
vn -0.6313 0.1068 0.7681
vn -0.7393 0.1478 -0.6569
vn -0.6416 0.1159 -0.7582
vn -0.3828 0.0491 -0.9225
vn -0.2388 0.0258 -0.9707
vn -0.2318 0.0232 0.9725
vn -0.6396 0.0628 0.7662
vn -0.3907 0.0390 0.9197
vn -0.7974 0.0772 0.5985
vn -0.0668 0.0037 0.9978
vn 0.0782 -0.0155 0.9968
vn 0.2381 -0.0271 0.9709
vn 0.4006 -0.0298 0.9157
vn -0.2994 0.0343 0.9535
vn -0.7128 0.0776 0.6970
vn -0.3843 0.0437 0.9222
vn -0.0323 -0.0018 0.9995
vn 0.0477 -0.0147 0.9988
vn 0.3169 -0.0644 0.9463
vn 0.3970 -0.0808 0.9142
vn -0.2914 0.0332 0.9560
vn -0.7035 0.0765 0.7066
vn -0.3750 0.0425 0.9261
vn -0.7733 0.0831 0.6286
vn -0.0312 -0.0020 0.9995
vn 0.0465 -0.0144 0.9988
vn 0.3089 -0.0629 0.9490
vn 0.3878 -0.0790 0.9183
vn -0.7196 0.0784 0.6900
vn -0.3447 0.0395 0.9379
vn -0.7540 0.0816 0.6517
vn -0.3169 0.0363 0.9478
vn 0.0023 -0.0075 1.0000
vn 0.0114 -0.0090 0.9999
vn 0.3460 -0.0724 0.9354
vn 0.3388 -0.0709 0.9382
vn -0.3487 0.0399 0.9364
vn -0.7308 0.0796 0.6780
vn -0.3187 0.0366 0.9472
vn -0.0102 -0.0055 0.9999
vn 0.0218 -0.0107 0.9997
vn 0.3194 -0.0666 0.9453
vn 0.3608 -0.0753 0.9296
vn -0.2787 -0.0061 0.9603
vn -0.6901 -0.0357 0.7228
vn -0.3650 -0.0100 0.9310
vn -0.7712 -0.0442 0.6350
vn -0.0295 -0.0080 0.9995
vn 0.0452 -0.0134 0.9989
vn 0.3007 -0.0431 0.9527
vn 0.3779 -0.0548 0.9242
vn -0.3479 0.0204 0.9373
vn -0.7491 0.0526 0.6604
vn -0.3136 0.0183 0.9494
vn 0.0025 -0.0083 1.0000
vn 0.0044 -0.0086 1.0000
vn 0.3357 -0.0553 0.9404
vn 0.3506 -0.0578 0.9347
vn 0.6783 -0.0030 0.7348
vn 0.3959 -0.0084 0.9183
vn 0.2686 -0.0098 0.9632
vn 0.7949 0.0003 0.6067
vn 0.9999 0.0076 -0.0067
vn 0.9999 0.0077 -0.0067
vn 0.6682 0.0058 -0.7439
vn -0.7228 0.0601 0.6884
vn -0.3466 0.0386 0.9372
vn -0.7509 0.0616 0.6576
vn -0.3350 0.0379 0.9415
vn 0.0093 0.0011 1.0000
vn 0.0069 0.0014 1.0000
vn 0.3387 -0.0613 0.9389
vn 0.3536 -0.0645 0.9332
vn -0.7572 0.0814 0.6481
vn -0.3684 0.0416 0.9287
vn -0.7743 0.0830 0.6273
vn -0.3556 0.0404 0.9338
vn 0.0073 -0.0085 0.9999
vn 0.0060 -0.0083 0.9999
vn 0.3654 -0.0741 0.9279
vn 0.3799 -0.0770 0.9218
vn -0.7778 0.0828 0.6230
vn -0.3782 0.0421 0.9248
vn -0.7679 0.0819 0.6353
vn -0.3619 0.0406 0.9313
vn -0.0005 -0.0069 1.0000
vn 0.0163 -0.0095 0.9998
vn 0.3739 -0.0711 0.9247
vn 0.3898 -0.0741 0.9179
vn -0.3553 0.0141 0.9347
vn -0.3418 0.0135 0.9397
vn 0.0010 -0.0074 1.0000
vn 0.0148 -0.0085 0.9999
vn 0.3548 -0.0434 0.9339
vn 0.3686 -0.0451 0.9285
vn -0.7351 0.0815 0.6730
vn -0.3834 0.0478 0.9224
vn -0.7700 0.0842 0.6325
vn -0.3152 0.0403 0.9482
vn -0.0441 0.0011 0.9990
vn 0.0432 -0.0152 0.9990
vn 0.2846 -0.0667 0.9563
vn 0.3752 -0.0882 0.9227
vn -0.7406 0.0725 0.6681
vn -0.4197 0.0433 0.9066
vn -0.8055 0.0778 0.5875
vn -0.3216 0.0338 0.9463
vn -0.0385 -0.0146 0.9992
vn 0.0599 -0.0389 0.9974
vn 0.3863 -0.1506 0.9100
vn 0.4064 -0.1588 0.8998
vn -0.6312 0.1068 0.7682
vn -0.3703 0.0380 0.9281
vn -0.7303 0.1399 0.6686
vn -0.2256 0.0141 0.9741
vn -0.0544 -0.0036 0.9985
vn 0.0679 -0.0078 0.9977
vn 0.2596 -0.0265 0.9653
vn 0.3837 -0.0444 0.9224
vn -0.7692 0.0087 0.6390
vn -0.3648 0.0055 0.9311
vn -0.7597 0.0087 0.6502
vn -0.3506 0.0053 0.9365
vn 0.0008 -0.0075 1.0000
vn 0.0152 -0.0084 0.9998
vn 0.3645 -0.0350 0.9306
vn 0.3783 -0.0363 0.9250
vn -0.7094 0.0882 0.6992
vn -0.3734 0.0491 0.9264
vn -0.2977 0.0400 0.9538
vn -0.0252 -0.0176 0.9995
vn 0.0440 -0.0388 0.9983
vn 0.3626 -0.1744 0.9155
vn 0.3489 -0.1675 0.9221
vn -0.3484 -0.0012 0.9373
vn -0.7228 0.0793 0.6865
vn -0.2343 -0.0101 0.9721
vn -0.0425 -0.0103 0.9990
vn 0.0564 -0.0014 0.9984
vn 0.2513 0.0134 0.9678
vn 0.3497 0.0190 0.9367
vn 0.6506 0.0340 0.7587
vn 0.7470 0.0382 0.6637
vn -0.1666 0.9659 -0.1982
vn -0.1984 0.9799 -0.0201
vn -0.1967 0.9804 -0.0083
vn -0.1051 0.9797 0.1706
vn -0.1425 0.9627 -0.2299
vn -0.0822 0.9784 0.1896
vn -0.0269 0.9701 -0.2411
vn 0.0694 0.9769 0.2023
vn 0.0080 0.9761 -0.2174
vn 0.1003 0.9778 0.1839
vn 0.0748 0.9972 0.0054
vn 0.1736 0.9848 0.0047
vn 0.0110 0.9734 0.2289
vn 0.0979 0.9799 -0.1736
vn -0.0236 0.9672 0.2530
vn 0.0668 0.9792 -0.1915
vn -0.1393 0.9599 0.2433
vn -0.0847 0.9806 -0.1768
vn -0.1638 0.9635 0.2119
vn -0.1074 0.9817 -0.1575
vn -0.1980 0.9796 0.0344
vn -0.1965 0.9802 0.0227
vn -0.3992 -0.0731 -0.9139
vn -0.7686 -0.0676 -0.6361
vn -0.3737 -0.0676 -0.9251
vn -0.8296 -0.0498 -0.5562
vn -1.0000 -0.0055 0.0067
vn -0.8220 -0.0565 0.5667
vn -0.7600 -0.0752 0.6456
vn -0.0034 0.0041 -1.0000
vn -0.3054 0.0255 -0.9519
vn 0.0108 0.0038 -0.9999
vn -0.3330 0.0354 -0.9422
vn 0.3278 -0.0355 -0.9441
vn 0.3315 -0.0240 -0.9431
vn 0.7304 -0.0887 -0.6773
vn 0.7362 -0.0642 -0.6737
vn 0.7523 -0.1055 -0.6503
vn 0.3506 -0.0433 -0.9355
vn 0.7650 -0.0964 -0.6368
vn 0.3633 -0.0402 -0.9308
vn -0.0077 0.0050 -1.0000
vn -0.0093 0.0052 -0.9999
vn -0.3657 0.0434 -0.9297
vn -0.3814 0.0410 -0.9235
vn 0.7119 -0.0432 -0.7009
vn 0.3911 -0.0162 -0.9202
vn 0.7863 -0.0504 -0.6158
vn 0.2963 -0.0093 -0.9551
vn 0.0327 -0.0090 -0.9994
vn -0.0589 -0.0160 -0.9981
vn -0.3736 -0.0676 -0.9251
vn -0.3991 -0.0731 -0.9140
vn -0.3868 -0.0841 0.9183
vn -0.3611 -0.0786 0.9292
vn -0.7599 -0.0753 0.6457
vn -0.8219 -0.0565 0.5668
vn -0.0454 -0.0279 0.9986
vn 0.0462 -0.0209 0.9987
vn 0.3091 -0.0206 0.9508
vn 0.4035 -0.0272 0.9146
vn 0.2466 -0.0150 -0.9690
vn 0.6595 -0.0805 -0.7474
vn 0.3712 -0.0336 -0.9280
vn 0.7529 -0.0973 -0.6509
vn 0.0545 0.0037 -0.9985
vn -0.0678 0.0079 -0.9977
vn -0.2387 0.0258 -0.9708
vn 0.2382 0.0249 -0.9709
vn 0.6403 0.0431 -0.7669
vn 0.3367 0.0301 -0.9411
vn 0.7380 0.0462 -0.6733
vn 0.0428 0.0105 -0.9990
vn -0.0561 0.0016 -0.9984
vn -0.2474 0.0015 -0.9689
vn -0.3611 0.0100 -0.9325
vn 0.7045 -0.1404 -0.6957
vn 0.3754 -0.0683 -0.9243
vn 0.7641 -0.1542 -0.6264
vn 0.2961 -0.0515 -0.9538
vn 0.0330 -0.0025 -0.9995
vn -0.0448 0.0099 -0.9989
vn -0.3044 0.0445 -0.9515
vn -0.3875 0.0536 -0.9203
vn 0.7214 -0.1492 -0.6763
vn 0.3335 -0.0612 -0.9408
vn 0.7347 -0.1523 -0.6610
vn 0.3261 -0.0597 -0.9435
vn -0.0022 0.0030 -1.0000
vn -0.0112 0.0045 -0.9999
vn -0.3296 0.0476 -0.9429
vn 0.7024 -0.1440 -0.6970
vn 0.3481 -0.0645 -0.9353
vn 0.7516 -0.1558 -0.6410
vn 0.3066 -0.0552 -0.9502
vn 0.0082 0.0013 -1.0000
vn -0.0237 0.0064 -0.9997
vn -0.3315 0.0478 -0.9423
vn -0.3613 0.0511 -0.9310
vn 0.6424 -0.0028 -0.7664
vn 0.3882 -0.0189 -0.9214
vn 0.7604 0.0115 -0.6494
vn 0.2250 -0.0155 -0.9742
vn 0.0647 -0.0036 -0.9979
vn -0.0804 0.0156 -0.9966
vn -0.2449 0.0347 -0.9689
vn -0.4030 0.0501 -0.9138
vn 0.7016 -0.0978 -0.7059
vn 0.3654 -0.0438 -0.9298
vn 0.7628 -0.1081 -0.6376
vn 0.2879 -0.0316 -0.9571
vn 0.0316 -0.0015 -0.9995
vn -0.0431 0.0039 -0.9991
vn -0.3777 0.0007 -0.9259
vn 0.7277 -0.1171 -0.6758
vn 0.3378 -0.0468 -0.9400
vn 0.7423 -0.1199 -0.6592
vn 0.3229 -0.0441 -0.9454
vn -0.0111 0.0036 -0.9999
vn -0.0092 0.0033 -1.0000
vn -0.3605 0.0315 -0.9322
vn 0.2716 -0.0553 -0.9608
vn 0.6781 -0.1460 -0.7204
vn 0.3627 -0.0772 -0.9287
vn 0.7553 -0.1615 -0.6352
vn 0.0297 -0.0033 -0.9996
vn -0.0576 0.0131 -0.9983
vn -0.3280 0.0516 -0.9433
vn -0.3958 0.0588 -0.9165
vn 0.7578 -0.0664 -0.6492
vn 0.3658 -0.0253 -0.9304
vn 0.7661 -0.0673 -0.6392
vn 0.3519 -0.0239 -0.9357
vn 0.0017 0.0035 -1.0000
vn -0.0127 0.0044 -0.9999
vn -0.3632 0.0164 -0.9316
vn -0.3773 0.0166 -0.9259
vn 0.7135 -0.1423 -0.6861
vn 0.3846 -0.0697 -0.9204
vn 0.7712 -0.1557 -0.6173
vn 0.3042 -0.0530 -0.9511
vn 0.0341 -0.0028 -0.9994
vn -0.0459 0.0101 -0.9989
vn -0.3123 0.0455 -0.9489
vn -0.3968 0.0547 -0.9163
vn 0.7228 -0.1406 -0.6766
vn 0.3410 -0.0533 -0.9386
vn 0.7411 -0.1450 -0.6556
vn 0.3260 -0.0501 -0.9440
vn -0.0042 0.0130 -0.9999
vn -0.0067 0.0133 -0.9999
vn -0.3398 0.0577 -0.9387
vn -0.3505 0.0589 -0.9347
vn 0.7474 -0.0854 -0.6589
vn 0.3560 -0.0340 -0.9339
vn 0.7563 -0.0867 -0.6484
vn 0.3422 -0.0323 -0.9391
vn 0.0013 0.0034 -1.0000
vn -0.0125 0.0045 -0.9999
vn -0.3544 0.0247 -0.9348
vn -0.3679 0.0252 -0.9295
vn 0.6692 0.1026 -0.7360
vn 0.3847 0.0318 -0.9225
vn 0.7397 0.1267 -0.6609
vn 0.2517 0.0148 -0.9677
vn 0.0538 0.0041 -0.9985
vn -0.0682 0.0078 -0.9976
vn -0.2679 0.0098 -0.9634
vn -0.3949 0.0085 -0.9187
vn -0.3959 -0.8963 -0.1996
vn -0.4758 -0.8763 -0.0756
vn -0.4745 -0.8766 -0.0801
vn -0.4686 -0.8821 0.0488
vn -0.3658 -0.9037 -0.2226
vn -0.4569 -0.8868 0.0698
vn -0.2445 -0.9454 -0.2156
vn -0.3615 -0.9273 0.0971
vn -0.2111 -0.9587 -0.1906
vn -0.3432 -0.9347 0.0923
vn -0.1504 -0.9886 -0.0049
vn -0.2685 -0.9632 -0.0075
vn -0.2086 -0.9609 0.1820
vn -0.3222 -0.9378 -0.1294
vn -0.2416 -0.9479 0.2076
vn -0.3412 -0.9292 -0.1418
vn -0.3646 -0.9077 0.2075
vn -0.4341 -0.8896 -0.1421
vn -0.3958 -0.9005 0.1798
vn -0.4485 -0.8855 -0.1214
vn -0.4684 -0.8831 0.0277
vn -0.4691 -0.8829 0.0216
vn 0.7485 -0.1506 -0.6458
vn 0.3674 -0.0660 -0.9277
vn 0.7642 -0.1543 -0.6262
vn 0.3529 -0.0629 -0.9335
vn -0.0062 0.0034 -1.0000
vn -0.0075 0.0037 -1.0000
vn -0.3681 0.0515 -0.9283
vn -0.3810 0.0528 -0.9231
vn 0.7603 -0.1405 -0.6342
vn 0.3774 -0.0631 -0.9239
vn 0.7694 -0.1424 -0.6227
vn 0.3614 -0.0601 -0.9305
vn 0.0028 0.0025 -1.0000
vn -0.0140 0.0050 -0.9999
vn -0.3905 0.0533 -0.9191
vn 0.7283 -0.2056 -0.6537
vn 0.3598 -0.1095 -0.9266
vn 0.3779 -0.1201 -0.9180
vn 0.7741 -0.2062 -0.5986
vn 0.0702 -0.0070 -0.9975
vn -0.0129 0.0073 -0.9999
vn -0.3105 0.0513 -0.9492
vn -0.3857 0.0605 -0.9206
vn -0.4225 0.0073 0.9063
vn -0.4288 -0.0093 0.9033
vn -0.4340 -0.0243 0.9006
vn -0.4393 -0.0589 0.8964
vn -0.4387 -0.0680 0.8960
vn -0.4286 -0.1161 0.8960
vn -0.4270 -0.1218 0.8960
vn -0.3971 -0.1886 0.8982
vn -0.3975 -0.1882 0.8981
vn -0.3556 -0.2449 0.9020
vn -0.3516 -0.2486 0.9025
vn -0.2948 -0.2828 0.9128
vn -0.2843 -0.2868 0.9149
vn -0.2506 -0.2991 0.9207
vn -0.4348 0.0180 -0.9004
vn -0.4462 -0.0136 -0.8948
vn -0.4411 0.0015 -0.8975
vn -0.4348 0.0181 -0.9004
vn -0.4514 -0.0483 -0.8910
vn -0.4508 -0.0574 -0.8908
vn -0.4408 -0.1054 -0.8914
vn -0.4390 -0.1112 -0.8916
vn -0.4093 -0.1779 -0.8949
vn -0.4097 -0.1774 -0.8948
vn -0.3678 -0.2342 -0.8999
vn -0.3638 -0.2379 -0.9006
vn -0.3071 -0.2719 -0.9120
vn -0.2967 -0.2758 -0.9143
vn -0.2631 -0.2881 -0.9208
vn 0.4147 0.8984 0.1450
vn 0.5583 0.8292 -0.0263
vn 0.5565 0.8308 -0.0117
vn 0.5156 0.8241 -0.2347
vn 0.3757 0.9144 0.1511
vn 0.4872 0.8300 -0.2715
vn 0.1992 0.9704 0.1365
vn 0.3567 0.8897 -0.2851
vn 0.1776 0.9763 0.1233
vn 0.3166 0.9135 -0.2556
vn 0.1281 0.9917 0.0050
vn 0.2508 0.9680 0.0041
vn 0.1760 0.9778 -0.1141
vn 0.3202 0.9104 0.2621
vn 0.1974 0.9720 -0.1276
vn 0.3606 0.8862 0.2908
vn 0.3737 0.9161 -0.1453
vn 0.4909 0.8268 0.2747
vn 0.4127 0.9001 -0.1399
vn 0.5188 0.8212 0.2375
vn 0.5587 0.8289 0.0286
vn 0.5567 0.8306 0.0141
vn 0.1975 -0.9797 0.0344
vn 0.1016 -0.9748 0.1988
vn 0.1999 -0.9796 0.0221
vn 0.1718 -0.9693 -0.1760
vn 0.0639 -0.9728 0.2226
vn 0.1559 -0.9672 -0.2004
vn -0.0760 -0.9749 0.2093
vn 0.0292 -0.9719 -0.2336
vn -0.1113 -0.9771 0.1816
vn -0.0011 -0.9761 -0.2172
vn -0.1784 -0.9839 -0.0047
vn -0.0725 -0.9974 -0.0055
vn -0.1138 -0.9748 -0.1917
vn 0.0017 -0.9787 0.2055
vn -0.0789 -0.9723 -0.2199
vn 0.0323 -0.9746 0.2216
vn 0.0608 -0.9701 -0.2350
vn 0.1585 -0.9695 0.1867
vn 0.0988 -0.9723 -0.2117
vn 0.1741 -0.9713 0.1621
vn 0.1969 -0.9792 -0.0488
vn 0.1995 -0.9792 -0.0365
vn 0.4061 -0.1006 -0.9083
vn 0.7591 -0.1756 -0.6268
vn 0.4138 -0.1039 -0.9044
vn 0.8147 -0.1744 -0.5530
vn 0.0917 -0.0071 -0.9958
vn -0.0257 0.0088 -0.9996
vn -0.4319 0.0543 -0.9003
vn 0.9681 0.2507 -0.0051
vn 0.7896 0.6137 -0.0017
vn 0.7896 0.6136 -0.0017
vn 0.9842 0.1767 -0.0056
vn 0.9744 -0.2247 -0.0079
vn 0.9681 0.2506 -0.0051
vn 0.8710 0.4914 -0.0030
vn 0.9684 0.2492 -0.0051
vn 0.9790 0.2038 -0.0054
vn 0.8710 0.4913 -0.0030
vn 0.8647 -0.5021 -0.0089
vn 0.3219 -0.2742 -0.9062
vn 0.3714 -0.0605 -0.9265
vn 0.3340 -0.2242 -0.9155
vn 0.2566 -0.5256 -0.8111
vn 0.2314 -0.6049 -0.7619
vn 0.3737 -0.0512 -0.9261
vn 0.5066 0.0041 -0.8622
vn 0.5089 0.0040 -0.8608
vn 0.6937 -0.1239 -0.7095
vn 0.6977 -0.1313 -0.7042
vn 0.7592 -0.2813 -0.5869
vn 0.7588 -0.2789 -0.5886
vn 0.7425 -0.4777 -0.4697
vn 0.7382 -0.4958 -0.4575
vn 0.3839 -0.0716 0.9206
vn 0.3342 -0.2850 0.8984
vn 0.3463 -0.2350 0.9082
vn 0.2675 -0.5352 0.8012
vn 0.2417 -0.6139 0.7514
vn 0.3862 -0.0622 0.9203
vn 0.5182 -0.0062 0.8552
vn 0.5205 -0.0063 0.8538
vn 0.7033 -0.1323 0.6985
vn 0.7072 -0.1396 0.6931
vn 0.7671 -0.2883 0.5732
vn 0.7667 -0.2859 0.5749
vn 0.7487 -0.4832 0.4539
vn 0.7443 -0.5012 0.4415
vn 0.8622 0.4715 0.1853
vn 0.8418 0.5048 0.1911
vn 0.7086 0.6714 0.2172
vn 0.9778 0.1678 0.1253
vn 0.9839 0.1345 0.1180
vn 0.9949 -0.0735 0.0687
vn 0.9924 -0.1073 0.0600
vn 0.8716 -0.4879 -0.0483
vn 0.8062 -0.5863 -0.0796
vn 0.8392 0.5071 -0.1965
vn 0.8596 0.4737 -0.1913
vn 0.7056 0.6740 -0.2188
vn 0.9760 0.1695 -0.1366
vn 0.9822 0.1359 -0.1297
vn 0.9939 -0.0726 -0.0830
vn 0.9915 -0.1065 -0.0747
vn 0.8071 -0.5871 0.0617
vn 0.9959 -0.0900 -0.0073
vn 0.9881 0.1537 -0.0058
vn 0.9879 0.1552 -0.0058
vn 0.8663 0.4995 -0.0029
vn 0.8643 0.5030 -0.0029
vn 0.7236 0.6902 -0.0008
vn 0.8415 -0.5402 -0.0088
vn -0.0128 -0.9999 0.0031
vn -0.0447 -0.9983 0.0367
vn -0.0126 -0.9999 0.0025
vn -0.0072 -0.9994 -0.0325
vn -0.0545 -0.9977 0.0410
vn -0.0098 -0.9993 -0.0370
vn -0.0914 -0.9952 0.0351
vn -0.0232 -0.9990 -0.0381
vn -0.0998 -0.9946 0.0282
vn -0.0269 -0.9991 -0.0341
vn -0.1158 -0.9933 -0.0051
vn -0.0339 -0.9994 -0.0057
vn -0.1002 -0.9942 -0.0387
vn -0.0265 -0.9994 0.0226
vn -0.0919 -0.9947 -0.0457
vn -0.0228 -0.9994 0.0265
vn -0.0551 -0.9971 -0.0521
vn -0.0094 -0.9996 0.0252
vn -0.0453 -0.9978 -0.0481
vn -0.0068 -0.9998 0.0207
vn -0.0129 -0.9998 -0.0148
vn -0.0127 -0.9998 -0.0143
vn 0.9974 -0.0718 -0.0072
vn 0.7864 -0.0504 -0.6157
vn 0.7946 -0.0577 0.6044
vn 0.7214 -0.0515 0.6906
vn 0.3092 -0.0206 0.9508
vn 0.2237 0.9716 0.0767
vn 0.2039 0.9786 0.0258
vn 0.2043 0.9786 0.0259
vn 0.1723 0.9846 0.0296
vn 0.2214 0.9709 0.0911
vn 0.1696 0.9848 0.0372
vn 0.1797 0.9769 0.1154
vn 0.1799 0.9826 0.0470
vn 0.1640 0.9802 0.1107
vn 0.1873 0.9813 0.0438
vn 0.1307 0.9914 0.0050
vn 0.2021 0.9793 0.0045
vn 0.1306 0.9914 0.0050
vn 0.1626 0.9815 -0.1012
vn 0.1868 0.9818 -0.0347
vn 0.1782 0.9783 -0.1061
vn 0.1793 0.9831 -0.0377
vn 0.2202 0.9720 -0.0825
vn 0.1692 0.9852 -0.0277
vn 0.2227 0.9725 -0.0682
vn 0.1720 0.9849 -0.0202
vn 0.2037 0.9789 -0.0169
vn 0.2040 0.9788 -0.0170
vn -0.0744 -0.9972 0.0041
vn -0.1084 -0.9932 0.0421
vn -0.0741 -0.9972 0.0033
vn -0.0707 -0.9968 -0.0372
vn -0.1195 -0.9917 0.0465
vn -0.0744 -0.9963 -0.0424
vn -0.1584 -0.9866 0.0389
vn -0.0912 -0.9949 -0.0426
vn -0.1667 -0.9855 0.0314
vn -0.0953 -0.9947 -0.0379
vn -0.1832 -0.9831 -0.0046
vn -0.1034 -0.9946 -0.0052
vn -0.1672 -0.9851 -0.0409
vn -0.0949 -0.9951 0.0273
vn -0.1590 -0.9861 -0.0485
vn -0.0907 -0.9954 0.0320
vn -0.1202 -0.9911 -0.0567
vn -0.0739 -0.9968 0.0315
vn -0.1090 -0.9926 -0.0525
vn -0.0702 -0.9972 0.0263
vn -0.0745 -0.9971 -0.0150
vn -0.0742 -0.9971 -0.0142
vn 0.9776 -0.2102 -0.0079
vn 0.7516 -0.1558 -0.6409
vn 0.9776 -0.2105 -0.0079
vn 0.7025 -0.1440 -0.6970
vn 0.7602 -0.1634 0.6288
vn 0.7119 -0.1523 0.6856
vn 0.3609 -0.0753 0.9296
vn 0.3195 -0.0666 0.9453
vn 0.9955 -0.0949 -0.0073
vn 0.7662 -0.0673 -0.6391
vn 0.9954 -0.0950 -0.0073
vn 0.7578 -0.0664 -0.6491
vn 0.7747 -0.0749 0.6278
vn 0.7665 -0.0740 0.6379
vn 0.3784 -0.0363 0.9249
vn 0.3645 -0.0350 0.9305
vn 0.0250 0.9980 -0.0585
vn 0.0108 0.9999 0.0121
vn 0.0108 0.9998 0.0143
vn 0.0389 0.9938 0.1046
vn 0.0323 0.9971 -0.0686
vn 0.0487 0.9916 0.1196
vn 0.0725 0.9959 -0.0542
vn 0.1159 0.9797 0.1634
vn 0.0847 0.9957 -0.0376
vn 0.1331 0.9772 0.1654
vn 0.1076 0.9942 0.0052
vn 0.1723 0.9850 0.0047
vn 0.1079 0.9941 0.0052
vn 0.0853 0.9952 0.0483
vn 0.1310 0.9791 -0.1555
vn 0.0733 0.9952 0.0651
vn 0.1137 0.9816 -0.1533
vn 0.0333 0.9962 0.0801
vn 0.0472 0.9930 -0.1084
vn 0.0259 0.9972 0.0701
vn 0.0375 0.9949 -0.0932
vn 0.0107 0.9999 -0.0003
vn 0.0107 0.9999 -0.0025
vn 0.9922 -0.1244 -0.0075
vn 0.9956 -0.0931 -0.0073
vn 0.7304 -0.0887 -0.6772
vn 0.7452 -0.0722 0.6629
vn 0.9893 -0.1457 -0.0076
vn 0.7524 -0.1056 -0.6502
vn 0.9913 -0.1314 -0.0075
vn 0.7735 -0.1039 0.6252
vn 0.7395 -0.0967 0.6662
vn 0.3444 -0.0352 0.9382
vn 0.3406 -0.0468 0.9390
vn 0.7611 -0.1132 0.6387
vn 0.3633 -0.0545 0.9301
vn 0.3759 -0.0513 0.9252
vn 0.9788 -0.2049 -0.0079
vn 0.7641 -0.1543 -0.6264
vn 0.9787 -0.2049 -0.0079
vn 0.7046 -0.1404 -0.6956
vn 0.7725 -0.1617 0.6141
vn 0.7139 -0.1487 0.6843
vn 0.3879 -0.0791 0.9183
vn 0.3090 -0.0629 0.9490
vn 0.9774 -0.2113 -0.0079
vn 0.7214 -0.1492 -0.6762
vn 0.9774 -0.2114 -0.0079
vn 0.7348 -0.1524 -0.6610
vn 0.7305 -0.1572 0.6646
vn 0.7436 -0.1602 0.6491
vn 0.3461 -0.0724 0.9354
vn 0.3389 -0.0709 0.9382
vn 0.9779 -0.2091 -0.0079
vn 0.7553 -0.1616 -0.6352
vn 0.9779 -0.2092 -0.0079
vn 0.6781 -0.1460 -0.7203
vn 0.7638 -0.1691 0.6229
vn 0.6878 -0.1545 0.7093
vn 0.3753 -0.0883 0.9227
vn 0.2847 -0.0667 0.9563
vn 0.9926 -0.1212 -0.0074
vn 0.7564 -0.0867 -0.6484
vn 0.9926 -0.1214 -0.0074
vn 0.7475 -0.0854 -0.6588
vn 0.7650 -0.0944 0.6370
vn 0.7563 -0.0932 0.6475
vn 0.3549 -0.0434 0.9339
vn 0.9858 -0.1676 -0.0077
vn 0.7424 -0.1199 -0.6592
vn 0.9858 -0.1677 -0.0077
vn 0.7278 -0.1171 -0.6757
vn 0.7512 -0.1277 0.6476
vn 0.7369 -0.1251 0.6644
vn 0.3358 -0.0553 0.9403
vn 0.9891 -0.1473 -0.0076
vn 0.7628 -0.1081 -0.6375
vn 0.9890 -0.1474 -0.0076
vn 0.7016 -0.0978 -0.7058
vn 0.7713 -0.1156 0.6259
vn 0.7111 -0.1061 0.6950
vn 0.3780 -0.0548 0.9242
vn 0.3008 -0.0431 0.9527
vn 0.6696 -0.0893 0.7373
vn 0.2597 -0.0265 0.9653
vn 0.7617 -0.1050 0.6394
vn 0.9902 -0.1394 -0.0075
vn 0.7530 -0.0973 -0.6508
vn 0.6596 -0.0805 -0.7473
vn 0.7712 -0.1557 -0.6172
vn 0.7135 -0.1423 -0.6860
vn 0.7794 -0.1630 0.6049
vn 0.7228 -0.1504 0.6745
vn 0.3971 -0.0808 0.9142
vn 0.3170 -0.0644 0.9462
vn 0.9791 -0.2034 -0.0078
vn 0.7411 -0.1451 -0.6555
vn 0.9791 -0.2032 -0.0078
vn 0.7229 -0.1406 -0.6765
vn 0.7499 -0.1528 0.6437
vn 0.7320 -0.1486 0.6649
vn 0.3537 -0.0645 0.9331
vn 0.3388 -0.0613 0.9389
vn 0.9820 -0.1887 -0.0078
vn 0.7603 -0.1405 -0.6341
vn 0.9820 -0.1886 -0.0078
vn 0.7687 -0.1482 0.6222
vn 0.7778 -0.1497 0.6105
vn 0.3899 -0.0742 0.9179
vn 0.3740 -0.0711 0.9247
vn 0.9321 0.3393 -0.1270
vn 0.9143 0.3992 -0.0681
vn 0.9347 0.3471 -0.0761
vn 0.9132 0.4075 -0.0038
vn 0.9139 0.3902 -0.1116
vn 0.8896 0.4522 -0.0638
vn 0.8878 0.4603 -0.0033
vn 0.8245 0.5624 -0.0625
vn 0.9152 0.3984 0.0605
vn 0.9132 0.4075 -0.0037
vn 0.8905 0.4514 0.0572
vn 0.8916 0.4426 0.0953
vn 0.9154 0.3889 0.1039
vn 0.8294 0.5511 0.0914
vn 0.8905 0.4515 0.0572
vn 0.8253 0.5617 0.0581
vn 0.7876 0.6104 0.0845
vn 0.7847 0.6173 0.0559
vn 0.8218 0.5697 -0.0022
vn 0.8253 0.5616 0.0581
vn 0.8877 0.4603 -0.0033
vn 0.7813 0.6242 -0.0016
vn 0.8218 0.5698 -0.0022
vn 0.7839 0.6180 -0.0592
vn 0.7987 0.5996 -0.0497
vn 0.7864 0.6114 -0.0879
vn 0.8282 0.5522 -0.0961
vn 0.7998 0.5960 -0.0714
vn 0.8749 0.4835 -0.0293
vn 0.7962 0.6050 -0.0018
vn 0.7994 0.5990 0.0461
vn 0.8832 0.4688 0.0141
vn 0.8752 0.4831 0.0232
vn 0.9662 0.2528 -0.0500
vn 0.8829 0.4691 -0.0205
vn 0.8809 0.4734 -0.0032
vn 0.8809 0.4733 -0.0031
vn 0.9723 0.2313 -0.0346
vn 0.8830 0.4690 -0.0205
vn 0.9668 0.2523 0.0399
vn 0.9727 0.2310 0.0242
vn 0.9919 -0.0464 0.1184
vn 0.8809 0.4733 -0.0032
vn 0.9727 0.2310 0.0241
vn 0.9723 0.2337 -0.0052
vn 0.9723 0.2336 -0.0052
vn 0.9924 -0.0820 -0.0917
vn 0.9902 -0.0449 -0.1324
vn 0.9936 -0.0830 0.0773
vn 0.9963 -0.0851 -0.0073
vn 0.9935 -0.0831 0.0773
vn 0.9193 -0.3472 0.1853
vn 0.9199 -0.3733 0.1203
vn 0.9963 -0.0852 -0.0072
vn 0.9249 -0.3801 -0.0085
vn 0.9924 -0.0821 -0.0917
vn 0.9963 -0.0852 -0.0073
vn 0.9181 -0.3718 -0.1372
vn 0.9167 -0.3449 -0.2019
vn 0.8256 -0.5136 -0.2336
vn 0.9249 -0.3802 -0.0085
vn 0.8289 -0.5359 -0.1601
vn 0.8289 -0.5360 -0.1601
vn 0.8366 -0.5477 -0.0090
vn 0.0181 -0.9793 -0.2017
vn 0.8310 -0.5377 0.1424
vn 0.8366 -0.5477 -0.0089
vn 0.0208 -0.9816 0.1897
vn 0.6668 -0.7451 -0.0089
vn 0.8310 -0.5378 0.1425
vn 0.7820 -0.5809 0.2261
vn 0.8286 -0.5163 0.2163
vn 0.9785 -0.2060 -0.0079
vn 0.7486 -0.1506 -0.6457
vn 0.9785 -0.2062 -0.0079
vn 0.7643 -0.1543 -0.6262
vn 0.7572 -0.1583 0.6338
vn 0.7726 -0.1617 0.6139
vn 0.3655 -0.0741 0.9279
vn -0.1518 -0.9883 0.0151
vn -0.1423 -0.9892 0.0359
vn -0.1656 -0.9856 0.0352
vn -0.1444 -0.9885 0.0451
vn -0.1655 -0.9851 0.0458
vn -0.1684 -0.9844 0.0517
vn -0.1457 -0.9875 0.0601
vn -0.1777 -0.9830 0.0463
vn -0.1363 -0.9890 0.0571
vn -0.1962 -0.9806 -0.0045
vn -0.1189 -0.9929 -0.0051
vn -0.1784 -0.9824 -0.0556
vn -0.1371 -0.9883 -0.0670
vn -0.1691 -0.9837 -0.0611
vn -0.1465 -0.9867 -0.0699
vn -0.1450 -0.9879 -0.0549
vn -0.1662 -0.9845 -0.0553
vn -0.1428 -0.9887 -0.0458
vn -0.1662 -0.9851 -0.0447
vn -0.1520 -0.9881 -0.0249
vn -0.1521 -0.9881 -0.0249
vn 0.3490 -0.1676 0.9220
vn 0.7401 -0.2434 0.6269
vn 0.3627 -0.1745 0.9154
vn 0.7832 -0.2374 0.5747
vn 0.9770 -0.2133 -0.0079
vn 0.7741 -0.2062 -0.5985
vn 0.7284 -0.2055 -0.6536
vn 0.9912 0.1302 0.0230
vn 0.9655 0.2522 0.0649
vn 0.9990 0.0434 -0.0065
vn 0.9631 0.2605 0.0677
vn 0.9628 0.2613 0.0683
vn 0.9621 0.2636 0.0693
vn 0.9908 0.1305 -0.0349
vn 0.9645 0.2531 -0.0749
vn 0.9621 0.2614 -0.0777
vn 0.9619 0.2621 -0.0782
vn 0.9611 0.2646 -0.0792
vn 0.9611 0.2645 -0.0792
vn 0.9996 0.0283 -0.0066
vn 0.7604 0.0114 -0.6493
vn 0.6424 -0.0028 -0.7663
vn 0.7691 0.0037 0.6391
vn 0.6527 -0.0118 0.7576
vn 0.4007 -0.0298 0.9157
vn 0.2382 -0.0271 0.9708
vn 0.9653 0.2610 -0.0050
vn -0.5485 0.8295 -0.1055
vn -0.4339 0.8029 -0.4088
vn -0.3942 0.7947 -0.4616
vn -0.1757 0.8413 -0.5112
vn -0.5521 0.8301 -0.0777
vn -0.1144 0.8688 -0.4818
vn -0.5102 0.8136 0.2787
vn 0.0162 0.9999 0.0059
vn -0.4995 0.8104 0.3061
vn -0.2803 0.8756 0.3934
vn -0.1078 0.8630 0.4936
vn -0.2288 0.9015 0.3673
vn -0.1687 0.8352 0.5235
vn -0.0835 0.9965 0.0065
vn -0.3878 0.7891 0.4764
vn -0.0834 0.9965 0.0065
vn -0.4282 0.7979 0.4242
vn -0.2337 0.9058 -0.3534
vn -0.5469 0.8281 0.1228
vn -0.2855 0.8802 -0.3791
vn -0.5509 0.8291 0.0951
vn -0.5036 0.8140 -0.2896
vn -0.5139 0.8168 -0.2621
vn 0.1916 0.9763 0.1006
vn 0.1008 0.9939 0.0444
vn 0.1005 0.9939 0.0444
vn 0.0664 0.9964 0.0534
vn 0.1992 0.9721 0.1236
vn 0.0811 0.9952 0.0552
vn 0.1633 0.9782 0.1284
vn 0.1339 0.9897 0.0512
vn 0.1385 0.9848 0.1044
vn 0.1420 0.9887 0.0477
vn 0.0869 0.9962 0.0054
vn 0.1581 0.9874 0.0048
vn 0.0870 0.9962 0.0054
vn 0.1372 0.9860 -0.0945
vn 0.1414 0.9892 -0.0378
vn 0.1616 0.9797 -0.1189
vn 0.1332 0.9902 -0.0412
vn 0.1976 0.9735 -0.1147
vn 0.0805 0.9958 -0.0444
vn 0.1903 0.9775 -0.0915
vn 0.0658 0.9969 -0.0425
vn 0.1003 0.9944 -0.0339
vn 0.1000 0.9944 -0.0339
vn 0.4065 -0.1589 0.8997
vn 0.7722 -0.2107 0.5994
vn 0.3863 -0.1507 0.9100
vn 0.8240 -0.2015 0.5295
vn 0.9849 -0.1729 -0.0077
vn 0.9849 -0.1728 -0.0077
vn 0.8148 -0.1743 -0.5529
vn 0.7592 -0.1757 -0.6267
vn -0.9931 -0.1172 0.0061
vn -0.9764 0.1871 0.1081
vn -0.9833 0.1816 0.0078
vn -0.9644 0.1874 0.1867
vn -0.9767 -0.0998 0.1898
vn -0.9574 -0.2257 0.1802
vn -0.9833 0.1816 0.0077
vn -0.0182 0.9995 0.0273
vn 0.0048 0.9999 0.0130
vn 0.1374 0.9904 0.0124
vn 0.9514 0.2955 -0.0868
vn -0.0181 0.9995 0.0273
vn 0.9518 0.3065 -0.0046
vn -0.0184 0.9997 -0.0151
vn 0.0045 0.9999 0.0123
vn 0.9341 0.3571 -0.0042
vn 0.9477 0.2833 -0.1470
vn -0.9777 0.1884 -0.0927
vn 0.1372 0.9905 -0.0025
vn 0.9525 0.2945 0.0775
vn -0.9668 0.1896 -0.1714
vn -0.9895 -0.1048 -0.0996
vn -0.9792 -0.0977 -0.1777
vn -0.9598 -0.2236 -0.1699
vn 0.9357 0.3463 0.0676
vn 0.9340 0.3571 -0.0042
vn 0.9337 0.3379 0.1184
vn 0.9496 0.2816 0.1375
vn 0.8904 0.4515 0.0572
vn 0.8295 0.5510 0.0914
vn 0.7847 0.6173 0.0560
vn 0.7813 0.6242 -0.0015
vn 0.7994 0.5991 0.0461
vn 0.8008 0.5951 0.0677
vn 0.8752 0.4832 0.0232
vn 0.8282 0.5521 -0.0961
vn 0.8245 0.5624 -0.0626
vn 0.8903 0.4438 -0.1021
vn 0.9143 0.3992 -0.0682
vn 0.9140 0.3902 -0.1116
vn 0.8749 0.4834 -0.0293
vn 0.8809 0.4734 -0.0031
vn 0.8832 0.4689 0.0141
vn 0.9902 -0.0450 -0.1324
vn 0.9935 -0.0830 0.0773
vn 0.9727 0.2309 0.0242
vn 0.9919 -0.0465 0.1184
vn 0.8287 -0.5163 0.2163
vn 0.9199 -0.3734 0.1203
vn 0.8310 -0.5378 0.1424
vn 0.7788 -0.5781 -0.2435
vn 0.6668 -0.7451 -0.0090
vn 0.0131 -0.9999 0.0027
vn -0.0194 -0.9991 0.0366
vn 0.0134 -0.9999 0.0021
vn 0.0184 -0.9992 -0.0341
vn -0.0294 -0.9987 0.0406
vn 0.0155 -0.9991 -0.0387
vn -0.0661 -0.9972 0.0339
vn 0.0012 -0.9992 -0.0396
vn -0.0742 -0.9969 0.0270
vn -0.0026 -0.9994 -0.0354
vn -0.0898 -0.9959 -0.0053
vn -0.0098 -0.9999 -0.0059
vn -0.0746 -0.9965 -0.0379
vn -0.0022 -0.9997 0.0235
vn -0.0667 -0.9968 -0.0449
vn 0.0016 -0.9996 0.0277
vn -0.0301 -0.9982 -0.0521
vn 0.0160 -0.9995 0.0267
vn -0.0200 -0.9986 -0.0482
vn 0.0188 -0.9996 0.0219
vn 0.0130 -0.9998 -0.0148
vn 0.0133 -0.9998 -0.0142
vn 0.9986 0.0533 -0.0064
vn 0.7380 0.0462 -0.6732
vn 0.9986 0.0534 -0.0064
vn 0.7471 0.0383 0.6636
vn 0.6507 0.0340 0.7586
vn -0.6854 0.6563 0.3154
vn -0.2699 0.9310 0.2456
vn -0.6865 0.6945 0.2153
vn -0.8792 -0.4764 0.0031
vn -0.9907 -0.0636 0.1207
vn -0.9980 -0.0622 0.0064
vn -0.9922 -0.0622 -0.1080
vn -0.8814 -0.4711 -0.0345
vn -0.9281 0.2636 0.2631
vn -0.9907 -0.0635 0.1207
vn -0.9769 -0.1075 0.1844
vn -0.9769 -0.1076 0.1844
vn -0.8809 -0.4716 0.0409
vn -0.8630 -0.5015 0.0606
vn -0.7056 -0.7086 0.0005
vn -0.8808 -0.4717 0.0408
vn -0.8792 -0.4765 0.0031
vn -0.7056 -0.7086 0.0006
vn -0.8814 -0.4712 -0.0345
vn -0.7098 -0.7041 0.0222
vn -0.8638 -0.5009 -0.0548
vn -0.7037 -0.7099 0.0288
vn -0.7100 -0.7038 -0.0210
vn -0.7389 -0.6729 -0.0341
vn -0.5814 0.8097 0.0799
vn -0.7504 -0.6593 -0.0473
vn -0.9032 -0.4272 -0.0406
vn -0.5981 0.8001 0.0457
vn 0.6089 0.7932 -0.0010
vn 0.6090 0.7932 0.0023
vn 0.9972 0.0747 -0.0063
vn 0.7727 0.6347 -0.0087
vn 0.9972 0.0746 -0.0064
vn 0.7729 0.6345 0.0058
vn -0.5986 0.8005 -0.0281
vn -0.5824 0.8105 -0.0624
vn 0.7635 0.6457 -0.0140
vn 0.9966 0.0761 0.0322
vn 0.5499 0.8352 -0.0075
vn 0.7647 0.6443 -0.0014
vn 0.9961 0.0765 -0.0448
vn 0.7634 0.6457 -0.0140
vn 0.7656 0.6431 -0.0189
vn 0.5146 0.8574 -0.0121
vn 0.9863 -0.1543 0.0581
vn 0.5498 0.8353 -0.0076
vn 0.9846 -0.1471 0.0950
vn 0.9959 0.0632 -0.0651
vn 0.7783 0.6278 -0.0119
vn 0.7637 0.6455 0.0113
vn 0.7636 0.6456 0.0112
vn 0.5149 0.8571 0.0153
vn 0.7658 0.6428 0.0162
vn 0.5499 0.8352 0.0101
vn 0.9854 -0.1536 -0.0733
vn 0.5148 0.8572 0.0153
vn 0.7413 0.6706 0.0276
vn 0.9832 -0.1460 -0.1100
vn 0.7413 0.6707 0.0277
vn -0.4751 0.8720 0.1183
vn -0.6894 0.6911 0.2168
vn 0.7409 0.6710 -0.0297
vn 0.7433 0.6690 -0.0011
vn -0.4766 0.8733 -0.1014
vn -0.4674 0.8696 -0.1589
vn 0.7768 0.6290 -0.0315
vn -0.7030 0.7005 -0.1232
vn -0.7012 0.6988 0.1411
vn -0.6895 0.6911 0.2169
vn -0.8188 0.5134 0.2569
vn -0.7030 0.7004 -0.1233
vn -0.6923 0.6935 -0.1992
vn -0.8222 0.5163 -0.2397
vn -0.9137 -0.3187 -0.2523
vn 0.9811 0.1936 -0.0055
vn 0.9810 0.1939 -0.0055
vn 0.7486 0.1188 0.6523
vn 0.6791 0.0939 0.7280
vn 0.3972 0.0208 0.9175
vn 0.8537 0.3778 -0.3585
vn 0.8657 0.4428 -0.2335
vn 0.8310 0.4060 -0.3803
vn 0.8847 0.4108 -0.2204
vn 0.9214 0.1849 -0.3419
vn 0.9559 0.2045 -0.2110
vn 0.9016 0.4325 -0.0035
vn 0.8657 0.4427 -0.2335
vn 0.8320 0.3681 -0.4151
vn 0.8688 0.4400 0.2270
vn 0.8361 0.4015 0.3739
vn 0.8375 0.3632 0.4081
vn 0.8876 0.4082 0.2133
vn 0.8804 0.4002 -0.2545
vn 0.9765 0.2156 -0.0053
vn 0.9587 0.2020 0.2004
vn 0.9017 0.4325 -0.0035
vn 0.9259 0.1808 0.3316
vn 0.8585 0.3736 0.3514
vn 0.6016 0.7957 0.0708
vn 0.4829 0.8284 0.2838
vn 0.4481 0.8369 0.3145
vn 0.3002 0.8922 0.3375
vn 0.6069 0.7931 0.0514
vn 0.2598 0.9120 0.3173
vn 0.5973 0.7632 -0.2466
vn 0.1923 0.9813 0.0045
vn 0.5877 0.7613 -0.2740
vn 0.1923 0.9813 0.0046
vn 0.4142 0.8433 -0.3425
vn 0.2555 0.9158 -0.3099
vn 0.3688 0.8749 -0.3140
vn 0.2957 0.8962 -0.3308
vn 0.2555 0.9668 0.0040
vn 0.4438 0.8406 -0.3105
vn 0.4791 0.8318 -0.2804
vn 0.3731 0.8711 0.3194
vn 0.6006 0.7965 -0.0694
vn 0.4189 0.8392 0.3469
vn 0.6063 0.7937 -0.0502
vn 0.5914 0.7580 0.2751
vn 0.6006 0.7603 0.2476
vn -0.4243 0.8471 -0.3199
vn -0.5136 0.8551 -0.0711
vn -0.5160 0.8551 -0.0498
vn -0.4846 0.8453 0.2251
vn -0.3903 0.8448 -0.3661
vn -0.4737 0.8437 0.2527
vn -0.2185 0.8922 -0.3952
vn -0.3346 0.8972 0.2882
vn -0.1671 0.9160 -0.3648
vn -0.2955 0.9209 0.2542
vn -0.0697 0.9975 0.0064
vn -0.2101 0.9777 0.0073
vn -0.1620 0.9115 0.3779
vn -0.2988 0.9238 -0.2392
vn -0.2130 0.8874 0.4088
vn -0.3384 0.9006 -0.2729
vn -0.3852 0.8403 0.3814
vn -0.4770 0.8466 -0.2361
vn -0.4198 0.8432 0.3357
vn -0.4876 0.8478 -0.2084
vn -0.5125 0.8541 0.0883
vn -0.5153 0.8544 0.0670
vn -0.6896 0.6600 -0.2982
vn -0.8417 0.4664 -0.2721
vn -0.8522 0.4934 -0.1741
vn -0.8626 0.5058 0.0088
vn -0.6893 0.6970 -0.1977
vn -0.8626 0.5058 0.0089
vn -0.6972 0.7168 0.0090
vn -0.9441 0.2917 -0.1536
vn -0.9315 0.2666 -0.2474
vn -0.9543 0.2987 0.0082
vn -0.9922 -0.0621 -0.1080
vn -0.9543 0.2987 0.0083
vn -0.8497 0.4912 0.1915
vn -0.9419 0.2898 0.1698
vn -0.9419 0.2898 0.1699
vn -0.8379 0.4631 0.2890
vn -0.4083 -0.8788 -0.2469
vn -0.5082 -0.8581 -0.0738
vn -0.5060 -0.8584 -0.0845
vn -0.4775 -0.8726 0.1024
vn -0.3681 -0.8888 -0.2730
vn -0.4570 -0.8805 0.1260
vn -0.2266 -0.9407 -0.2524
vn -0.3287 -0.9337 0.1421
vn -0.1921 -0.9561 -0.2211
vn -0.3100 -0.9414 0.1328
vn -0.1249 -0.9922 -0.0051
vn -0.2268 -0.9739 -0.0073
vn -0.1892 -0.9587 0.2122
vn -0.2920 -0.9411 -0.1705
vn -0.2232 -0.9437 0.2442
vn -0.3120 -0.9314 -0.1876
vn -0.3664 -0.8938 0.2586
vn -0.4347 -0.8785 -0.1982
vn -0.4080 -0.8840 0.2280
vn -0.4573 -0.8722 -0.1734
vn -0.4985 -0.8662 0.0350
vn -0.4997 -0.8659 0.0215
vn 0.4088 0.9106 0.0605
vn 0.3179 0.9127 0.2567
vn 0.2859 0.9137 0.2888
vn 0.1285 0.9420 0.3101
vn 0.4112 0.9104 0.0460
vn 0.0810 0.9548 0.2859
vn 0.4000 0.8975 -0.1859
vn -0.0036 1.0000 0.0060
vn 0.3926 0.8953 -0.2106
vn 0.2760 0.9303 -0.2415
vn 0.0772 0.9582 -0.2756
vn 0.2382 0.9482 -0.2103
vn 0.1244 0.9456 -0.3005
vn 0.1596 0.9872 0.0048
vn 0.2821 0.9171 -0.2817
vn 0.3145 0.9158 -0.2500
vn 0.2411 0.9456 0.2183
vn 0.4080 0.9113 -0.0552
vn 0.2793 0.9274 0.2487
vn 0.4106 0.9109 -0.0407
vn 0.3955 0.8927 0.2159
vn 0.4026 0.8952 0.1912
vn -0.9522 0.3054 0.0083
vn -0.9071 0.4209 0.0087
vn -0.8961 0.4438 0.0087
vn -0.9522 0.3053 0.0083
vn 0.3719 -0.9256 0.0700
vn 0.2392 -0.9321 0.2720
vn 0.2778 -0.9297 0.2419
vn 0.0842 -0.9610 0.2636
vn 0.3736 -0.9256 0.0603
vn 0.0418 -0.9718 0.2320
vn 0.3417 -0.9314 -0.1256
vn -0.0378 -0.9993 -0.0057
vn 0.3231 -0.9342 -0.1515
vn 0.1824 -0.9665 -0.1806
vn 0.0386 -0.9690 -0.2441
vn 0.1611 -0.9718 -0.1722
vn 0.0805 -0.9577 -0.2761
vn 0.0727 -0.9973 -0.0064
vn 0.2354 -0.9288 -0.2863
vn 0.0726 -0.9973 -0.0064
vn 0.2744 -0.9267 -0.2567
vn 0.1633 -0.9738 0.1584
vn 0.3709 -0.9247 -0.0861
vn 0.1847 -0.9686 0.1666
vn 0.3727 -0.9248 -0.0764
vn 0.3251 -0.9359 0.1360
vn 0.3433 -0.9328 0.1098
vn 0.9350 0.2826 0.2141
vn 0.8281 0.4491 0.3355
vn 0.8927 0.2819 0.3516
vn -0.9947 0.0241 -0.0996
vn -0.8219 -0.5627 -0.0892
vn -0.8235 -0.5491 -0.1422
vn -0.8302 0.5352 0.1560
vn -0.8322 0.5369 -0.1383
vn -0.8216 -0.5509 0.1468
vn -0.9933 0.0228 0.1133
vn -0.5180 -0.8372 0.1755
vn -0.9574 -0.2256 0.1801
vn -0.9881 -0.1061 0.1118
vn -0.9644 0.1875 0.1868
vn -0.9764 0.1872 0.1081
vn 0.1373 0.9904 0.0124
vn 0.0046 1.0000 0.0059
vn -0.0181 0.9995 0.0274
vn -0.0185 0.9997 -0.0151
vn 0.9519 0.3065 -0.0046
vn 0.9525 0.2945 0.0774
vn -0.8404 0.5419 0.0089
vn 0.6250 0.7806 0.0058
vn -0.5823 0.8105 -0.0624
vn 0.7636 0.6455 0.0113
vn 0.5500 0.8351 0.0100
vn 0.5148 0.8571 0.0152
vn 0.7659 0.6428 0.0161
vn 0.9959 0.0631 -0.0651
vn 0.9854 -0.1535 -0.0733
vn 0.9829 -0.1456 -0.1129
vn -0.5273 -0.2237 -0.8197
vn -0.5539 -0.3954 -0.7327
vn -0.5296 -0.2030 -0.8236
vn -0.5767 -0.4008 -0.7119
vn -0.6505 -0.5689 -0.5032
vn -0.6496 -0.5524 -0.5224
vn -0.4685 -0.8398 -0.2742
vn -0.4659 -0.8416 -0.2732
vn 0.0265 -0.9786 -0.2042
vn 0.0304 -0.9784 -0.2043
vn 0.5164 -0.8096 -0.2792
vn 0.5166 -0.8094 -0.2792
vn 0.7424 -0.4777 -0.4697
vn -0.5439 -0.4042 0.7354
vn -0.5161 -0.2335 0.8241
vn -0.5184 -0.2128 0.8282
vn -0.5670 -0.4093 0.7148
vn -0.6436 -0.5749 0.5052
vn -0.6425 -0.5587 0.5245
vn -0.4648 -0.8431 0.2705
vn -0.4623 -0.8448 0.2694
vn 0.0291 -0.9809 0.1922
vn 0.0330 -0.9808 0.1922
vn 0.5201 -0.8128 0.2625
vn 0.5202 -0.8127 0.2625
vn 0.7487 -0.4832 0.4538
vn -0.9107 -0.4131 0.0037
vn -0.8865 -0.4627 0.0032
vn -0.8891 -0.4577 0.0033
vn -0.8865 -0.4627 0.0033
vn 0.8098 -0.5854 0.0393
vn 0.8650 -0.5017 0.0096
vn 0.9890 -0.0105 -0.1476
vn 0.9952 0.0224 -0.0958
vn 0.2828 -0.9591 -0.0076
vn 0.8650 -0.5017 0.0097
vn 0.8632 -0.5048 -0.0088
vn 0.9952 0.0224 -0.0957
vn 0.9997 0.0255 -0.0066
vn 0.8648 -0.5014 -0.0273
vn 0.8632 -0.5048 -0.0089
vn 0.9964 0.0214 0.0825
vn 0.9148 0.3759 0.1477
vn 0.9173 0.3280 0.2258
vn 0.9909 -0.0121 0.1341
vn 0.9128 0.3777 -0.1556
vn 0.9205 0.3906 -0.0039
vn 0.9148 0.3760 0.1477
vn 0.9205 0.3907 -0.0039
vn 0.6884 0.6976 0.1984
vn 0.6903 0.6603 0.2957
vn 0.9127 0.3778 -0.1556
vn 0.6863 0.6638 -0.2972
vn 0.6858 0.7000 -0.1994
vn 0.6945 0.7195 -0.0004
vn 0.3098 0.9211 0.2360
vn 0.3190 0.8829 0.3445
vn 0.6863 0.6639 -0.2972
vn 0.3144 0.8870 -0.3382
vn 0.3066 0.9238 -0.2292
vn -0.2811 0.8959 -0.3440
vn 0.3067 0.9238 -0.2291
vn 0.3113 0.9503 0.0035
vn 0.3112 0.9503 0.0036
vn -0.2698 0.9311 0.2456
vn 0.3097 0.9211 0.2360
vn -0.2764 0.8917 0.3585
vn -0.6854 0.6564 0.3154
vn -0.2738 0.9617 0.0076
vn -0.6893 0.6969 -0.1978
vn -0.9543 0.2986 0.0082
vn -0.8809 -0.4716 0.0408
vn -0.9793 -0.1055 -0.1726
vn -0.8638 -0.5008 -0.0549
vn -0.8813 -0.4712 -0.0345
vn -0.8808 -0.4716 0.0408
vn -0.7101 -0.7038 -0.0210
vn -0.8630 -0.5016 0.0605
vn -0.8653 -0.5012 0.0029
vn -0.8865 -0.4628 0.0032
vn -0.9880 0.1412 0.0624
vn -0.9007 0.4332 0.0323
vn -0.9562 0.2840 0.0712
vn -0.9452 0.3202 0.0634
vn -0.9007 0.4333 0.0323
vn -0.8401 -0.5425 0.0024
vn -0.8380 -0.5384 0.0890
vn -0.9888 0.1419 -0.0473
vn -0.8454 0.5078 -0.1656
vn -0.9979 0.0497 -0.0414
vn -0.8330 0.5290 -0.1621
vn -0.9272 0.3727 0.0364
vn -0.8379 -0.5384 0.0891
vn -0.8400 -0.5426 0.0024
vn 0.2887 -0.9470 0.1408
vn -0.9973 0.0491 0.0554
vn -0.8391 -0.5374 -0.0842
vn -0.8040 -0.5775 -0.1415
vn -0.3274 -0.9134 -0.2420
vn 0.2472 -0.9431 -0.2223
vn 0.2866 -0.9453 -0.1560
vn 0.8091 -0.5849 -0.0572
vn 0.9909 -0.0122 0.1341
vn 0.8647 -0.5015 -0.0273
vn 0.9952 0.0225 -0.0958
vn 0.9142 0.3308 -0.2343
vn 0.9890 -0.0104 -0.1477
vn 0.9173 0.3281 0.2258
vn 0.6857 0.7000 -0.1994
vn 0.6885 0.6976 0.1984
vn 0.3098 0.9211 0.2359
vn -0.2764 0.8917 0.3584
vn 0.3190 0.8830 0.3444
vn -0.2729 0.9339 -0.2310
vn 0.3066 0.9239 -0.2291
vn -0.2812 0.8959 -0.3440
vn -0.2738 0.9618 0.0076
vn -0.6895 0.6600 -0.2982
vn -0.2860 0.8375 -0.4656
vn -0.3031 0.8979 -0.3193
vn 0.6368 0.7710 0.0002
vn -0.6981 0.5954 -0.3976
vn -0.3143 0.9493 0.0078
vn -0.3031 0.8979 -0.3192
vn 0.6368 0.7710 0.0003
vn -0.2987 0.8940 0.3340
vn -0.2796 0.8319 0.4794
vn -0.2796 0.8319 0.4793
vn 0.8240 0.5307 0.1984
vn 0.6519 0.7275 -0.2138
vn 0.8213 0.5330 -0.2033
vn -0.3143 0.9493 0.0077
vn -0.5319 0.5584 0.6366
vn -0.2987 0.8940 0.3341
vn 0.4501 0.8930 0.0023
vn 0.6513 0.6946 0.3055
vn 0.7674 0.5548 0.3214
vn 0.6726 0.7118 -0.2025
vn -0.6702 0.7421 0.0090
vn -0.8647 0.5023 0.0088
vn -0.8647 0.5023 0.0089
vn -0.8912 0.4535 0.0088
vn 0.4373 0.8772 0.1985
vn 0.4240 0.8580 0.2898
vn 0.0234 0.9553 0.2947
vn 0.0194 0.9587 -0.2836
vn 0.0195 0.9587 -0.2836
vn -0.3302 0.9282 0.1716
vn -0.3301 0.9282 0.1716
vn -0.3326 0.9301 -0.1560
vn -0.3324 0.9302 -0.1560
vn -0.3323 0.9302 -0.1560
vn 0.0224 0.9997 0.0058
vn 0.0223 0.9997 0.0058
vn -0.6148 0.7886 0.0089
vn -0.4863 0.8738 0.0085
vn -0.7253 0.6884 0.0090
vn -0.3608 0.9326 0.0080
vn -0.7428 0.6694 0.0090
vn -0.8960 0.4439 0.0087
vn -0.9070 0.4210 0.0087
vn 0.0581 0.9983 0.0055
vn 0.0581 0.9983 0.0056
vn -0.3352 0.9421 0.0079
vn -0.3353 0.9421 0.0079
vn 0.9960 -0.0895 -0.0073
vn 0.9811 -0.0939 0.1689
vn 0.9516 -0.0933 0.2929
vn 0.9811 -0.0940 0.1690
vn 0.9826 -0.0746 0.1699
vn 0.9975 -0.0705 -0.0072
vn 0.9827 -0.0746 0.1698
vn 0.9364 0.2837 0.2067
vn 0.9975 -0.0704 -0.0072
vn 0.9335 0.2863 -0.2160
vn 0.9530 0.3030 -0.0047
vn 0.9363 0.2838 0.2067
vn 0.9530 0.3031 -0.0046
vn 0.6828 0.6948 0.2259
vn 0.6515 0.6697 0.3565
vn 0.6514 0.6697 0.3565
vn 0.1171 0.9733 0.1976
vn 0.0426 0.9604 0.2755
vn 0.6827 0.6949 0.2259
vn 0.1067 0.9943 0.0052
vn 0.1171 0.9733 0.1975
vn 0.6890 0.7248 -0.0003
vn 0.6797 0.6975 -0.2268
vn 0.6891 0.7247 -0.0004
vn -0.3943 0.9190 0.0082
vn -0.3926 0.9104 0.1306
vn 0.6466 0.6740 -0.3573
vn 0.1145 0.9756 -0.1875
vn 0.0390 0.9636 -0.2646
vn -0.3927 0.9103 0.1306
vn -0.5795 0.8149 0.0088
vn -0.5794 0.8076 0.1104
vn -0.3944 0.9118 -0.1144
vn -0.3943 0.9189 0.0081
vn 0.0390 0.9636 -0.2645
vn -0.4158 0.8961 -0.1555
vn -0.3943 0.9118 -0.1144
vn -0.5977 0.7916 -0.1270
vn -0.5808 0.8088 -0.0930
vn -0.6720 0.7357 -0.0843
vn -0.6735 0.7293 -0.1204
vn -0.6704 0.7420 0.0090
vn -0.8357 0.5454 -0.0639
vn -0.8344 0.5511 0.0089
vn -0.8358 0.5454 -0.0638
vn -0.7924 -0.6101 0.0017
vn -0.8345 0.5510 0.0089
vn -0.7884 -0.6116 -0.0659
vn -0.7924 -0.6100 0.0017
vn -0.8544 0.5093 0.1032
vn -0.7884 -0.6116 -0.0660
vn -0.7314 -0.6726 -0.1127
vn -0.6708 0.7346 0.1022
vn -0.8344 0.5510 0.0090
vn -0.8347 0.5446 0.0817
vn -0.6718 0.7277 0.1382
vn -0.5959 0.7899 0.1445
vn -0.4602 -0.8669 -0.1914
vn -0.4625 -0.8777 -0.1252
vn -0.8787 -0.4686 -0.0909
vn -0.8766 -0.4580 -0.1477
vn 0.9019 0.4320 -0.0036
vn 0.8436 0.2484 0.4760
vn 0.8838 0.3972 0.2473
vn 0.8478 0.2840 0.4478
vn 0.9016 0.4325 -0.0036
vn 0.9587 0.2019 0.2004
vn 0.9214 0.1848 -0.3419
vn 0.9788 -0.0918 -0.1833
vn 0.9518 -0.0860 0.2943
vn 0.9826 -0.0745 0.1698
vn 0.9048 0.2500 0.3447
vn 0.9516 -0.0932 0.2929
vn 0.9803 -0.0724 -0.1840
vn 0.9335 0.2863 -0.2159
vn 0.6890 0.7247 -0.0003
vn 0.9530 0.3031 -0.0047
vn 0.6797 0.6976 -0.2268
vn 0.6467 0.6739 -0.3573
vn 0.1144 0.9756 -0.1875
vn -0.3942 0.9190 0.0081
vn 0.0389 0.9636 -0.2645
vn -0.5807 0.8088 -0.0930
vn -0.3943 0.9189 0.0082
vn 0.1170 0.9733 0.1975
vn -0.3927 0.9104 0.1306
vn -0.4136 0.8941 0.1718
vn -0.5794 0.8075 0.1105
vn -0.8357 0.5455 -0.0638
vn -0.8556 0.5105 -0.0855
vn -0.8358 0.5454 -0.0639
vn -0.7298 -0.6740 0.1146
vn -0.4577 -0.8692 0.1872
vn -0.8746 -0.4598 0.1541
vn -0.8775 -0.4697 0.0972
vn -0.8348 0.5445 0.0817
vn -0.7884 -0.6116 -0.0658
vn -0.8543 0.5094 0.1032
vn -0.6718 0.7278 0.1382
vn -0.7314 -0.6726 -0.1128
vn -0.9947 0.0240 -0.0996
vn -0.8218 -0.5627 -0.0891
vn -0.8333 -0.5528 0.0023
vn -0.8206 -0.5638 0.0934
vn -0.5204 -0.8351 -0.1784
vn -0.8235 -0.5492 -0.1422
vn -0.9669 -0.2359 -0.0977
vn -0.9931 -0.1172 0.0060
vn -0.9777 0.1883 -0.0927
vn -0.9668 0.1895 -0.1714
vn -0.6272 0.7788 0.0089
vn -0.3655 0.9308 0.0080
vn -0.6587 0.7523 0.0089
vn -0.9111 0.4121 0.0086
vn -0.9253 0.3792 0.0085
vn -0.3600 0.9329 0.0080
vn -0.3797 0.9251 0.0081
vn -0.3870 0.9221 0.0081
vn -0.6270 0.7789 0.0089
vn -0.6503 0.7596 0.0089
vn -0.9019 0.4319 0.0087
vn -0.9186 0.3950 0.0086
vn 0.4689 0.8832 0.0021
vn 0.2247 0.9744 0.0043
vn 0.4812 0.8766 0.0019
vn 0.4812 0.8766 0.0020
vn -0.1239 0.9923 0.0068
vn -0.1240 0.9923 0.0068
vn -0.0695 0.9976 0.0064
vn -0.0901 -0.9888 -0.1192
vn -0.0386 -0.9992 -0.0057
vn -0.0346 -0.9833 -0.1785
vn -0.2210 -0.8849 -0.4100
vn 0.2086 -0.7644 -0.6101
vn 0.5732 0.1046 -0.8127
vn -0.3590 -0.6160 -0.7012
vn -0.3833 -0.5437 -0.7467
vn -0.0885 -0.9901 0.1086
vn -0.0323 -0.9854 0.1672
vn -0.2155 -0.8897 0.4024
vn 0.2167 -0.7716 0.5981
vn 0.5842 0.0949 0.8061
vn -0.3495 -0.6243 0.6986
vn -0.3732 -0.5526 0.7452
vn -0.0487 -0.9988 -0.0056
vn -0.0112 -0.9918 -0.1276
vn -0.0609 -0.9783 -0.1980
vn 0.0986 -0.8923 -0.4406
vn -0.2825 -0.7449 -0.6045
vn -0.5804 0.0943 -0.8089
vn 0.2314 -0.6050 -0.7619
vn -0.0096 -0.9932 0.1158
vn -0.0585 -0.9806 0.1869
vn 0.1045 -0.8975 0.4285
vn -0.2743 -0.7520 0.5993
vn 0.2417 -0.6140 0.7514
vn 0.2675 -0.5353 0.8012
vn -0.0956 -0.9954 -0.0053
vn -0.1403 -0.9901 -0.0050
vn -0.2649 -0.9643 -0.0040
vn -0.4701 -0.8826 -0.0021
vn -0.7129 -0.7013 0.0006
vn -0.8994 -0.4371 0.0035
vn 0.8311 -0.5561 -0.0089
vn 0.8891 -0.4576 -0.0088
vn 0.8385 -0.5448 -0.0089
vn 0.7323 -0.6809 -0.0090
vn 0.5706 -0.8212 -0.0088
vn 0.4167 -0.9090 -0.0082
vn 0.2177 -0.9760 -0.0073
vn -0.0012 -1.0000 -0.0060
vn -0.0466 -0.9989 -0.0056
vt 0.626812 0.820682
vt 0.613263 0.829425
vt 0.616631 0.822857
vt 0.621366 0.820106
vt 0.611438 0.816997
vt 0.629156 0.813210
vt 0.637892 0.820312
vt 0.641758 0.816525
vt 0.630833 0.807564
vt 0.632570 0.825299
vt 0.643170 0.832044
vt 0.619667 0.812157
vt 0.618382 0.806145
vt 0.607599 0.812530
vt 0.601291 0.825173
vt 0.606368 0.827050
vt 0.601291 0.840765
vt 0.606347 0.839914
vt 0.613228 0.838634
vt 0.617029 0.847047
vt 0.636367 0.833689
vt 0.611627 0.851653
vt 0.636336 0.842921
vt 0.643150 0.844916
vt 0.648132 0.830755
vt 0.648132 0.846348
vt 0.638084 0.854987
vt 0.641825 0.858993
vt 0.632980 0.849543
vt 0.631042 0.865379
vt 0.622799 0.851719
vt 0.628252 0.852325
vt 0.620367 0.858774
vt 0.629857 0.859838
vt 0.607665 0.854996
vt 0.618590 0.863959
vt 0.841547 0.562345
vt 0.857092 0.557122
vt 0.857092 0.564651
vt 0.842800 0.565062
vt 0.830168 0.576615
vt 0.843965 0.567199
vt 0.832338 0.578184
vt 0.844554 0.568866
vt 0.834535 0.579101
vt 0.835375 0.580380
vt 0.826003 0.596110
vt 0.832015 0.596110
vt 0.835375 0.611841
vt 0.834781 0.612270
vt 0.844553 0.623358
vt 0.832338 0.614037
vt 0.844293 0.623924
vt 0.830168 0.615606
vt 0.857092 0.627574
vt 0.842800 0.627163
vt 0.841548 0.629880
vt 0.857092 0.635104
vt 0.767076 0.271016
vt 0.781210 0.261874
vt 0.781210 0.271016
vt 0.781210 0.280200
vt 0.767076 0.261874
vt 0.767076 0.280200
vt 0.767076 0.243592
vt 0.781210 0.298920
vt 0.781210 0.243592
vt 0.767076 0.298920
vt 0.781210 0.201213
vt 0.781210 0.317243
vt 0.767076 0.317243
vt 0.767076 0.345181
vt 0.767076 0.201213
vt 0.781210 0.166138
vt 0.767076 0.166138
vt 0.781210 0.145172
vt 0.767076 0.145172
vt 0.781210 0.124207
vt 0.767076 0.124207
vt 0.781210 0.108258
vt 0.767076 0.108258
vt 0.767076 0.088835
vt 0.781210 0.088835
vt 0.767076 0.049778
vt 0.781210 0.049778
vt 0.844380 0.744763
vt 0.830393 0.757040
vt 0.830393 0.744763
vt 0.844380 0.727337
vt 0.830393 0.727337
vt 0.844380 0.757040
vt 0.830393 0.769607
vt 0.844379 0.769607
vt 0.830393 0.782199
vt 0.844379 0.782199
vt 0.830393 0.802266
vt 0.844379 0.802266
vt 0.830393 0.816863
vt 0.844379 0.816863
vt 0.844379 0.842425
vt 0.186426 0.550109
vt 0.187082 0.547882
vt 0.187028 0.546229
vt 0.186754 0.548996
vt 0.186080 0.551283
vt 0.186754 0.542707
vt 0.186965 0.544297
vt 0.186474 0.537711
vt 0.187105 0.535589
vt 0.186208 0.538603
vt 0.186739 0.536818
vt 0.188028 0.533198
vt 0.187534 0.534149
vt 0.189891 0.529608
vt 0.199281 0.527219
vt 0.199074 0.527272
vt 0.207728 0.523766
vt 0.210465 0.521702
vt 0.218114 0.515545
vt 0.224156 0.509305
vt 0.227792 0.504569
vt 0.207670 0.523747
vt 0.210465 0.521703
vt 0.210569 0.521619
vt 0.218159 0.515490
vt 0.718822 0.241244
vt 0.722776 0.243582
vt 0.718822 0.243582
vt 0.722776 0.241244
vt 0.722776 0.252864
vt 0.718822 0.252864
vt 0.656956 0.273400
vt 0.660911 0.275587
vt 0.656956 0.275587
vt 0.660911 0.273400
vt 0.656956 0.271232
vt 0.660911 0.271232
vt 0.636404 0.271804
vt 0.632450 0.266990
vt 0.636404 0.266990
vt 0.632450 0.271804
vt 0.636404 0.275612
vt 0.632450 0.275612
vt 0.660256 0.420125
vt 0.664210 0.415375
vt 0.664210 0.420125
vt 0.660256 0.415375
vt 0.838420 0.573875
vt 0.197744 0.624760
vt 0.195999 0.628714
vt 0.195999 0.624760
vt 0.197744 0.628714
vt 0.193031 0.719921
vt 0.193031 0.725105
vt 0.196986 0.719921
vt 0.196986 0.725105
vt 0.125053 0.607279
vt 0.122046 0.607279
vt 0.123934 0.596682
vt 0.195741 0.719921
vt 0.193191 0.719921
vt 0.196986 0.725073
vt 0.788021 0.110689
vt 0.825236 0.118362
vt 0.799818 0.122921
vt 0.813439 0.125729
vt 0.832047 0.102793
vt 0.832047 0.083195
vt 0.781211 0.092312
vt 0.781211 0.072713
vt 0.825236 0.064818
vt 0.813439 0.052586
vt 0.788021 0.057145
vt 0.799818 0.049778
vt 0.602140 0.627699
vt 0.600251 0.623744
vt 0.602140 0.623744
vt 0.600251 0.627699
vt 0.297747 0.754910
vt 0.295882 0.753593
vt 0.297747 0.740936
vt 0.181861 0.549603
vt 0.181377 0.546654
vt 0.182246 0.543535
vt 0.182419 0.540431
vt 0.181679 0.536257
vt 0.182152 0.538925
vt 0.182332 0.541983
vt 0.181374 0.534844
vt 0.181783 0.545198
vt 0.180195 0.531519
vt 0.183875 0.552309
vt 0.180880 0.532560
vt 0.178613 0.529526
vt 0.178903 0.529555
vt 0.173243 0.528986
vt 0.165089 0.526339
vt 0.172815 0.528847
vt 0.164684 0.526144
vt 0.159200 0.523499
vt 0.158761 0.523165
vt 0.152654 0.518549
vt 0.152926 0.518726
vt 0.148267 0.515468
vt 0.148619 0.515926
vt 0.144278 0.510289
vt 0.144004 0.509929
vt 0.140462 0.505126
vt 0.140692 0.505575
vt 0.135413 0.495093
vt 0.734382 0.265203
vt 0.731779 0.266686
vt 0.731779 0.252864
vt 0.158115 0.400486
vt 0.160148 0.402568
vt 0.156596 0.398930
vt 0.160136 0.403656
vt 0.159469 0.401872
vt 0.157583 0.399941
vt 0.156619 0.398953
vt 0.160094 0.407501
vt 0.159689 0.408077
vt 0.157556 0.411077
vt 0.157585 0.411069
vt 0.151446 0.412857
vt 0.151357 0.412883
vt 0.145710 0.410839
vt 0.656301 0.415375
vt 0.660256 0.420457
vt 0.656301 0.420457
vt 0.181619 0.548129
vt 0.183408 0.550868
vt 0.186253 0.550696
vt 0.611789 0.270965
vt 0.615743 0.275108
vt 0.611789 0.275108
vt 0.615743 0.270965
vt 0.615743 0.267495
vt 0.611789 0.267495
vt 0.156399 0.435921
vt 0.159658 0.439525
vt 0.157469 0.431103
vt 0.156748 0.436308
vt 0.158331 0.427226
vt 0.164747 0.426327
vt 0.158345 0.427757
vt 0.157364 0.431580
vt 0.155490 0.440038
vt 0.155730 0.440401
vt 0.155587 0.444281
vt 0.155580 0.443965
vt 0.155720 0.450063
vt 0.078906 0.874567
vt 0.068582 0.871339
vt 0.069702 0.870068
vt 0.062667 0.857916
vt 0.078454 0.876180
vt 0.061078 0.858507
vt 0.092162 0.874810
vt 0.062317 0.844177
vt 0.092651 0.876409
vt 0.060651 0.843864
vt 0.103880 0.868421
vt 0.068731 0.832669
vt 0.105062 0.869621
vt 0.067541 0.831461
vt 0.112043 0.857310
vt 0.080044 0.824764
vt 0.110452 0.856796
vt 0.080331 0.826435
vt 0.112043 0.843099
vt 0.094667 0.825426
vt 0.110424 0.843526
vt 0.094052 0.827006
vt 0.107367 0.833140
vt 0.106079 0.834241
vt 0.224196 0.509245
vt 0.231726 0.496761
vt 0.227905 0.504345
vt 0.231797 0.496588
vt 0.234919 0.489026
vt 0.234874 0.489171
vt 0.237525 0.480679
vt 0.237503 0.480789
vt 0.238782 0.474464
vt 0.238772 0.474657
vt 0.237503 0.480788
vt 0.239259 0.466052
vt 0.239257 0.466120
vt 0.239257 0.466121
vt 0.239455 0.459778
vt 0.239458 0.459767
vt 0.239050 0.447945
vt 0.239056 0.448125
vt 0.238859 0.443708
vt 0.238848 0.443460
vt 0.237525 0.434314
vt 0.237525 0.434313
vt 0.237567 0.434602
vt 0.234660 0.422522
vt 0.232863 0.415070
vt 0.234752 0.422902
vt 0.232222 0.408983
vt 0.232988 0.415588
vt 0.235716 0.402848
vt 0.238889 0.397071
vt 0.232307 0.409791
vt 0.228671 0.376809
vt 0.238609 0.397580
vt 0.230003 0.379450
vt 0.234971 0.404155
vt 0.052633 0.677122
vt 0.052667 0.657272
vt 0.054353 0.657094
vt 0.045855 0.638575
vt 0.054245 0.677643
vt 0.047328 0.637743
vt 0.045373 0.690600
vt 0.034023 0.626042
vt 0.046569 0.691803
vt 0.034884 0.624601
vt 0.033445 0.697551
vt 0.020351 0.623091
vt 0.033740 0.699220
vt 0.020060 0.621447
vt 0.019152 0.696646
vt 0.007207 0.629490
vt 0.019863 0.695106
vt 0.008512 0.630549
vt 0.007111 0.685969
vt 0.000000 0.646104
vt 0.008447 0.684928
vt 0.001670 0.646381
vt 0.000000 0.666696
vt 0.001646 0.666286
vt 0.759119 0.800986
vt 0.747627 0.797643
vt 0.747958 0.795984
vt 0.732459 0.798091
vt 0.758104 0.802345
vt 0.731908 0.796495
vt 0.765833 0.815637
vt 0.719064 0.805942
vt 0.767436 0.815081
vt 0.717861 0.804751
vt 0.765957 0.831199
vt 0.709764 0.818860
vt 0.767614 0.831560
vt 0.711354 0.819411
vt 0.758325 0.844747
vt 0.709436 0.834950
vt 0.759531 0.845940
vt 0.711074 0.834572
vt 0.745230 0.854173
vt 0.714611 0.846093
vt 0.744853 0.852520
vt 0.715896 0.844987
vt 0.728740 0.854173
vt 0.729280 0.852565
vt 0.136269 0.435186
vt 0.137806 0.441614
vt 0.135331 0.455377
vt 0.133710 0.462721
vt 0.133752 0.462530
vt 0.132602 0.471699
vt 0.132178 0.477457
vt 0.132639 0.471398
vt 0.132205 0.477080
vt 0.131933 0.480783
vt 0.133323 0.488567
vt 0.131965 0.480345
vt 0.135544 0.495505
vt 0.133252 0.488170
vt 0.770600 0.814965
vt 0.779357 0.801418
vt 0.772208 0.815506
vt 0.772139 0.831357
vt 0.778143 0.800245
vt 0.770458 0.831572
vt 0.791203 0.794801
vt 0.779196 0.844616
vt 0.790630 0.793254
vt 0.777863 0.845651
vt 0.805430 0.793892
vt 0.791471 0.851798
vt 0.805810 0.792326
vt 0.791075 0.853431
vt 0.818882 0.800122
vt 0.806366 0.852581
vt 0.817664 0.801234
vt 0.805656 0.851049
vt 0.826805 0.812076
vt 0.819364 0.843462
vt 0.825188 0.812561
vt 0.817969 0.842499
vt 0.826805 0.828630
vt 0.825128 0.828372
vt 0.119567 0.596031
vt 0.119486 0.575271
vt 0.121173 0.575090
vt 0.111754 0.556005
vt 0.121173 0.596578
vt 0.113199 0.555118
vt 0.111503 0.610302
vt 0.098529 0.543845
vt 0.112693 0.611507
vt 0.099306 0.542338
vt 0.098272 0.618419
vt 0.083422 0.542351
vt 0.098598 0.620076
vt 0.083095 0.540687
vt 0.082320 0.617483
vt 0.068701 0.548360
vt 0.082965 0.615917
vt 0.069991 0.549461
vt 0.068859 0.606871
vt 0.060651 0.565457
vt 0.070138 0.605757
vt 0.062325 0.565731
vt 0.060781 0.586972
vt 0.062410 0.586501
vt 0.756294 0.266686
vt 0.744548 0.257507
vt 0.756294 0.252822
vt 0.468090 0.937396
vt 0.460352 0.995560
vt 0.456553 0.936351
vt 0.471841 0.997099
vt 0.485520 0.995455
vt 0.466265 0.880250
vt 0.454699 0.879707
vt 0.465245 0.820179
vt 0.479867 0.879602
vt 0.481721 0.936246
vt 0.493794 0.933212
vt 0.497722 0.991067
vt 0.648132 0.834394
vt 0.648132 0.819761
vt 0.650195 0.833422
vt 0.650195 0.819959
vt 0.656884 0.845113
vt 0.656883 0.808331
vt 0.655402 0.847101
vt 0.655401 0.807122
vt 0.668469 0.851899
vt 0.668466 0.801646
vt 0.667994 0.854476
vt 0.667991 0.799857
vt 0.681844 0.851954
vt 0.682526 0.799909
vt 0.682531 0.854536
vt 0.681840 0.801694
vt 0.695118 0.847263
vt 0.695113 0.807268
vt 0.693425 0.845262
vt 0.693421 0.808464
vt 0.702383 0.834608
vt 0.700108 0.820149
vt 0.700110 0.833619
vt 0.702381 0.819968
vt 0.600899 0.696840
vt 0.596945 0.699249
vt 0.596945 0.696840
vt 0.600899 0.699249
vt 0.600899 0.693187
vt 0.596945 0.693187
vt 0.600899 0.690449
vt 0.596945 0.690449
vt 0.820830 0.719738
vt 0.807428 0.724216
vt 0.819159 0.717218
vt 0.808079 0.727336
vt 0.828191 0.704709
vt 0.793353 0.725466
vt 0.825928 0.703373
vt 0.793879 0.722488
vt 0.828190 0.686282
vt 0.780600 0.714631
vt 0.825922 0.686393
vt 0.782141 0.712501
vt 0.819143 0.670829
vt 0.773237 0.697738
vt 0.820828 0.669392
vt 0.775362 0.696934
vt 0.807407 0.660848
vt 0.775356 0.679957
vt 0.808076 0.658563
vt 0.773237 0.679313
vt 0.793858 0.659123
vt 0.782127 0.666118
vt 0.793352 0.656696
vt 0.780600 0.664292
vt 0.192737 0.443935
vt 0.197198 0.449071
vt 0.196712 0.449298
vt 0.194212 0.452062
vt 0.194437 0.451737
vt 0.189960 0.458277
vt 0.190049 0.458095
vt 0.186927 0.464440
vt 0.183205 0.474264
vt 0.183041 0.482371
vt 0.186914 0.464474
vt 0.183263 0.474110
vt 0.183049 0.481952
vt 0.184089 0.486724
vt 0.186987 0.490913
vt 0.183960 0.486186
vt 0.190993 0.492010
vt 0.186610 0.490368
vt 0.190473 0.491868
vt 0.195767 0.489074
vt 0.195753 0.489011
vt 0.200515 0.482556
vt 0.200580 0.482403
vt 0.203330 0.475929
vt 0.009247 0.821169
vt 0.000029 0.807698
vt 0.001669 0.807265
vt 0.001646 0.791373
vt 0.008013 0.822332
vt -0.000000 0.790966
vt 0.022353 0.829373
vt 0.009190 0.777768
vt 0.021861 0.830990
vt 0.007971 0.776590
vt 0.037488 0.829723
vt 0.022289 0.770134
vt 0.037905 0.831358
vt 0.021869 0.768491
vt 0.051812 0.823346
vt 0.037949 0.768939
vt 0.050606 0.822162
vt 0.037443 0.770557
vt 0.059822 0.809108
vt 0.051832 0.777737
vt 0.058182 0.808679
vt 0.050582 0.778883
vt 0.059822 0.792437
vt 0.058175 0.792843
vt 0.178996 0.856337
vt 0.183482 0.870806
vt 0.172157 0.868504
vt 0.189852 0.858618
vt 0.191057 0.843265
vt 0.179793 0.840743
vt 0.185353 0.829100
vt 0.172157 0.825557
vt 0.292575 0.505951
vt 0.296529 0.511047
vt 0.292575 0.511047
vt 0.296529 0.514348
vt 0.296529 0.505951
vt 0.292575 0.514348
vt 0.296529 0.518002
vt 0.292575 0.518002
vt 0.292575 0.501893
vt 0.296529 0.501893
vt 0.292575 0.497436
vt 0.296529 0.497436
vt 0.292575 0.493501
vt 0.296529 0.493501
vt 0.781353 0.152447
vt 0.790050 0.137101
vt 0.782964 0.152976
vt 0.782893 0.170327
vt 0.788818 0.135936
vt 0.781211 0.170540
vt 0.801798 0.129044
vt 0.789893 0.184338
vt 0.801217 0.127461
vt 0.788556 0.185381
vt 0.815843 0.127368
vt 0.802028 0.191523
vt 0.816199 0.125729
vt 0.801668 0.193180
vt 0.829122 0.133533
vt 0.816814 0.191530
vt 0.827936 0.134731
vt 0.816031 0.190025
vt 0.836926 0.146404
vt 0.829608 0.181071
vt 0.835322 0.146952
vt 0.828165 0.180178
vt 0.836926 0.164539
vt 0.835240 0.164351
vt 0.226416 0.655931
vt 0.228059 0.637502
vt 0.228067 0.655541
vt 0.235964 0.671874
vt 0.226416 0.637080
vt 0.234682 0.672983
vt 0.235932 0.622544
vt 0.249628 0.682089
vt 0.234723 0.621356
vt 0.249054 0.683683
vt 0.249562 0.614598
vt 0.265381 0.683378
vt 0.249182 0.612947
vt 0.265761 0.685029
vt 0.265864 0.614191
vt 0.280203 0.676517
vt 0.265295 0.615788
vt 0.278990 0.675333
vt 0.280209 0.624703
vt 0.288461 0.660609
vt 0.278917 0.625801
vt 0.286822 0.660172
vt 0.288448 0.641659
vt 0.286793 0.642030
vt 0.731779 0.256817
vt 0.718822 0.267002
vt 0.718822 0.252863
vt 0.668165 0.418414
vt 0.664210 0.419989
vt 0.664210 0.418414
vt 0.668165 0.419989
vt 0.668165 0.417102
vt 0.664210 0.417102
vt 0.668165 0.415375
vt 0.899390 0.898341
vt 0.891077 0.887170
vt 0.902029 0.885348
vt 0.887866 0.900252
vt 0.890873 0.872227
vt 0.901913 0.870581
vt 0.898852 0.858217
vt 0.887866 0.859746
vt 0.043883 0.876151
vt 0.035620 0.863107
vt 0.048411 0.862153
vt 0.032833 0.876262
vt 0.035518 0.846992
vt 0.048960 0.845811
vt 0.045651 0.831358
vt 0.032833 0.832135
vt 0.711081 0.703238
vt 0.709440 0.686116
vt 0.711082 0.686541
vt 0.719187 0.671961
vt 0.709436 0.703650
vt 0.717950 0.670802
vt 0.719186 0.717573
vt 0.733225 0.663399
vt 0.717966 0.718751
vt 0.732735 0.661780
vt 0.733226 0.725695
vt 0.749438 0.663137
vt 0.732801 0.727336
vt 0.749862 0.661503
vt 0.749937 0.727039
vt 0.764697 0.670065
vt 0.749443 0.725416
vt 0.763482 0.671242
vt 0.764726 0.717982
vt 0.773237 0.685133
vt 0.763488 0.716822
vt 0.771593 0.685545
vt 0.773237 0.702653
vt 0.771596 0.702226
vt 0.772858 0.032152
vt 0.781470 0.048453
vt 0.764872 0.043447
vt 0.788798 0.037097
vt 0.790534 0.021902
vt 0.774055 0.016547
vt 0.783690 0.006670
vt 0.764872 0.000000
vt 0.178708 0.502500
vt 0.166628 0.507067
vt 0.165235 0.508347
vt 0.168010 0.504765
vt 0.163245 0.508129
vt 0.161074 0.507891
vt 0.158737 0.506897
vt 0.154860 0.505247
vt 0.150713 0.501569
vt 0.147613 0.496735
vt 0.144905 0.491333
vt 0.142212 0.489023
vt 0.149043 0.492030
vt 0.154216 0.492318
vt 0.139933 0.484576
vt 0.156763 0.498325
vt 0.158970 0.493340
vt 0.138423 0.478197
vt 0.159090 0.498562
vt 0.290935 0.685030
vt 0.292449 0.682848
vt 0.294827 0.685030
vt 0.288742 0.681889
vt 0.296658 0.683937
vt 0.291294 0.681465
vt 0.294421 0.682105
vt 0.288962 0.678723
vt 0.294980 0.680897
vt 0.291655 0.679392
vt 0.297747 0.680812
vt 0.290974 0.675674
vt 0.294818 0.678879
vt 0.292799 0.678140
vt 0.297384 0.677516
vt 0.293971 0.674804
vt 0.295969 0.675739
vt 0.152876 0.476908
vt 0.151850 0.472779
vt 0.155013 0.481503
vt 0.157742 0.485612
vt 0.162236 0.490218
vt 0.165348 0.494268
vt 0.169039 0.464093
vt 0.172926 0.460452
vt 0.175563 0.455151
vt 0.167256 0.499042
vt 0.168271 0.502968
vt 0.177610 0.449645
vt 0.192861 0.444030
vt 0.186656 0.439290
vt 0.177495 0.444633
vt 0.173104 0.444524
vt 0.177102 0.440727
vt 0.179641 0.436141
vt 0.172565 0.435593
vt 0.161412 0.463181
vt 0.161626 0.457672
vt 0.168295 0.456465
vt 0.161947 0.448249
vt 0.168848 0.441969
vt 0.162710 0.442892
vt 0.163063 0.440408
vt 0.164830 0.433597
vt 0.171558 0.433568
vt 0.166586 0.429347
vt 0.175715 0.427589
vt 0.167760 0.426508
vt 0.869944 0.775493
vt 0.861883 0.761133
vt 0.874663 0.760362
vt 0.858987 0.775270
vt 0.861771 0.743825
vt 0.875220 0.742757
vt 0.871789 0.727337
vt 0.858987 0.727969
vt 0.644438 0.304534
vt 0.653854 0.288766
vt 0.646083 0.304948
vt 0.646091 0.322740
vt 0.652579 0.287649
vt 0.644438 0.323122
vt 0.667310 0.278576
vt 0.653863 0.337435
vt 0.666766 0.276974
vt 0.652631 0.338601
vt 0.682811 0.277259
vt 0.667277 0.345252
vt 0.683188 0.275612
vt 0.666899 0.346905
vt 0.697391 0.283981
vt 0.683358 0.345630
vt 0.696204 0.285186
vt 0.682756 0.344045
vt 0.705533 0.299764
vt 0.697458 0.335252
vt 0.703899 0.300215
vt 0.696136 0.334189
vt 0.705531 0.318510
vt 0.703870 0.318169
vt 0.133341 0.429178
vt 0.131933 0.422861
vt 0.136410 0.435778
vt 0.137770 0.441875
vt 0.927301 0.571415
vt 0.916604 0.571196
vt 0.927460 0.556049
vt 0.916729 0.555867
vt 0.927363 0.588486
vt 0.916632 0.588252
vt 0.916717 0.602460
vt 0.927460 0.602646
vt 0.141617 0.815761
vt 0.131953 0.802201
vt 0.133587 0.801748
vt 0.133576 0.785583
vt 0.140421 0.816963
vt 0.131933 0.785166
vt 0.155515 0.823873
vt 0.141587 0.771602
vt 0.155074 0.825510
vt 0.140378 0.770417
vt 0.171560 0.823918
vt 0.155477 0.763561
vt 0.171997 0.825557
vt 0.155042 0.761927
vt 0.186653 0.817095
vt 0.171986 0.761994
vt 0.185456 0.815894
vt 0.171528 0.763623
vt 0.195112 0.802389
vt 0.186652 0.770583
vt 0.193476 0.801941
vt 0.185435 0.771763
vt 0.195112 0.785370
vt 0.193469 0.785790
vt 0.283689 0.823069
vt 0.280773 0.824005
vt 0.281846 0.822540
vt 0.284147 0.821155
vt 0.285978 0.820677
vt 0.287633 0.821803
vt 0.284284 0.825346
vt 0.279829 0.827948
vt 0.282851 0.828848
vt 0.279276 0.833059
vt 0.282715 0.833000
vt 0.280125 0.838095
vt 0.284474 0.836869
vt 0.286282 0.823752
vt 0.289439 0.823031
vt 0.291036 0.825005
vt 0.290004 0.826821
vt 0.293687 0.828280
vt 0.292075 0.830458
vt 0.295625 0.833474
vt 0.288761 0.833502
vt 0.296097 0.839197
vt 0.288080 0.829232
vt 0.286816 0.832201
vt 0.286819 0.830255
vt 0.281934 0.844271
vt 0.288193 0.840002
vt 0.292627 0.842682
vt 0.295955 0.845238
vt 0.289861 0.852203
vt 0.282418 0.849181
vt 0.297250 0.848542
vt 0.286862 0.853067
vt 0.291858 0.853140
vt 0.282150 0.854241
vt 0.297178 0.853537
vt 0.284847 0.856114
vt 0.293270 0.854920
vt 0.281121 0.858369
vt 0.293628 0.858216
vt 0.284621 0.859280
vt 0.295520 0.859880
vt 0.279619 0.863424
vt 0.292535 0.861340
vt 0.294555 0.861866
vt 0.293542 0.863952
vt 0.290702 0.862429
vt 0.290175 0.868008
vt 0.286809 0.862423
vt 0.279276 0.867083
vt 0.286303 0.871065
vt 0.279935 0.871770
vt 0.206207 0.464012
vt 0.191282 0.499839
vt 0.162338 0.495934
vt 0.160000 0.500283
vt 0.138344 0.475991
vt 0.164165 0.499665
vt 0.138261 0.473673
vt 0.164542 0.503429
vt 0.159367 0.501777
vt 0.139333 0.468511
vt 0.163525 0.505774
vt 0.158798 0.504809
vt 0.155263 0.502568
vt 0.141319 0.463996
vt 0.146613 0.460387
vt 0.135322 0.455421
vt 0.137099 0.446745
vt 0.155580 0.443964
vt 0.158099 0.458310
vt 0.149393 0.464217
vt 0.150806 0.467610
vt 0.140960 0.426565
vt 0.139426 0.426439
vt 0.142024 0.424626
vt 0.138222 0.424028
vt 0.137305 0.421727
vt 0.133446 0.417348
vt 0.137717 0.419605
vt 0.138795 0.418271
vt 0.137164 0.413626
vt 0.144782 0.414121
vt 0.140605 0.418975
vt 0.141531 0.420836
vt 0.153825 0.416630
vt 0.155967 0.417791
vt 0.142069 0.423053
vt 0.161146 0.420600
vt 0.639464 0.880763
vt 0.627267 0.880594
vt 0.639252 0.865522
vt 0.627202 0.865379
vt 0.639252 0.897658
vt 0.627202 0.897484
vt 0.627379 0.911517
vt 0.639026 0.911662
vt 0.816812 0.883701
vt 0.825713 0.899139
vt 0.814555 0.898174
vt 0.827968 0.884764
vt 0.828106 0.868447
vt 0.816963 0.867292
vt 0.825613 0.854545
vt 0.814555 0.853431
vt 0.930079 0.664885
vt 0.919383 0.664666
vt 0.930242 0.650171
vt 0.919512 0.650067
vt 0.930137 0.681403
vt 0.919408 0.681088
vt 0.919500 0.694854
vt 0.930242 0.695177
vt 0.857134 0.044312
vt 0.846507 0.032603
vt 0.861593 0.029858
vt 0.840972 0.047671
vt 0.847496 0.015945
vt 0.862027 0.013213
vt 0.856110 0.000000
vt 0.840972 0.002463
vt 0.695189 0.884106
vt 0.703632 0.899061
vt 0.692448 0.898014
vt 0.706383 0.885251
vt 0.706484 0.869387
vt 0.695319 0.868145
vt 0.703445 0.855721
vt 0.692448 0.854536
vt 0.206186 0.464098
vt 0.203364 0.475791
vt 0.206787 0.459738
vt 0.206812 0.459712
vt 0.205539 0.449802
vt 0.205538 0.449729
vt 0.201081 0.437330
vt 0.201010 0.437130
vt 0.194534 0.423965
vt 0.194714 0.424331
vt 0.185587 0.411544
vt 0.185919 0.412006
vt 0.172453 0.395976
vt 0.173024 0.396653
vt 0.162883 0.385838
vt 0.163635 0.386634
vt 0.154795 0.371147
vt 0.156312 0.373903
vt 0.579183 0.902371
vt 0.591415 0.902533
vt 0.578943 0.916734
vt 0.591025 0.916870
vt 0.579311 0.886307
vt 0.591393 0.886473
vt 0.590613 0.873063
vt 0.578943 0.872929
vt 0.226416 0.727423
vt 0.228059 0.709266
vt 0.228067 0.727033
vt 0.235823 0.743068
vt 0.226416 0.708849
vt 0.234538 0.744176
vt 0.235799 0.694507
vt 0.249247 0.753060
vt 0.234588 0.693325
vt 0.248688 0.754661
vt 0.249205 0.686676
vt 0.264736 0.754297
vt 0.248827 0.685030
vt 0.265116 0.755950
vt 0.265258 0.686275
vt 0.279336 0.747616
vt 0.264685 0.687867
vt 0.278134 0.746419
vt 0.279389 0.696672
vt 0.287495 0.732002
vt 0.278092 0.697764
vt 0.285856 0.731567
vt 0.287495 0.713382
vt 0.285840 0.713752
vt 0.131065 0.839087
vt 0.117362 0.841234
vt 0.125549 0.824764
vt 0.112043 0.826612
vt 0.130884 0.856403
vt 0.117420 0.858496
vt 0.125306 0.871719
vt 0.112043 0.873854
vt 0.904692 0.587644
vt 0.916279 0.602646
vt 0.904374 0.602449
vt 0.916604 0.587877
vt 0.916576 0.571254
vt 0.904671 0.571010
vt 0.916225 0.557319
vt 0.904374 0.557122
vt 0.716120 0.239695
vt 0.716475 0.000263
vt 0.728086 0.236933
vt 0.728086 0.000000
vt 0.702052 0.000407
vt 0.701567 0.240762
vt 0.688326 0.239831
vt 0.688681 0.000399
vt 0.890306 0.079301
vt 0.899210 0.094331
vt 0.888054 0.093345
vt 0.901460 0.080388
vt 0.901599 0.064493
vt 0.890459 0.063312
vt 0.899109 0.050912
vt 0.888054 0.049778
vt 0.931326 0.408506
vt 0.920531 0.408355
vt 0.931190 0.393929
vt 0.920399 0.393811
vt 0.931329 0.424889
vt 0.920538 0.424728
vt 0.920399 0.438452
vt 0.931148 0.438558
vt 0.899604 0.757591
vt 0.908407 0.772641
vt 0.897553 0.772105
vt 0.910438 0.758210
vt 0.909600 0.741800
vt 0.898753 0.741109
vt 0.908331 0.727954
vt 0.897553 0.727337
vt 0.902493 0.476207
vt 0.914137 0.490730
vt 0.902060 0.490576
vt 0.914721 0.476387
vt 0.914698 0.460368
vt 0.902621 0.460186
vt 0.913722 0.447014
vt 0.902060 0.446862
vt 0.779720 0.781392
vt 0.770483 0.767345
vt 0.772126 0.766925
vt 0.772106 0.750540
vt 0.778464 0.782532
vt 0.770458 0.750139
vt 0.792855 0.790075
vt 0.779668 0.736641
vt 0.792332 0.791685
vt 0.778444 0.735468
vt 0.808022 0.790684
vt 0.792794 0.728983
vt 0.808427 0.792326
vt 0.792388 0.727336
vt 0.822376 0.784267
vt 0.808514 0.728043
vt 0.821164 0.783085
vt 0.807976 0.729651
vt 0.830393 0.769709
vt 0.822409 0.737311
vt 0.828752 0.769285
vt 0.821138 0.738433
vt 0.830393 0.752552
vt 0.828743 0.752945
vt 0.464889 0.802195
vt 0.453654 0.819978
vt 0.453300 0.801756
vt 0.464778 0.774279
vt 0.453189 0.773828
vt 0.478822 0.819873
vt 0.472082 0.536563
vt 0.460276 0.536930
vt 0.478468 0.801651
vt 0.460998 0.494813
vt 0.478357 0.773723
vt 0.490746 0.819150
vt 0.490398 0.800271
vt 0.491862 0.877942
vt 0.490286 0.772325
vt 0.485444 0.536825
vt 0.496782 0.537640
vt 0.486166 0.494708
vt 0.497442 0.495494
vt 0.472827 0.494458
vt 0.486472 0.466083
vt 0.473142 0.466112
vt 0.461304 0.466188
vt 0.497722 0.466108
vt 0.472907 0.397338
vt 0.461065 0.397089
vt 0.486233 0.396984
vt 0.497472 0.396123
vt 0.471161 0.307359
vt 0.459399 0.307279
vt 0.484568 0.307174
vt 0.496026 0.306775
vt 0.469987 0.201458
vt 0.458252 0.201390
vt 0.483420 0.201284
vt 0.494952 0.200915
vt 0.493861 0.106619
vt 0.468756 0.106447
vt 0.457058 0.106570
vt 0.482226 0.106465
vt 0.493437 0.093854
vt 0.468088 0.093496
vt 0.456456 0.093669
vt 0.481624 0.093564
vt 0.492802 0.007160
vt 0.467371 0.006769
vt 0.455761 0.006951
vt 0.480929 0.006846
vt 0.457144 0.000159
vt 0.480300 0.000062
vt 0.491361 0.000334
vt 0.467829 0.000000
vt 0.210622 0.438383
vt 0.211461 0.450889
vt 0.209262 0.460551
vt 0.288621 0.672083
vt 0.292575 0.667373
vt 0.292575 0.672083
vt 0.288621 0.667373
vt 0.292575 0.662123
vt 0.288621 0.662123
vt 0.292575 0.659830
vt 0.288621 0.659830
vt 0.292575 0.657647
vt 0.288621 0.657647
vt 0.292575 0.651478
vt 0.288621 0.651478
vt 0.292575 0.647317
vt 0.288621 0.647317
vt 0.680881 0.881315
vt 0.688463 0.895120
vt 0.677002 0.893497
vt 0.692296 0.882946
vt 0.692448 0.868678
vt 0.680986 0.867056
vt 0.688577 0.856129
vt 0.677002 0.854536
vt 0.170078 0.420061
vt 0.179497 0.418926
vt 0.170579 0.414709
vt 0.179756 0.412774
vt 0.169749 0.409369
vt 0.176650 0.405909
vt 0.166309 0.403304
vt 0.169490 0.396908
vt 0.162442 0.399125
vt 0.162814 0.391222
vt 0.158449 0.395878
vt 0.156277 0.388656
vt 0.153187 0.396082
vt 0.149970 0.390639
vt 0.145171 0.396433
vt 0.149957 0.399207
vt 0.143092 0.402374
vt 0.149199 0.403291
vt 0.143405 0.405113
vt 0.152502 0.406296
vt 0.156571 0.405116
vt 0.156588 0.400966
vt 0.060886 0.663574
vt 0.062327 0.645243
vt 0.062497 0.663042
vt 0.070573 0.678301
vt 0.060651 0.644988
vt 0.069370 0.679497
vt 0.070094 0.629653
vt 0.084573 0.687659
vt 0.068786 0.628581
vt 0.084085 0.689283
vt 0.084036 0.621715
vt 0.100672 0.688358
vt 0.083626 0.620076
vt 0.101084 0.690003
vt 0.100711 0.620578
vt 0.115738 0.681348
vt 0.100063 0.622140
vt 0.114541 0.680146
vt 0.115591 0.631216
vt 0.124105 0.665776
vt 0.114234 0.632231
vt 0.122480 0.665289
vt 0.124105 0.647726
vt 0.122434 0.648017
vt 0.657611 0.788217
vt 0.648224 0.773564
vt 0.649847 0.773072
vt 0.649794 0.756028
vt 0.656401 0.789406
vt 0.648132 0.755695
vt 0.671007 0.797413
vt 0.657468 0.741658
vt 0.670524 0.799039
vt 0.656217 0.740519
vt 0.686451 0.798209
vt 0.670817 0.733829
vt 0.686852 0.799857
vt 0.670417 0.732188
vt 0.700983 0.791627
vt 0.686854 0.733063
vt 0.699807 0.790405
vt 0.686267 0.734650
vt 0.709114 0.776577
vt 0.700999 0.742829
vt 0.707493 0.776078
vt 0.699676 0.743889
vt 0.709114 0.758746
vt 0.707446 0.759054
vt 0.208514 0.423874
vt 0.206288 0.411054
vt 0.203106 0.397435
vt 0.200474 0.391406
vt 0.235666 0.390680
vt 0.198046 0.385845
vt 0.198653 0.387235
vt 0.160332 0.381204
vt 0.115650 0.697543
vt 0.102645 0.692550
vt 0.103138 0.690935
vt 0.085553 0.691630
vt 0.114554 0.698838
vt 0.085138 0.690003
vt 0.123586 0.714601
vt 0.070626 0.699241
vt 0.125190 0.714047
vt 0.069465 0.698017
vt 0.124098 0.732219
vt 0.060651 0.713221
vt 0.125759 0.732561
vt 0.062241 0.713740
vt 0.115810 0.746821
vt 0.060651 0.731286
vt 0.116977 0.748052
vt 0.062267 0.730845
vt 0.101039 0.756005
vt 0.066634 0.744151
vt 0.100786 0.754329
vt 0.067929 0.743057
vt 0.082570 0.754467
vt 0.083208 0.752896
vt 0.897956 0.411836
vt 0.885839 0.411980
vt 0.898297 0.401354
vt 0.886032 0.397341
vt 0.886862 0.425754
vt 0.897836 0.430496
vt 0.887658 0.441976
vt 0.898297 0.446862
vt 0.333744 0.995784
vt 0.331697 0.933885
vt 0.349575 0.937909
vt 0.349025 1.000000
vt 0.364263 0.940773
vt 0.315064 0.989911
vt 0.371106 0.884122
vt 0.297992 0.983954
vt 0.315417 0.929776
vt 0.356785 0.882632
vt 0.374370 0.824392
vt 0.360374 0.823838
vt 0.339402 0.880486
vt 0.323608 0.878254
vt 0.343453 0.822976
vt 0.607834 0.267362
vt 0.603880 0.268810
vt 0.603880 0.267362
vt 0.607834 0.268810
vt 0.603880 0.270965
vt 0.607834 0.270965
vt 0.603880 0.273147
vt 0.607834 0.273147
vt 0.603880 0.275407
vt 0.607834 0.275407
vt 0.887546 0.819723
vt 0.875054 0.821645
vt 0.887866 0.807822
vt 0.875229 0.804931
vt 0.876119 0.837275
vt 0.887457 0.841100
vt 0.876901 0.855971
vt 0.887866 0.860085
vt 0.908635 0.650755
vt 0.918913 0.665120
vt 0.908156 0.665616
vt 0.919383 0.650067
vt 0.918831 0.682946
vt 0.908092 0.683135
vt 0.908638 0.698675
vt 0.919383 0.698797
vt 0.899275 0.805915
vt 0.911306 0.819584
vt 0.899669 0.820403
vt 0.911313 0.804931
vt 0.910919 0.836868
vt 0.899733 0.837431
vt 0.910164 0.852167
vt 0.899275 0.852443
vt 0.868756 0.605723
vt 0.880207 0.616258
vt 0.869066 0.620827
vt 0.880041 0.597944
vt 0.868895 0.584230
vt 0.879727 0.576270
vt 0.870060 0.564046
vt 0.880207 0.557122
vt 0.060736 0.783424
vt 0.069916 0.768403
vt 0.062363 0.783903
vt 0.062317 0.801131
vt 0.068686 0.767236
vt 0.060651 0.801450
vt 0.082950 0.758788
vt 0.069787 0.815479
vt 0.082439 0.757175
vt 0.068517 0.816602
vt 0.097968 0.757651
vt 0.082769 0.823113
vt 0.098352 0.756005
vt 0.082384 0.824764
vt 0.112114 0.764090
vt 0.098422 0.823571
vt 0.110942 0.765311
vt 0.097780 0.822001
vt 0.120019 0.779198
vt 0.112154 0.813451
vt 0.118400 0.779701
vt 0.110801 0.812429
vt 0.120019 0.797238
vt 0.118347 0.796948
vt 0.895936 0.701197
vt 0.884432 0.689922
vt 0.894769 0.685751
vt 0.885549 0.705502
vt 0.884418 0.670956
vt 0.894696 0.667084
vt 0.885686 0.653571
vt 0.895936 0.650067
vt 0.692281 0.265077
vt 0.688326 0.268578
vt 0.688326 0.265077
vt 0.692281 0.268578
vt 0.688326 0.272276
vt 0.692281 0.272276
vt 0.688326 0.274720
vt 0.692281 0.274720
vt 0.898190 0.321025
vt 0.908478 0.335846
vt 0.897723 0.336403
vt 0.908936 0.320307
vt 0.908396 0.354383
vt 0.897655 0.354666
vt 0.898186 0.371043
vt 0.908936 0.371049
vt 0.870278 0.420727
vt 0.858025 0.415139
vt 0.871176 0.402712
vt 0.858482 0.397533
vt 0.858076 0.436188
vt 0.871242 0.442361
vt 0.858025 0.453672
vt 0.869986 0.459916
vt 0.627202 0.911303
vt 0.615002 0.897794
vt 0.626650 0.897074
vt 0.615153 0.912186
vt 0.615392 0.880749
vt 0.626587 0.880281
vt 0.616305 0.865569
vt 0.908092 0.697233
vt 0.895936 0.683387
vt 0.907585 0.682656
vt 0.896043 0.698134
vt 0.896326 0.665886
vt 0.907522 0.665416
vt 0.897194 0.650252
vt 0.908092 0.650067
vt 0.859376 0.337297
vt 0.860879 0.320307
vt 0.870691 0.325870
vt 0.869601 0.343442
vt 0.858572 0.358019
vt 0.869826 0.365229
vt 0.858953 0.378462
vt 0.870691 0.385425
vt 0.225406 0.891908
vt 0.213915 0.880709
vt 0.224250 0.876534
vt 0.215022 0.896223
vt 0.213903 0.861785
vt 0.224180 0.857912
vt 0.215157 0.844389
vt 0.225406 0.840879
vt 0.891787 0.178105
vt 0.901779 0.193376
vt 0.891004 0.193436
vt 0.902618 0.177836
vt 0.890881 0.211705
vt 0.901601 0.211973
vt 0.891902 0.228186
vt 0.902618 0.228781
vt 0.909084 0.444610
vt 0.898417 0.430921
vt 0.909046 0.428866
vt 0.898405 0.446862
vt 0.898297 0.412059
vt 0.908960 0.410300
vt 0.898324 0.395245
vt 0.909084 0.393811
vt 0.884418 0.702745
vt 0.872481 0.691431
vt 0.882646 0.687062
vt 0.874131 0.707274
vt 0.872007 0.671648
vt 0.882268 0.667821
vt 0.874003 0.653107
vt 0.884418 0.650067
vt 0.864502 0.126114
vt 0.875675 0.141483
vt 0.863818 0.141672
vt 0.876416 0.125729
vt 0.875499 0.160333
vt 0.861856 0.160102
vt 0.862642 0.176463
vt 0.876416 0.177358
vt 0.845395 0.710006
vt 0.859999 0.717469
vt 0.845580 0.727336
vt 0.859975 0.696361
vt 0.845585 0.685426
vt 0.859592 0.671662
vt 0.846873 0.662176
vt 0.859999 0.650067
vt 0.843030 0.677419
vt 0.829838 0.667401
vt 0.845395 0.658407
vt 0.831982 0.650931
vt 0.828191 0.690947
vt 0.843183 0.702857
vt 0.829512 0.715396
vt 0.845395 0.727336
vt 0.273546 0.609571
vt 0.275995 0.372516
vt 0.288461 0.373284
vt 0.288461 0.612947
vt 0.255609 0.605095
vt 0.261396 0.371575
vt 0.239458 0.600712
vt 0.248573 0.370719
vt 0.886988 0.874180
vt 0.875054 0.873703
vt 0.887428 0.864298
vt 0.875210 0.860085
vt 0.876018 0.886677
vt 0.886999 0.891400
vt 0.876829 0.902282
vt 0.887428 0.907260
vt 0.904257 0.299245
vt 0.892435 0.290508
vt 0.902943 0.285342
vt 0.893964 0.304569
vt 0.891814 0.273284
vt 0.902709 0.268365
vt 0.892344 0.257513
vt 0.904257 0.256809
vt 0.314719 0.543611
vt 0.329046 0.773396
vt 0.302916 0.544747
vt 0.299888 0.502540
vt 0.344403 0.775244
vt 0.329128 0.801344
vt 0.311321 0.501438
vt 0.328122 0.542392
vt 0.344504 0.803194
vt 0.328140 0.822037
vt 0.361370 0.777015
vt 0.361483 0.804959
vt 0.339535 0.541411
vt 0.375401 0.778243
vt 0.335497 0.499303
vt 0.375516 0.806169
vt 0.324354 0.500254
vt 0.333555 0.470682
vt 0.322505 0.470872
vt 0.333114 0.401588
vt 0.309605 0.471018
vt 0.298313 0.471081
vt 0.322096 0.400892
vt 0.338428 0.311776
vt 0.309240 0.399828
vt 0.297992 0.398680
vt 0.326464 0.311543
vt 0.341145 0.205888
vt 0.312317 0.311112
vt 0.299776 0.310597
vt 0.328865 0.205685
vt 0.314286 0.205294
vt 0.301313 0.204820
vt 0.302847 0.111959
vt 0.316414 0.111717
vt 0.302366 0.099561
vt 0.331589 0.111391
vt 0.344304 0.111069
vt 0.316946 0.099135
vt 0.302485 0.012944
vt 0.333155 0.098625
vt 0.346642 0.098166
vt 0.317467 0.012481
vt 0.303829 0.005974
vt 0.317896 0.005568
vt 0.334057 0.011935
vt 0.347808 0.011451
vt 0.346263 0.004654
vt 0.333477 0.005083
vt 0.332024 0.000000
vt 0.319160 0.000339
vt 0.168835 0.442315
vt 0.171407 0.434035
vt 0.168302 0.456539
vt 0.169082 0.463975
vt 0.172884 0.460491
vt 0.175504 0.455268
vt 0.177527 0.449868
vt 0.173229 0.444666
vt 0.177364 0.444629
vt 0.177137 0.441082
vt 0.172779 0.435835
vt 0.179520 0.436140
vt 0.186544 0.439239
vt 0.736436 0.892462
vt 0.728969 0.882463
vt 0.741625 0.881142
vt 0.725808 0.893322
vt 0.728977 0.868618
vt 0.742353 0.867117
vt 0.738464 0.854173
vt 0.725808 0.855495
vt 0.287645 0.747225
vt 0.876966 0.309484
vt 0.864709 0.296854
vt 0.875592 0.292531
vt 0.866277 0.313956
vt 0.864050 0.276000
vt 0.875356 0.272012
vt 0.864613 0.256809
vt 0.876966 0.258099
vt 0.860623 0.858317
vt 0.844960 0.848648
vt 0.857394 0.843412
vt 0.849057 0.863561
vt 0.844380 0.829232
vt 0.858022 0.824198
vt 0.847923 0.809421
vt 0.860623 0.804931
vt 0.897655 0.365162
vt 0.885775 0.355513
vt 0.896301 0.350389
vt 0.887292 0.370344
vt 0.885147 0.337414
vt 0.896073 0.332500
vt 0.885714 0.320783
vt 0.897655 0.320307
vt 0.237653 0.873607
vt 0.248597 0.873838
vt 0.237876 0.887677
vt 0.248766 0.888131
vt 0.237923 0.904454
vt 0.249103 0.905188
vt 0.237653 0.919491
vt 0.249281 0.920482
vt 0.567096 0.870309
vt 0.571942 0.859054
vt 0.578943 0.873277
vt 0.560485 0.856234
vt 0.571770 0.844355
vt 0.560332 0.841556
vt 0.567486 0.830414
vt 0.578943 0.833234
vt 0.921335 0.775516
vt 0.910872 0.761131
vt 0.921610 0.760717
vt 0.910438 0.776154
vt 0.910887 0.743266
vt 0.921628 0.743170
vt 0.921203 0.727541
vt 0.910438 0.727336
vt 0.279276 0.871770
vt 0.290211 0.872084
vt 0.279645 0.886097
vt 0.290525 0.886638
vt 0.279691 0.903108
vt 0.290860 0.903937
vt 0.279276 0.918256
vt 0.290891 0.919344
vt 0.837696 0.238536
vt 0.852939 0.248021
vt 0.837795 0.256809
vt 0.852987 0.225837
vt 0.837709 0.212437
vt 0.852145 0.199857
vt 0.837696 0.188400
vt 0.850451 0.177836
vt 0.915202 0.257024
vt 0.904524 0.271228
vt 0.915415 0.271671
vt 0.904571 0.288453
vt 0.915752 0.289184
vt 0.904257 0.303938
vt 0.915886 0.304935
vt 0.121689 0.556375
vt 0.121708 0.540687
vt 0.131872 0.544236
vt 0.131813 0.560235
vt 0.121782 0.575240
vt 0.131933 0.579434
vt 0.121689 0.592222
vt 0.131901 0.596682
vt 0.912442 0.099310
vt 0.902026 0.085116
vt 0.912767 0.084783
vt 0.901599 0.100623
vt 0.902038 0.066522
vt 0.912780 0.066477
vt 0.912362 0.050009
vt 0.901599 0.049778
vt 0.903636 0.607443
vt 0.893542 0.593028
vt 0.904224 0.591996
vt 0.892957 0.608692
vt 0.893673 0.574301
vt 0.904374 0.573608
vt 0.892957 0.557491
vt 0.903726 0.557122
vt 0.902082 0.858217
vt 0.912646 0.859349
vt 0.902052 0.873454
vt 0.912815 0.874869
vt 0.902030 0.891837
vt 0.912698 0.893565
vt 0.902179 0.908646
vt 0.912815 0.910654
vt 0.603880 0.000452
vt 0.594722 0.068318
vt 0.595719 0.000000
vt 0.602609 0.080353
vt 0.600437 0.080228
vt 0.579517 0.000455
vt 0.596915 0.081389
vt 0.578645 0.080305
vt 0.559618 0.001695
vt 0.584325 0.080156
vt 0.593176 0.084902
vt 0.590223 0.089825
vt 0.576241 0.089996
vt 0.587682 0.096448
vt 0.559169 0.081491
vt 0.541352 0.003387
vt 0.541352 0.083126
vt 0.544199 0.092147
vt 0.559393 0.090847
vt 0.545634 0.098264
vt 0.574767 0.096484
vt 0.586554 0.187298
vt 0.559374 0.097149
vt 0.574219 0.186836
vt 0.584697 0.231308
vt 0.559615 0.186823
vt 0.546664 0.187261
vt 0.570737 0.231262
vt 0.575616 0.252527
vt 0.556854 0.231424
vt 0.545417 0.231887
vt 0.549404 0.250318
vt 0.567318 0.249898
vt 0.564428 0.271321
vt 0.556438 0.250080
vt 0.560886 0.269701
vt 0.561061 0.274497
vt 0.555901 0.269086
vt 0.552725 0.269803
vt 0.557277 0.275613
vt 0.553631 0.274491
vt 0.744548 0.257183
vt 0.287495 0.700657
vt 0.287500 0.685030
vt 0.297661 0.688585
vt 0.297618 0.704518
vt 0.287596 0.719482
vt 0.297747 0.723674
vt 0.287495 0.736473
vt 0.297707 0.740936
vt 0.857309 0.428792
vt 0.844413 0.416436
vt 0.858025 0.409191
vt 0.845277 0.397533
vt 0.843319 0.439330
vt 0.857114 0.453306
vt 0.843608 0.462865
vt 0.858025 0.476679
vt 0.060009 0.851232
vt 0.049846 0.847442
vt 0.059258 0.834486
vt 0.048960 0.831358
vt 0.049959 0.866970
vt 0.059927 0.871505
vt 0.048960 0.884606
vt 0.058808 0.889644
vt 0.873140 0.855684
vt 0.861311 0.841223
vt 0.875038 0.839766
vt 0.860623 0.857094
vt 0.861432 0.822244
vt 0.875054 0.821472
vt 0.872478 0.804931
vt 0.860623 0.805218
vt 0.205313 0.822619
vt 0.214571 0.840879
vt 0.197744 0.836236
vt 0.221496 0.827228
vt 0.223235 0.811239
vt 0.206499 0.806286
vt 0.216679 0.796762
vt 0.197744 0.790962
vt 0.390892 0.802356
vt 0.391819 0.822149
vt 0.375516 0.803852
vt 0.376506 0.822743
vt 0.375803 0.775915
vt 0.395511 0.879706
vt 0.379728 0.881578
vt 0.402882 0.933207
vt 0.386592 0.936949
vt 0.402059 0.995045
vt 0.419161 0.989466
vt 0.437876 0.983742
vt 0.420792 0.929320
vt 0.453189 0.979408
vt 0.435522 0.926325
vt 0.412924 0.877688
vt 0.427295 0.876055
vt 0.408744 0.821416
vt 0.422745 0.820737
vt 0.407885 0.800713
vt 0.421941 0.799363
vt 0.391167 0.774412
vt 0.408142 0.772772
vt 0.422180 0.771423
vt 0.410505 0.541829
vt 0.435690 0.544554
vt 0.447119 0.545358
vt 0.450139 0.503176
vt 0.422287 0.543263
vt 0.438981 0.502400
vt 0.451806 0.470979
vt 0.425947 0.501149
vt 0.414534 0.499755
vt 0.416566 0.470406
vt 0.427852 0.470760
vt 0.417411 0.400447
vt 0.440751 0.470970
vt 0.428661 0.399590
vt 0.413601 0.311052
vt 0.441523 0.398589
vt 0.452552 0.397712
vt 0.426138 0.310847
vt 0.411860 0.205181
vt 0.440288 0.310498
vt 0.452259 0.310098
vt 0.424829 0.205023
vt 0.439410 0.204720
vt 0.451698 0.204354
vt 0.451176 0.112021
vt 0.438456 0.111856
vt 0.423284 0.111433
vt 0.409725 0.110866
vt 0.439014 0.099468
vt 0.452460 0.099776
vt 0.453189 0.013209
vt 0.422830 0.098847
vt 0.408238 0.098079
vt 0.439435 0.012867
vt 0.451700 0.006164
vt 0.438913 0.005869
vt 0.422850 0.012203
vt 0.407877 0.011394
vt 0.409278 0.004543
vt 0.423336 0.005274
vt 0.437342 0.000427
vt 0.424488 0.000000
vt 0.638053 0.230684
vt 0.616700 0.001399
vt 0.631316 0.000610
vt 0.653002 0.227510
vt 0.643809 0.000000
vt 0.620073 0.234969
vt 0.603880 0.002152
vt 0.603880 0.239227
vt 0.875013 0.109651
vt 0.863624 0.098255
vt 0.875208 0.091018
vt 0.863511 0.113666
vt 0.863511 0.076464
vt 0.874622 0.069030
vt 0.863853 0.056087
vt 0.873969 0.049778
vt 0.130921 0.780069
vt 0.120890 0.772984
vt 0.131685 0.762573
vt 0.121778 0.756005
vt 0.120019 0.793506
vt 0.130755 0.801594
vt 0.120456 0.813933
vt 0.131685 0.821800
vt 0.707181 0.320992
vt 0.705533 0.303110
vt 0.707185 0.303497
vt 0.714988 0.287857
vt 0.705533 0.321397
vt 0.713685 0.286772
vt 0.715158 0.334880
vt 0.728501 0.278257
vt 0.713910 0.336028
vt 0.727912 0.276671
vt 0.728491 0.343535
vt 0.744105 0.277256
vt 0.728084 0.345181
vt 0.744493 0.275612
vt 0.744694 0.344104
vt 0.758856 0.283962
vt 0.744102 0.342515
vt 0.757621 0.285119
vt 0.758922 0.333965
vt 0.767076 0.299353
vt 0.757620 0.332878
vt 0.765426 0.299742
vt 0.767076 0.317612
vt 0.765425 0.317221
vt 0.223909 0.072797
vt 0.242579 0.077474
vt 0.224566 0.083400
vt 0.242539 0.086637
vt 0.224645 0.093055
vt 0.263138 0.082891
vt 0.204956 0.095115
vt 0.204821 0.107291
vt 0.204000 0.081209
vt 0.184126 0.114406
vt 0.187794 0.131256
vt 0.180780 0.095146
vt 0.203100 0.066215
vt 0.177996 0.075672
vt 0.166637 0.139774
vt 0.178965 0.159996
vt 0.157555 0.116473
vt 0.149432 0.088650
vt 0.157562 0.167215
vt 0.177144 0.191401
vt 0.140377 0.139418
vt 0.127100 0.111563
vt 0.155907 0.195896
vt 0.181566 0.223459
vt 0.131030 0.161893
vt 0.112959 0.128857
vt 0.160529 0.222931
vt 0.198834 0.260545
vt 0.127966 0.182648
vt 0.106475 0.147364
vt 0.168449 0.252084
vt 0.225687 0.298149
vt 0.127865 0.207281
vt 0.103327 0.170923
vt 0.165106 0.280286
vt 0.212255 0.321042
vt 0.156507 0.308755
vt 0.198823 0.343935
vt 0.118830 0.269201
vt 0.126588 0.238706
vt 0.090193 0.231108
vt 0.099279 0.201213
vt 0.066267 0.189785
vt 0.079556 0.165332
vt 0.046952 0.147234
vt 0.087725 0.139041
vt 0.064551 0.129749
vt 0.035377 0.109850
vt 0.093766 0.117932
vt 0.076566 0.109038
vt 0.054826 0.097113
vt 0.028206 0.074003
vt 0.102580 0.101748
vt 0.085457 0.092234
vt 0.069414 0.082244
vt 0.050018 0.067974
vt 0.026981 0.043629
vt 0.119537 0.087270
vt 0.096618 0.080172
vt 0.080304 0.069923
vt 0.065993 0.058627
vt 0.048350 0.041678
vt 0.030727 0.013160
vt 0.049064 0.017339
vt 0.065221 0.037121
vt 0.067774 0.016912
vt 0.077723 0.050484
vt 0.076729 0.033105
vt 0.076952 0.016802
vt 0.092987 0.061642
vt 0.090514 0.044197
vt 0.088566 0.029107
vt 0.086087 0.016134
vt 0.104352 0.014750
vt 0.116064 0.067699
vt 0.114262 0.051211
vt 0.112165 0.036902
vt 0.109359 0.024759
vt 0.146690 0.011043
vt 0.146472 0.068973
vt 0.145404 0.055106
vt 0.177046 0.059517
vt 0.144729 0.040087
vt 0.177171 0.046955
vt 0.202743 0.053294
vt 0.223461 0.061030
vt 0.144562 0.029591
vt 0.177369 0.035957
vt 0.144888 0.019219
vt 0.177615 0.026380
vt 0.202760 0.042904
vt 0.178489 0.017408
vt 0.181733 0.008279
vt 0.202813 0.033622
vt 0.202700 0.024581
vt 0.202589 0.015618
vt 0.202679 0.006627
vt 0.222741 0.013934
vt 0.223626 0.004975
vt 0.222670 0.022872
vt 0.222830 0.031740
vt 0.223062 0.040673
vt 0.240765 0.012474
vt 0.239559 0.003618
vt 0.258965 0.002192
vt 0.241295 0.021342
vt 0.262368 0.010927
vt 0.297992 0.000000
vt 0.297640 0.008894
vt 0.297289 0.017787
vt 0.263397 0.019775
vt 0.296938 0.026681
vt 0.263740 0.028656
vt 0.296587 0.035574
vt 0.241620 0.030209
vt 0.263993 0.037611
vt 0.296236 0.044468
vt 0.241966 0.039140
vt 0.264398 0.046585
vt 0.295885 0.053361
vt 0.242377 0.048307
vt 0.264563 0.055457
vt 0.295534 0.062255
vt 0.223258 0.050211
vt 0.242669 0.057837
vt 0.264276 0.064249
vt 0.295183 0.071148
vt 0.242724 0.067636
vt 0.263500 0.073463
vt 0.294832 0.080042
vt 0.596472 0.351103
vt 0.581688 0.360451
vt 0.585288 0.344998
vt 0.614769 0.342023
vt 0.608707 0.361188
vt 0.600565 0.335478
vt 0.618275 0.323042
vt 0.590782 0.367027
vt 0.600288 0.378248
vt 0.584386 0.381823
vt 0.591275 0.391910
vt 0.577339 0.395356
vt 0.581498 0.401003
vt 0.572906 0.390999
vt 0.577862 0.375903
vt 0.566824 0.388106
vt 0.570383 0.373608
vt 0.560593 0.385760
vt 0.572885 0.358611
vt 0.562447 0.373255
vt 0.563997 0.359323
vt 0.554201 0.373898
vt 0.553618 0.386147
vt 0.541352 0.375068
vt 0.541807 0.388039
vt 0.541465 0.362591
vt 0.554924 0.360454
vt 0.541428 0.347345
vt 0.555713 0.346598
vt 0.541404 0.337131
vt 0.565553 0.344888
vt 0.556375 0.334613
vt 0.541380 0.326862
vt 0.575224 0.343646
vt 0.566799 0.332458
vt 0.556805 0.324741
vt 0.541363 0.319631
vt 0.577131 0.330745
vt 0.567614 0.322353
vt 0.557021 0.317294
vt 0.541352 0.315648
vt 0.557110 0.312309
vt 0.568030 0.314858
vt 0.568192 0.309912
vt 0.578462 0.320301
vt 0.579203 0.312600
vt 0.579547 0.307481
vt 0.588230 0.331269
vt 0.590129 0.319778
vt 0.591085 0.311020
vt 0.590912 0.305018
vt 0.603397 0.321261
vt 0.605455 0.309187
vt 0.608254 0.299246
vt 0.619882 0.306179
vt 0.619703 0.292246
vt 0.688326 0.000011
vt 0.668459 0.067845
vt 0.670404 -0.000000
vt 0.655193 0.000511
vt 0.653002 0.079875
vt 0.657332 0.079730
vt 0.685822 0.079381
vt 0.663115 0.080791
vt 0.679531 0.079376
vt 0.668120 0.084055
vt 0.687421 0.088686
vt 0.671004 0.088646
vt 0.672468 0.094884
vt 0.688178 0.094937
vt 0.686064 0.183641
vt 0.670751 0.183161
vt 0.684045 0.227927
vt 0.672269 0.227651
vt 0.677401 0.246142
vt 0.687156 0.246764
vt 0.684462 0.267698
vt 0.688326 0.266524
vt 0.687041 0.271232
vt 0.757807 0.466388
vt 0.757745 0.622825
vt 0.744515 0.466450
vt 0.770088 0.466468
vt 0.757709 0.424088
vt 0.770010 0.424166
vt 0.744437 0.424148
vt 0.733752 0.424333
vt 0.769933 0.623804
vt 0.733774 0.466639
vt 0.757910 0.650868
vt 0.770088 0.651855
vt 0.744360 0.623786
vt 0.733366 0.626405
vt 0.744515 0.651837
vt 0.733493 0.654494
vt 0.782067 0.882402
vt 0.773972 0.897482
vt 0.770619 0.883832
vt 0.785472 0.896060
vt 0.770458 0.868220
vt 0.781957 0.866799
vt 0.773844 0.854822
vt 0.785472 0.853431
vt 0.000025 0.727699
vt 0.009176 0.712091
vt 0.001656 0.728162
vt 0.001668 0.745658
vt 0.007917 0.710954
vt 0.000000 0.745952
vt 0.022115 0.702174
vt 0.009267 0.759629
vt 0.021570 0.700568
vt 0.007984 0.760716
vt 0.037047 0.700875
vt 0.022292 0.766864
vt 0.037419 0.699220
vt 0.021927 0.768491
vt 0.051175 0.707221
vt 0.037842 0.767425
vt 0.049995 0.708439
vt 0.037147 0.765894
vt 0.059090 0.722452
vt 0.051341 0.757488
vt 0.057466 0.722942
vt 0.049959 0.756508
vt 0.059090 0.740971
vt 0.057417 0.740692
vt 0.875122 0.473304
vt 0.883274 0.488376
vt 0.871242 0.486471
vt 0.886726 0.475232
vt 0.887886 0.460988
vt 0.875889 0.458873
vt 0.884367 0.449379
vt 0.871242 0.446862
vt 0.662616 0.854536
vt 0.660672 0.867949
vt 0.648863 0.855562
vt 0.648132 0.868902
vt 0.661336 0.883700
vt 0.648320 0.884617
vt 0.650075 0.898439
vt 0.662616 0.897485
vt 0.552207 0.918003
vt 0.542710 0.906274
vt 0.553592 0.905858
vt 0.541352 0.918433
vt 0.542730 0.890516
vt 0.553719 0.890119
vt 0.552236 0.875051
vt 0.541352 0.875436
vt 0.864257 0.898237
vt 0.871460 0.886442
vt 0.874996 0.899621
vt 0.860781 0.885108
vt 0.871296 0.871344
vt 0.860623 0.870027
vt 0.864318 0.857094
vt 0.874996 0.858428
vt 0.844922 0.165742
vt 0.853552 0.156065
vt 0.861856 0.171383
vt 0.837151 0.150661
vt 0.853315 0.141259
vt 0.836926 0.135875
vt 0.845456 0.125729
vt 0.861856 0.131133
vt 0.021538 0.156641
vt 0.042521 0.205064
vt 0.069674 0.252291
vt 0.008253 0.111755
vt 0.102605 0.295591
vt 0.002014 0.072341
vt 0.141165 0.335660
vt 0.186140 0.370719
vt -0.000000 0.036974
vt 0.002286 0.000000
vt 0.666257 0.896876
vt 0.673458 0.884735
vt 0.677001 0.898222
vt 0.662774 0.883439
vt 0.673293 0.869200
vt 0.662616 0.867921
vt 0.666318 0.854536
vt 0.677001 0.855833
vt 0.928526 0.602646
vt 0.927840 0.615754
vt 0.917784 0.603002
vt 0.916926 0.616099
vt 0.927720 0.631315
vt 0.916671 0.631599
vt 0.917638 0.645331
vt 0.928526 0.644995
vt 0.136753 0.873854
vt 0.135201 0.886948
vt 0.126034 0.874395
vt 0.124465 0.887534
vt 0.134939 0.902399
vt 0.124202 0.903001
vt 0.126016 0.916611
vt 0.136753 0.916025
vt 0.917661 0.042118
vt 0.927227 0.029544
vt 0.928503 0.042624
vt 0.916613 0.029091
vt 0.927754 0.014129
vt 0.917130 0.013691
vt 0.917889 0.000000
vt 0.928503 0.000454
vt 0.915459 0.490584
vt 0.925787 0.477482
vt 0.926349 0.490807
vt 0.914850 0.477298
vt 0.925774 0.461463
vt 0.914721 0.461293
vt 0.915412 0.446862
vt 0.926349 0.447046
vt 0.203283 0.882073
vt 0.208602 0.870118
vt 0.213903 0.883883
vt 0.198119 0.868448
vt 0.208186 0.854942
vt 0.197744 0.853323
vt 0.203419 0.840879
vt 0.213903 0.842549
vt 0.883436 0.522465
vt 0.875464 0.538344
vt 0.871973 0.523802
vt 0.886977 0.537020
vt 0.871814 0.506991
vt 0.883328 0.505667
vt 0.875339 0.492419
vt 0.886977 0.491137
vt 0.779393 0.480177
vt 0.770276 0.465597
vt 0.771904 0.465122
vt 0.771757 0.447855
vt 0.778141 0.481317
vt 0.770088 0.447552
vt 0.792199 0.488905
vt 0.779090 0.433410
vt 0.791668 0.490499
vt 0.777814 0.432293
vt 0.807021 0.489511
vt 0.791957 0.425738
vt 0.807406 0.491137
vt 0.791566 0.424088
vt 0.821194 0.483504
vt 0.807535 0.425252
vt 0.820005 0.482318
vt 0.806896 0.426823
vt 0.829184 0.469224
vt 0.821274 0.435425
vt 0.827554 0.468766
vt 0.819918 0.436444
vt 0.829184 0.451641
vt 0.827516 0.451947
vt 0.084738 0.876409
vt 0.084025 0.889882
vt 0.073995 0.876633
vt 0.073112 0.890152
vt 0.083894 0.906053
vt 0.072848 0.906342
vt 0.073825 0.920851
vt 0.084738 0.920581
vt 0.892108 0.000000
vt 0.889968 0.013536
vt 0.878645 0.000882
vt 0.877300 0.014449
vt 0.890067 0.029579
vt 0.877596 0.030501
vt 0.879440 0.044726
vt 0.892108 0.043813
vt 0.071526 0.919404
vt 0.061811 0.907622
vt 0.072719 0.907258
vt 0.060651 0.919782
vt 0.061831 0.891842
vt 0.072848 0.891496
vt 0.071560 0.876409
vt 0.060651 0.876743
vt 0.541352 0.795076
vt 0.529427 0.815262
vt 0.529598 0.793885
vt 0.541171 0.815781
vt 0.541298 0.767128
vt 0.528466 0.870581
vt 0.540288 0.872054
vt 0.515879 0.815068
vt 0.514889 0.870030
vt 0.526728 0.920838
vt 0.538625 0.923676
vt 0.522995 0.973885
vt 0.535015 0.978063
vt 0.509345 0.972350
vt 0.513123 0.919792
vt 0.501455 0.920826
vt 0.497722 0.973872
vt 0.503194 0.870568
vt 0.504155 0.815250
vt 0.504325 0.793873
vt 0.516044 0.793443
vt 0.504274 0.765926
vt 0.529547 0.765939
vt 0.515995 0.765496
vt 0.535477 0.538781
vt 0.499005 0.539740
vt 0.524278 0.539752
vt 0.510927 0.540104
vt 0.510310 0.497896
vt 0.498367 0.497541
vt 0.523639 0.497553
vt 0.534782 0.496608
vt 0.498014 0.465331
vt 0.523287 0.465344
vt 0.534408 0.465167
vt 0.534245 0.392767
vt 0.509966 0.465404
vt 0.497857 0.392045
vt 0.523130 0.392058
vt 0.534506 0.304659
vt 0.509811 0.391794
vt 0.497919 0.304412
vt 0.523191 0.304425
vt 0.534691 0.198860
vt 0.509800 0.304335
vt 0.498037 0.198646
vt 0.523310 0.198659
vt 0.509894 0.198580
vt 0.498148 0.106293
vt 0.523420 0.106306
vt 0.534893 0.105977
vt 0.534775 0.093584
vt 0.509971 0.106421
vt 0.497876 0.094042
vt 0.523149 0.094054
vt 0.509644 0.094222
vt 0.497722 0.007453
vt 0.522995 0.007465
vt 0.534686 0.006963
vt 0.509465 0.007645
vt 0.499098 0.000434
vt 0.509905 0.000602
vt 0.522350 0.000445
vt 0.533241 -0.000000
vt 0.920364 0.361628
vt 0.930182 0.349176
vt 0.931242 0.361911
vt 0.919269 0.348933
vt 0.930169 0.334037
vt 0.919146 0.333807
vt 0.920329 0.320307
vt 0.931242 0.320550
vt 0.571760 0.615711
vt 0.579217 0.595702
vt 0.573277 0.595101
vt 0.569701 0.614254
vt 0.568881 0.618844
vt 0.566882 0.613557
vt 0.565517 0.619790
vt 0.562183 0.618404
vt 0.567113 0.594575
vt 0.567436 0.575998
vt 0.562331 0.613862
vt 0.559368 0.614903
vt 0.551065 0.596253
vt 0.557340 0.593875
vt 0.555016 0.575173
vt 0.607834 0.273222
vt 0.607834 0.275108
vt 0.611789 0.273222
vt 0.607834 0.269987
vt 0.611789 0.269987
vt 0.611789 0.267362
vt 0.648132 0.703875
vt 0.649773 0.685767
vt 0.649785 0.703496
vt 0.657573 0.719455
vt 0.648132 0.685338
vt 0.656282 0.720556
vt 0.657536 0.671008
vt 0.671048 0.729364
vt 0.656331 0.669819
vt 0.670484 0.730963
vt 0.670992 0.663150
vt 0.686596 0.730541
vt 0.670611 0.661503
vt 0.686997 0.732188
vt 0.687093 0.662694
vt 0.701252 0.723839
vt 0.686533 0.664292
vt 0.700045 0.722648
vt 0.701281 0.673028
vt 0.709436 0.708259
vt 0.699996 0.674135
vt 0.707797 0.707823
vt 0.709430 0.689677
vt 0.707779 0.690064
vt 0.912780 0.049778
vt 0.923522 0.050140
vt 0.913476 0.062206
vt 0.924389 0.062550
vt 0.913575 0.078432
vt 0.924625 0.078675
vt 0.923667 0.094047
vt 0.912780 0.093882
vt 0.567064 0.873277
vt 0.577807 0.873515
vt 0.567772 0.886179
vt 0.578684 0.886450
vt 0.567896 0.902978
vt 0.578943 0.903230
vt 0.577977 0.919334
vt 0.567064 0.919119
vt 0.876966 0.256809
vt 0.890423 0.257767
vt 0.879149 0.269750
vt 0.891814 0.270666
vt 0.879038 0.286443
vt 0.891514 0.287296
vt 0.889639 0.303147
vt 0.876966 0.302344
vt 0.865674 0.031221
vt 0.873554 0.048735
vt 0.862027 0.047549
vt 0.877144 0.032503
vt 0.877300 0.015154
vt 0.865795 0.013771
vt 0.873658 0.001359
vt 0.862027 0.000000
vt 0.810739 0.897309
vt 0.803709 0.885861
vt 0.814386 0.884485
vt 0.799997 0.898691
vt 0.803876 0.869649
vt 0.814555 0.868394
vt 0.810700 0.853431
vt 0.799997 0.854589
vt 0.159579 0.871576
vt 0.170297 0.872137
vt 0.161164 0.883977
vt 0.171899 0.884582
vt 0.161418 0.900090
vt 0.172157 0.900644
vt 0.170319 0.915913
vt 0.159579 0.915418
vt 0.043676 0.919991
vt 0.034188 0.908103
vt 0.044802 0.907622
vt 0.032833 0.920502
vt 0.033666 0.892046
vt 0.044289 0.891600
vt 0.043449 0.876262
vt 0.032833 0.876687
vt 0.027251 0.921589
vt 0.016970 0.909021
vt 0.027907 0.908808
vt 0.016361 0.921818
vt 0.016989 0.892388
vt 0.028040 0.892195
vt 0.027299 0.876211
vt 0.016361 0.876391
vt 0.026971 0.874208
vt 0.022001 0.863078
vt 0.032447 0.861107
vt 0.016361 0.876211
vt 0.022433 0.847145
vt 0.032833 0.845336
vt 0.026854 0.831358
vt 0.016361 0.833076
vt 0.127978 0.692954
vt 0.131933 0.694316
vt 0.127978 0.694316
vt 0.131933 0.692954
vt 0.131933 0.696699
vt 0.127978 0.696699
vt 0.131933 0.698508
vt 0.127978 0.698508
vt 0.131933 0.702365
vt 0.127978 0.702365
vt 0.131933 0.707014
vt 0.127978 0.707014
vt 0.131933 0.710867
vt 0.127978 0.710867
vt 0.763801 0.896862
vt 0.756773 0.885771
vt 0.767446 0.884357
vt 0.753063 0.898277
vt 0.756939 0.869984
vt 0.767614 0.868694
vt 0.763763 0.854173
vt 0.753063 0.855364
vt 0.824317 0.032478
vt 0.832514 0.041421
vt 0.815553 0.047010
vt 0.840701 0.026995
vt 0.824529 0.016917
vt 0.840972 0.011704
vt 0.832093 0.000000
vt 0.815553 0.004992
vt 0.546799 0.433411
vt 0.545784 0.439567
vt 0.543589 0.432819
vt 0.548665 0.440100
vt 0.541935 0.530316
vt 0.544645 0.530686
vt 0.541352 0.574342
vt 0.543703 0.574701
vt 0.917638 0.166988
vt 0.927254 0.154611
vt 0.928497 0.167290
vt 0.916364 0.154348
vt 0.927240 0.139494
vt 0.916243 0.139244
vt 0.917608 0.125729
vt 0.928497 0.125992
vt 0.703839 0.424114
vt 0.703317 0.650859
vt 0.694101 0.424356
vt 0.694101 0.652019
vt 0.717689 0.424088
vt 0.717689 0.651752
vt 0.731939 0.424287
vt 0.733366 0.654449
vt 0.799224 0.854369
vt 0.787454 0.866086
vt 0.799997 0.866973
vt 0.786794 0.882454
vt 0.799815 0.883287
vt 0.798022 0.898797
vt 0.785472 0.898021
vt 0.722229 0.880920
vt 0.713818 0.894330
vt 0.710630 0.882872
vt 0.725808 0.892290
vt 0.709436 0.869260
vt 0.721426 0.867220
vt 0.712718 0.856958
vt 0.725808 0.854174
vt 0.879898 0.154870
vt 0.887934 0.171365
vt 0.876416 0.170140
vt 0.891357 0.156201
vt 0.891509 0.140047
vt 0.880016 0.138603
vt 0.888033 0.127173
vt 0.590909 0.428835
vt 0.585701 0.437317
vt 0.588585 0.428378
vt 0.573128 0.426160
vt 0.598687 0.431974
vt 0.596414 0.434773
vt 0.593943 0.438965
vt 0.591545 0.444881
vt 0.572493 0.435506
vt 0.584185 0.443394
vt 0.558115 0.434068
vt 0.556496 0.424314
vt 0.553416 0.424088
vt 0.544477 0.428407
vt 0.541352 0.424778
vt 0.559094 0.440596
vt 0.572223 0.441808
vt 0.554612 0.530744
vt 0.567090 0.531339
vt 0.578400 0.532309
vt 0.585300 0.533360
vt 0.577501 0.576928
vt 0.583488 0.577941
vt 0.843319 0.404362
vt 0.829184 0.363924
vt 0.843319 0.363924
vt 0.829184 0.320307
vt 0.843319 0.320307
vt 0.829184 0.404362
vt 0.843319 0.436376
vt 0.829184 0.436376
vt 0.843319 0.466016
vt 0.829184 0.466016
vt 0.843319 0.491136
vt 0.829184 0.491136
vt 0.679305 0.629789
vt 0.694101 0.633319
vt 0.678665 0.657938
vt 0.693704 0.661503
vt 0.661984 0.654384
vt 0.686326 0.466951
vt 0.662877 0.626291
vt 0.648132 0.651782
vt 0.649214 0.623726
vt 0.674004 0.466743
vt 0.685461 0.424633
vt 0.673645 0.424430
vt 0.660022 0.466537
vt 0.648132 0.466393
vt 0.660179 0.424229
vt 0.648674 0.424088
vt 0.867711 0.201347
vt 0.866974 0.184466
vt 0.877747 0.194283
vt 0.876836 0.177836
vt 0.878613 0.214170
vt 0.867875 0.222243
vt 0.878133 0.233920
vt 0.866974 0.241803
vt 0.808505 0.032048
vt 0.798789 0.048519
vt 0.792308 0.036605
vt 0.815553 0.043779
vt 0.790534 0.021164
vt 0.807298 0.016424
vt 0.796682 0.005966
vt 0.815553 0.000000
vt 0.845042 0.758147
vt 0.844379 0.739105
vt 0.857897 0.745763
vt 0.857020 0.727337
vt 0.858987 0.768086
vt 0.845258 0.782117
vt 0.858663 0.791033
vt 0.844379 0.804931
vt 0.742946 0.873158
vt 0.742835 0.857804
vt 0.753063 0.869298
vt 0.752966 0.854173
vt 0.753003 0.887411
vt 0.742850 0.891596
vt 0.753032 0.903583
vt 0.742835 0.908089
vt 0.909030 0.339226
vt 0.908936 0.323944
vt 0.919146 0.335360
vt 0.919065 0.320307
vt 0.919087 0.353448
vt 0.908936 0.357638
vt 0.919134 0.369646
vt 0.908939 0.374157
vt 0.903382 0.225940
vt 0.913451 0.212150
vt 0.914063 0.227185
vt 0.902766 0.211133
vt 0.913318 0.194223
vt 0.902618 0.193509
vt 0.914063 0.178263
vt 0.903296 0.177836
vt 0.921986 0.804931
vt 0.922073 0.819550
vt 0.911429 0.806117
vt 0.911313 0.820980
vt 0.922127 0.837157
vt 0.911458 0.838887
vt 0.921951 0.853150
vt 0.911313 0.855163
vt 0.886594 0.746597
vt 0.887275 0.730510
vt 0.896754 0.742831
vt 0.897553 0.727336
vt 0.896666 0.761638
vt 0.886692 0.766156
vt 0.897553 0.778509
vt 0.887713 0.783571
vt 0.872631 0.368861
vt 0.884444 0.355007
vt 0.885147 0.370262
vt 0.870714 0.353576
vt 0.884311 0.336832
vt 0.870691 0.336019
vt 0.873293 0.320307
vt 0.885147 0.320660
vt 0.548750 0.861434
vt 0.553183 0.871908
vt 0.541352 0.875051
vt 0.560156 0.858353
vt 0.548918 0.845947
vt 0.560332 0.843079
vt 0.552855 0.830414
vt 0.541352 0.833122
vt 0.226808 0.920865
vt 0.237178 0.907280
vt 0.237653 0.922161
vt 0.226434 0.906946
vt 0.237157 0.889506
vt 0.226416 0.889427
vt 0.226888 0.873784
vt 0.913141 0.904042
vt 0.923576 0.890262
vt 0.924039 0.904674
vt 0.912837 0.889859
vt 0.923555 0.873255
vt 0.912815 0.873140
vt 0.913272 0.858381
vt 0.924039 0.858218
vt 0.108587 0.876409
vt 0.108254 0.890136
vt 0.097653 0.876741
vt 0.097374 0.890674
vt 0.108211 0.906291
vt 0.097042 0.907109
vt 0.108587 0.920546
vt 0.096972 0.921638
vt 0.565348 0.875051
vt 0.565115 0.888844
vt 0.554403 0.875281
vt 0.554225 0.889285
vt 0.565073 0.905256
vt 0.553891 0.905980
vt 0.565348 0.919891
vt 0.553719 0.920890
vt 0.855639 0.542385
vt 0.871220 0.533448
vt 0.867138 0.547780
vt 0.858813 0.528135
vt 0.871814 0.514750
vt 0.858185 0.509683
vt 0.868308 0.495687
vt 0.855639 0.491137
vt 0.891509 0.168381
vt 0.903343 0.159372
vt 0.901814 0.173683
vt 0.892823 0.154227
vt 0.903965 0.142070
vt 0.893058 0.137172
vt 0.903436 0.126414
vt 0.891509 0.125729
vt 0.843352 0.388627
vt 0.858571 0.379766
vt 0.858405 0.397532
vt 0.843319 0.367083
vt 0.858572 0.354276
vt 0.844157 0.341680
vt 0.858479 0.330897
vt 0.845779 0.320307
vt 0.925691 0.177836
vt 0.925503 0.191285
vt 0.914748 0.178084
vt 0.914614 0.191738
vt 0.925460 0.207233
vt 0.914280 0.207961
vt 0.925691 0.221407
vt 0.914063 0.222404
vt 0.875208 0.100111
vt 0.887407 0.088091
vt 0.885877 0.104637
vt 0.876514 0.083782
vt 0.888054 0.068007
vt 0.876760 0.064045
vt 0.887567 0.049778
vt 0.875208 0.050874
vt 0.857287 0.627269
vt 0.868686 0.616495
vt 0.868756 0.631324
vt 0.857092 0.609355
vt 0.868756 0.595355
vt 0.857605 0.587991
vt 0.868269 0.575642
vt 0.858134 0.569368
vt 0.867944 0.562861
vt 0.858245 0.557122
vt 0.778079 0.402665
vt 0.768910 0.387918
vt 0.770537 0.387439
vt 0.770485 0.370423
vt 0.776846 0.403831
vt 0.768821 0.370096
vt 0.791091 0.412030
vt 0.777938 0.356182
vt 0.790579 0.413647
vt 0.776681 0.355050
vt 0.806091 0.413036
vt 0.790904 0.348549
vt 0.806481 0.414686
vt 0.790516 0.346905
vt 0.820245 0.406645
vt 0.806529 0.348005
vt 0.819064 0.405427
vt 0.805911 0.349579
vt 0.828153 0.391721
vt 0.820278 0.357950
vt 0.826530 0.391229
vt 0.818936 0.358986
vt 0.828153 0.373934
vt 0.826484 0.374233
vt 0.886066 0.646700
vt 0.893725 0.636137
vt 0.896768 0.646948
vt 0.881004 0.635116
vt 0.893590 0.623092
vt 0.880207 0.621627
vt 0.884070 0.610084
vt 0.896768 0.611292
vt 0.632202 0.629854
vt 0.648132 0.654249
vt 0.633136 0.657994
vt 0.646946 0.626167
vt 0.615801 0.633555
vt 0.616492 0.661732
vt 0.602140 0.636298
vt 0.602661 0.664468
vt 0.609981 0.467333
vt 0.621836 0.467108
vt 0.610769 0.425011
vt 0.622260 0.424783
vt 0.635798 0.466759
vt 0.635715 0.424444
vt 0.648132 0.466391
vt 0.647532 0.424088
vt 0.903965 0.166010
vt 0.915610 0.158148
vt 0.914194 0.171465
vt 0.905117 0.152934
vt 0.916243 0.141679
vt 0.905379 0.136735
vt 0.915876 0.126637
vt 0.903965 0.125729
vt 0.916671 0.615665
vt 0.904750 0.616355
vt 0.904374 0.607052
vt 0.916561 0.602646
vt 0.915778 0.627924
vt 0.904824 0.632664
vt 0.914941 0.642740
vt 0.904374 0.647793
vt 0.834248 0.075518
vt 0.832047 0.057365
vt 0.847406 0.065503
vt 0.845398 0.049778
vt 0.849064 0.088417
vt 0.834105 0.100361
vt 0.847848 0.112459
vt 0.832047 0.124452
vt 0.860970 0.672420
vt 0.859999 0.655671
vt 0.871193 0.666287
vt 0.869780 0.650067
vt 0.872007 0.686415
vt 0.860753 0.693624
vt 0.871693 0.706410
vt 0.859999 0.713389
vt 0.887866 0.853807
vt 0.899250 0.843497
vt 0.898210 0.858218
vt 0.888919 0.839306
vt 0.899275 0.825311
vt 0.888998 0.821440
vt 0.898098 0.808478
vt 0.887866 0.804931
vt 0.909235 0.491387
vt 0.899259 0.505786
vt 0.898403 0.491137
vt 0.910034 0.505831
vt 0.910163 0.523327
vt 0.899443 0.523574
vt 0.909122 0.539235
vt 0.898403 0.539786
vt 0.910224 0.539713
vt 0.920822 0.526894
vt 0.920902 0.541974
vt 0.910189 0.524853
vt 0.920920 0.508813
vt 0.910256 0.507056
vt 0.920920 0.492593
vt 0.910163 0.491137
vt 0.849064 0.115469
vt 0.863511 0.108866
vt 0.863322 0.125539
vt 0.849064 0.095138
vt 0.863480 0.084858
vt 0.849588 0.070989
vt 0.862377 0.062009
vt 0.849377 0.049778
vt 0.878613 0.228395
vt 0.890404 0.217957
vt 0.888866 0.233003
vt 0.880237 0.213587
vt 0.890881 0.198891
vt 0.880619 0.195075
vt 0.889011 0.180886
vt 0.878613 0.177836
vt 0.883156 0.397898
vt 0.872012 0.412397
vt 0.871242 0.397533
vt 0.883870 0.412553
vt 0.872196 0.430434
vt 0.885839 0.430206
vt 0.885020 0.446020
vt 0.227214 0.574733
vt 0.226427 0.557585
vt 0.239458 0.569137
vt 0.239090 0.552309
vt 0.239423 0.589468
vt 0.226265 0.595660
vt 0.239458 0.606371
vt 0.227540 0.612706
vt 0.112043 0.917422
vt 0.124202 0.904797
vt 0.124091 0.918325
vt 0.112554 0.904077
vt 0.123808 0.888591
vt 0.112613 0.888128
vt 0.122940 0.874048
vt 0.886977 0.540079
vt 0.898378 0.529697
vt 0.897323 0.544485
vt 0.888046 0.525511
vt 0.898403 0.511487
vt 0.888124 0.507621
vt 0.897211 0.494678
vt 0.886977 0.491136
vt 0.919831 0.394526
vt 0.909571 0.408468
vt 0.920328 0.409014
vt 0.909658 0.426196
vt 0.920399 0.426494
vt 0.919835 0.442292
vt 0.909084 0.442259
vt 0.904495 0.044844
vt 0.916613 0.031884
vt 0.916543 0.045763
vt 0.904965 0.031152
vt 0.916219 0.015203
vt 0.905024 0.014737
vt 0.915393 0.000189
vt 0.904495 0.000000
vt 0.875220 0.784500
vt 0.886594 0.774777
vt 0.886312 0.789158
vt 0.875321 0.767055
vt 0.886480 0.753949
vt 0.875628 0.746030
vt 0.885356 0.734256
vt 0.875220 0.727336
vt 0.187706 0.607581
vt 0.196113 0.590849
vt 0.197744 0.591312
vt 0.196100 0.572315
vt 0.188939 0.608746
vt 0.197709 0.571852
vt 0.173142 0.617986
vt 0.186631 0.561311
vt 0.173654 0.619603
vt 0.187803 0.560119
vt 0.156351 0.619155
vt 0.171714 0.554604
vt 0.155960 0.620805
vt 0.172104 0.552961
vt 0.140696 0.611790
vt 0.154828 0.552309
vt 0.141879 0.610574
vt 0.155368 0.553900
vt 0.131933 0.595232
vt 0.142655 0.558736
vt 0.133557 0.594744
vt 0.143849 0.559928
vt 0.131933 0.575651
vt 0.133587 0.576027
vt 0.015791 0.877628
vt 0.005535 0.891114
vt 0.005042 0.876939
vt 0.016292 0.891601
vt 0.005622 0.908066
vt 0.016361 0.908273
vt 0.015788 0.923188
vt 0.005042 0.923270
vt 0.261318 0.874618
vt 0.249308 0.887396
vt 0.249281 0.873607
vt 0.260946 0.888219
vt 0.249701 0.903809
vt 0.260887 0.904368
vt 0.250429 0.918451
vt 0.261318 0.918736
vt 0.880207 0.560113
vt 0.892957 0.572970
vt 0.880446 0.571275
vt 0.892844 0.557122
vt 0.891955 0.587908
vt 0.880599 0.591687
vt 0.891167 0.605950
vt 0.880207 0.610084
vt 0.644438 0.296041
vt 0.644265 0.275613
vt 0.642677 0.319254
vt 0.638627 0.344746
vt 0.631092 0.370098
vt 0.620203 0.392812
vt 0.608513 0.411120
vt 0.598195 0.424088
vt 0.646102 0.391094
vt 0.644438 0.374120
vt 0.646056 0.374630
vt 0.654324 0.359070
vt 0.644438 0.391424
vt 0.653106 0.357892
vt 0.654067 0.405525
vt 0.668421 0.349629
vt 0.652816 0.406671
vt 0.667926 0.348014
vt 0.667915 0.413700
vt 0.684649 0.348540
vt 0.667492 0.415343
vt 0.685070 0.346905
vt 0.684528 0.414839
vt 0.699554 0.356160
vt 0.683986 0.413232
vt 0.698340 0.357336
vt 0.699220 0.405535
vt 0.707780 0.371975
vt 0.697923 0.404442
vt 0.706145 0.372418
vt 0.707557 0.390378
vt 0.705894 0.390043
vt 0.709525 0.754284
vt 0.718924 0.739358
vt 0.711148 0.754778
vt 0.711101 0.772033
vt 0.717716 0.738168
vt 0.709436 0.772358
vt 0.732343 0.729909
vt 0.718793 0.786508
vt 0.731861 0.728287
vt 0.717529 0.787640
vt 0.747805 0.728980
vt 0.732159 0.794335
vt 0.748201 0.727337
vt 0.731762 0.795985
vt 0.762330 0.735607
vt 0.748224 0.795014
vt 0.761163 0.736833
vt 0.747613 0.793432
vt 0.770458 0.750839
vt 0.762354 0.785071
vt 0.768841 0.751350
vt 0.761019 0.784026
vt 0.770458 0.768923
vt 0.768788 0.768625
vt 0.892382 0.013960
vt 0.892108 0.004193
vt 0.904495 0.013849
vt 0.904338 0.000000
vt 0.903530 0.026899
vt 0.892539 0.031603
vt 0.902717 0.042400
vt 0.892108 0.047359
vt 0.126448 0.626383
vt 0.127978 0.622429
vt 0.127978 0.626383
vt 0.126448 0.622429
vt 0.124786 0.626383
vt 0.124786 0.622429
vt 0.197744 0.620805
vt 0.196079 0.624760
vt 0.196079 0.620805
vt 0.194122 0.624760
vt 0.194122 0.620805
vt 0.599253 0.439506
vt 0.596411 0.445343
vt 0.602140 0.435390
vt 0.589938 0.533602
vt 0.586337 0.577949
vt 0.581834 0.595787
vt 0.573000 0.616026
vt 0.619698 0.269495
vt 0.619698 0.267495
vt 0.619698 0.271068
vt 0.619698 0.273248
vt 0.619698 0.275050
vt 0.615743 0.273248
vt 0.615743 0.275050
vt 0.615743 0.271068
vt 0.615743 0.269495
vt 0.770098 0.516874
vt 0.779347 0.502538
vt 0.771741 0.517294
vt 0.771735 0.533869
vt 0.778091 0.501397
vt 0.770088 0.534270
vt 0.792512 0.493561
vt 0.779324 0.547843
vt 0.791986 0.491948
vt 0.778104 0.549016
vt 0.807705 0.492785
vt 0.792472 0.555480
vt 0.808106 0.491136
vt 0.792073 0.557122
vt 0.822053 0.499261
vt 0.808202 0.556336
vt 0.820845 0.500452
vt 0.807656 0.554734
vt 0.830060 0.514037
vt 0.822087 0.546918
vt 0.828421 0.514474
vt 0.820809 0.545805
vt 0.830060 0.531457
vt 0.828407 0.531076
vt 0.855917 0.887450
vt 0.848511 0.901263
vt 0.844534 0.889287
vt 0.859919 0.899313
vt 0.844380 0.876141
vt 0.855826 0.874425
vt 0.848373 0.865292
vt 0.859919 0.863561
vt 0.709435 0.392384
vt 0.707797 0.374495
vt 0.709446 0.374893
vt 0.717185 0.359239
vt 0.707780 0.392754
vt 0.715883 0.358154
vt 0.717157 0.407018
vt 0.730581 0.349604
vt 0.715905 0.408162
vt 0.729989 0.348020
vt 0.730545 0.414853
vt 0.746048 0.348549
vt 0.730159 0.416505
vt 0.746432 0.346905
vt 0.746631 0.415351
vt 0.760675 0.355199
vt 0.746017 0.413770
vt 0.759442 0.356356
vt 0.760742 0.405146
vt 0.768822 0.370539
vt 0.759423 0.404080
vt 0.767173 0.370934
vt 0.768822 0.388772
vt 0.767167 0.388397
vt 0.226437 0.780005
vt 0.236116 0.766149
vt 0.228071 0.780458
vt 0.228059 0.796868
vt 0.234918 0.764949
vt 0.226416 0.797289
vt 0.250037 0.757776
vt 0.236081 0.810989
vt 0.249591 0.756143
vt 0.234875 0.812182
vt 0.266104 0.757587
vt 0.249988 0.819037
vt 0.266534 0.755950
vt 0.249558 0.820677
vt 0.281200 0.764437
vt 0.266518 0.820484
vt 0.280008 0.765640
vt 0.266053 0.818853
vt 0.289660 0.779312
vt 0.281196 0.811662
vt 0.288027 0.779770
vt 0.279971 0.810489
vt 0.289660 0.796593
vt 0.288013 0.796186
vt 0.277104 0.900545
vt 0.268415 0.915471
vt 0.266267 0.901097
vt 0.279276 0.914923
vt 0.267109 0.885931
vt 0.277970 0.885384
vt 0.268486 0.874136
vt 0.279276 0.873607
vt 0.840348 0.911382
vt 0.828737 0.925852
vt 0.828121 0.911610
vt 0.840812 0.925630
vt 0.828148 0.896770
vt 0.840224 0.896548
vt 0.829153 0.885303
vt 0.840812 0.885100
vt 0.141409 0.749652
vt 0.132014 0.734389
vt 0.133656 0.733963
vt 0.133591 0.716274
vt 0.140135 0.750772
vt 0.131933 0.715922
vt 0.154796 0.759233
vt 0.141249 0.701399
vt 0.154234 0.760833
vt 0.139991 0.700269
vt 0.170262 0.760275
vt 0.154613 0.693462
vt 0.170649 0.761927
vt 0.154227 0.691819
vt 0.184869 0.753652
vt 0.170732 0.693063
vt 0.183654 0.752469
vt 0.170107 0.694634
vt 0.193031 0.738372
vt 0.184903 0.703505
vt 0.191392 0.737935
vt 0.183574 0.704557
vt 0.193031 0.720086
vt 0.191371 0.720433
vt 0.756336 0.213054
vt 0.764151 0.240234
vt 0.755648 0.241196
vt 0.764872 0.212075
vt 0.742447 0.240006
vt 0.754194 0.043041
vt 0.763087 0.043021
vt 0.763296 0.000694
vt 0.754329 0.000718
vt 0.741593 0.000466
vt 0.743169 0.211847
vt 0.728086 0.236999
vt 0.728903 0.208835
vt 0.741384 0.042793
vt 0.728086 0.042325
vt 0.728498 0.000000
vt 0.150667 0.896230
vt 0.141917 0.911158
vt 0.139510 0.897295
vt 0.153075 0.910098
vt 0.139370 0.882599
vt 0.150528 0.881539
vt 0.141998 0.870967
vt 0.153075 0.869929
vt 0.921640 0.741844
vt 0.921704 0.727376
vt 0.932436 0.741799
vt 0.932498 0.727336
vt 0.921628 0.756944
vt 0.932422 0.756905
vt 0.932498 0.768607
vt 0.921747 0.768632
vt 0.153075 0.839834
vt 0.158730 0.825557
vt 0.166736 0.842238
vt 0.172157 0.827861
vt 0.153259 0.855889
vt 0.166686 0.858193
vt 0.158941 0.869275
vt 0.172157 0.871576
vt 0.928118 0.283117
vt 0.916314 0.297527
vt 0.915886 0.283290
vt 0.928396 0.297360
vt 0.915911 0.268442
vt 0.927993 0.268275
vt 0.916726 0.256959
vt 0.928396 0.256809
vt 0.209658 0.911116
vt 0.198132 0.925999
vt 0.197744 0.911300
vt 0.210040 0.925821
vt 0.197778 0.895944
vt 0.209686 0.895766
vt 0.198186 0.884045
vt 0.210040 0.883883
vt 0.899177 0.473170
vt 0.890887 0.488086
vt 0.887989 0.474378
vt 0.902060 0.486883
vt 0.887886 0.459738
vt 0.899059 0.458535
vt 0.891056 0.448034
vt 0.136917 0.866621
vt 0.147402 0.856943
vt 0.132356 0.854012
vt 0.146427 0.841645
vt 0.131933 0.838729
vt 0.138030 0.825557
vt 0.153075 0.828488
vt 0.612591 0.892447
vt 0.603841 0.907798
vt 0.601432 0.893483
vt 0.615002 0.906767
vt 0.601291 0.878340
vt 0.612452 0.877309
vt 0.603922 0.866389
vt 0.615002 0.865379
vt 0.059762 0.916674
vt 0.049275 0.931329
vt 0.049064 0.916805
vt 0.060009 0.931279
vt 0.049097 0.901637
vt 0.059831 0.901435
vt 0.049263 0.889890
vt 0.060009 0.889644
vt 0.084738 0.891630
vt 0.084919 0.876466
vt 0.096937 0.891568
vt 0.096972 0.876409
vt 0.084919 0.907377
vt 0.096972 0.907320
vt 0.096723 0.919443
vt 0.085072 0.919487
vt 0.162666 0.443196
vt 0.163013 0.440760
vt 0.164713 0.434048
vt 0.166388 0.429826
vt 0.167540 0.427041
vt 0.169834 0.420738
vt 0.170498 0.415570
vt 0.169897 0.410317
vt 0.166792 0.404156
vt 0.163090 0.399825
vt 0.159916 0.397071
vt 0.931619 0.519263
vt 0.931850 0.534553
vt 0.920920 0.519387
vt 0.921115 0.534671
vt 0.931687 0.503372
vt 0.920953 0.503491
vt 0.921103 0.491241
vt 0.931850 0.491136
vt 0.541352 0.741182
vt 0.542987 0.723802
vt 0.542996 0.740764
vt 0.551126 0.755684
vt 0.541352 0.723354
vt 0.549903 0.756859
vt 0.551099 0.709331
vt 0.565198 0.764558
vt 0.549910 0.708127
vt 0.564729 0.766188
vt 0.565154 0.701206
vt 0.581435 0.764984
vt 0.564736 0.699568
vt 0.581855 0.766627
vt 0.581850 0.699971
vt 0.596676 0.758030
vt 0.581384 0.701597
vt 0.595483 0.756824
vt 0.596662 0.709230
vt 0.605218 0.742733
vt 0.595442 0.710407
vt 0.603581 0.742289
vt 0.605209 0.724875
vt 0.603566 0.725297
vt 0.005448 0.876366
vt 0.013447 0.864298
vt 0.016361 0.876939
vt 0.000662 0.863277
vt 0.013438 0.847990
vt 0.000000 0.846792
vt 0.003576 0.831358
vt 0.016361 0.832379
vt 0.648268 0.273222
vt 0.644313 0.273222
vt 0.648268 0.271188
vt 0.648268 0.267046
vt 0.847522 0.520142
vt 0.839390 0.536886
vt 0.831835 0.525808
vt 0.855639 0.531009
vt 0.830060 0.511885
vt 0.846309 0.506008
vt 0.836969 0.498109
vt 0.644313 0.271188
vt 0.644313 0.267046
vt 0.770495 0.599738
vt 0.779178 0.614552
vt 0.777960 0.615732
vt 0.791336 0.624160
vt 0.772102 0.599195
vt 0.790851 0.625785
vt 0.771774 0.581158
vt 0.805343 0.625552
vt 0.770088 0.580972
vt 0.805712 0.627208
vt 0.778498 0.566243
vt 0.818573 0.619602
vt 0.777152 0.565220
vt 0.817444 0.618336
vt 0.790538 0.558761
vt 0.826003 0.605016
vt 0.790173 0.557122
vt 0.824399 0.604466
vt 0.805391 0.558921
vt 0.826003 0.587356
vt 0.804606 0.560419
vt 0.824318 0.587548
vt 0.818441 0.570187
vt 0.816994 0.571072
vt 0.141467 0.678561
vt 0.131966 0.663293
vt 0.133616 0.662898
vt 0.133585 0.645206
vt 0.140144 0.679623
vt 0.131933 0.644826
vt 0.155183 0.688631
vt 0.141420 0.630405
vt 0.154556 0.690206
vt 0.140184 0.629246
vt 0.171027 0.690170
vt 0.155021 0.622453
vt 0.171417 0.691819
vt 0.154632 0.620805
vt 0.185770 0.682830
vt 0.171329 0.621886
vt 0.184505 0.681702
vt 0.170743 0.623476
vt 0.193913 0.666916
vt 0.185681 0.632124
vt 0.192255 0.666560
vt 0.184373 0.633204
vt 0.193913 0.648655
vt 0.192261 0.649040
vt 0.833382 0.884393
vt 0.841564 0.873330
vt 0.844380 0.885100
vt 0.828757 0.872219
vt 0.841555 0.858118
vt 0.828121 0.856849
vt 0.831573 0.842425
vt 0.844380 0.843536
vt 0.155793 0.450316
vt 0.158189 0.458442
vt 0.161414 0.463117
vt 0.161624 0.457713
vt 0.161940 0.448472
vt 0.541361 0.791047
vt 0.550591 0.777300
vt 0.543001 0.791481
vt 0.542998 0.807533
vt 0.549357 0.776136
vt 0.541352 0.807938
vt 0.563731 0.768796
vt 0.550575 0.821181
vt 0.563236 0.767175
vt 0.549360 0.822355
vt 0.578896 0.768271
vt 0.563699 0.828779
vt 0.579309 0.766627
vt 0.563288 0.830414
vt 0.593213 0.774713
vt 0.579368 0.829902
vt 0.592010 0.775907
vt 0.578853 0.828293
vt 0.601207 0.789175
vt 0.593235 0.820985
vt 0.599570 0.789617
vt 0.591977 0.819850
vt 0.601207 0.806097
vt 0.599557 0.805704
vt 0.596945 0.677028
vt 0.598580 0.664468
vt 0.608098 0.677160
vt 0.609683 0.664606
vt 0.598580 0.690311
vt 0.609683 0.690449
vt 0.179182 0.419649
vt 0.179718 0.413679
vt 0.175390 0.428056
vt 0.590879 0.858088
vt 0.586615 0.872929
vt 0.580193 0.860969
vt 0.597698 0.869933
vt 0.578943 0.846870
vt 0.590026 0.843874
vt 0.584630 0.834159
vt 0.597698 0.830414
vt 0.137074 0.446865
vt 0.060651 0.585127
vt 0.059041 0.564918
vt 0.060651 0.564384
vt 0.051033 0.550819
vt 0.058966 0.584936
vt 0.052208 0.549596
vt 0.051050 0.604421
vt 0.037910 0.542349
vt 0.052513 0.605279
vt 0.038247 0.540687
vt 0.037576 0.617353
vt 0.021926 0.543442
vt 0.038394 0.618837
vt 0.022531 0.545026
vt 0.022246 0.619793
vt 0.008400 0.553765
vt 0.021910 0.621447
vt 0.009673 0.554885
vt 0.007742 0.612608
vt 0.000334 0.572869
vt 0.009074 0.611561
vt 0.001961 0.573351
vt 0.000000 0.594606
vt 0.001682 0.594388
vt 0.790256 0.246060
vt 0.781507 0.232666
vt 0.783113 0.232121
vt 0.782892 0.215763
vt 0.789041 0.247241
vt 0.781210 0.215560
vt 0.802558 0.254480
vt 0.789834 0.202115
vt 0.802069 0.256095
vt 0.788518 0.201100
vt 0.816738 0.255174
vt 0.802056 0.194751
vt 0.817137 0.256809
vt 0.801673 0.193180
vt 0.830190 0.249226
vt 0.816989 0.194145
vt 0.829012 0.248018
vt 0.816288 0.195653
vt 0.837696 0.235356
vt 0.830109 0.203615
vt 0.836074 0.234868
vt 0.828710 0.204571
vt 0.837696 0.218941
vt 0.836020 0.219198
vt 0.170076 0.397645
vt 0.163534 0.391836
vt 0.177014 0.406715
vt 0.829693 0.266221
vt 0.815908 0.258419
vt 0.816442 0.256809
vt 0.800220 0.258427
vt 0.830955 0.265088
vt 0.799754 0.256809
vt 0.837849 0.279736
vt 0.790480 0.267208
vt 0.839499 0.279343
vt 0.789264 0.266045
vt 0.838096 0.295316
vt 0.784147 0.281047
vt 0.839735 0.295747
vt 0.782509 0.280616
vt 0.831451 0.309900
vt 0.781210 0.296659
vt 0.830209 0.308746
vt 0.782840 0.296218
vt 0.816999 0.318076
vt 0.786187 0.308038
vt 0.816459 0.316468
vt 0.787450 0.306912
vt 0.800241 0.318090
vt 0.800627 0.316439
vt 0.595729 0.663533
vt 0.593848 0.644187
vt 0.595465 0.643692
vt 0.586902 0.628766
vt 0.594042 0.663359
vt 0.588076 0.627564
vt 0.587229 0.682315
vt 0.575028 0.621438
vt 0.588708 0.683141
vt 0.575316 0.619790
vt 0.575347 0.695335
vt 0.560683 0.622795
vt 0.576180 0.696812
vt 0.561381 0.624322
vt 0.561755 0.697898
vt 0.548290 0.635479
vt 0.561464 0.699568
vt 0.549644 0.636490
vt 0.548541 0.692000
vt 0.541352 0.654065
vt 0.549825 0.690892
vt 0.542999 0.654472
vt 0.541352 0.674896
vt 0.543024 0.674619
vt 0.672119 0.415375
vt 0.668165 0.419828
vt 0.672119 0.419828
vt 0.226416 0.856049
vt 0.226416 0.840865
vt 0.228035 0.841368
vt 0.234641 0.829099
vt 0.228084 0.855740
vt 0.233467 0.827878
vt 0.234701 0.868200
vt 0.246111 0.822322
vt 0.233458 0.869323
vt 0.245706 0.820677
vt 0.245287 0.872020
vt 0.259897 0.821373
vt 0.244782 0.873607
vt 0.259423 0.822999
vt 0.258192 0.871132
vt 0.272194 0.829597
vt 0.258594 0.872765
vt 0.270994 0.830794
vt 0.271212 0.867101
vt 0.279276 0.843037
vt 0.270027 0.865931
vt 0.277656 0.843538
vt 0.279236 0.858055
vt 0.277612 0.857638
vt 0.623652 0.271165
vt 0.623652 0.267505
vt 0.619698 0.271165
vt 0.619698 0.267505
vt 0.297992 0.372298
vt 0.288621 0.387660
vt 0.294405 0.370719
vt 0.291545 0.389104
vt 0.288979 0.404724
vt 0.291650 0.404232
vt 0.289662 0.408911
vt 0.292275 0.408127
vt 0.291185 0.412645
vt 0.293753 0.411501
vt 0.295755 0.413875
vt 0.293217 0.415392
vt 0.295454 0.416734
vt 0.297992 0.414883
vt 0.706913 0.267002
vt 0.706913 0.240762
vt 0.718822 0.248376
vt 0.146417 0.411095
vt 0.143836 0.406182
vt 0.143221 0.403505
vt 0.144849 0.397352
vt 0.149484 0.391225
vt 0.156814 0.388970
vt 0.176922 0.890566
vt 0.191057 0.910326
vt 0.176922 0.910326
vt 0.191057 0.890566
vt 0.176922 0.870806
vt 0.191057 0.870806
vt 0.187031 0.400778
vt 0.207430 0.402189
vt 0.187456 0.400807
vt 0.226709 0.403819
vt 0.207268 0.402178
vt 0.225707 0.403734
vt 0.627607 0.270687
vt 0.623652 0.274288
vt 0.623652 0.270687
vt 0.627607 0.274288
vt 0.623652 0.275050
vt 0.194122 0.628714
vt 0.195660 0.628714
vt 0.131933 0.719505
vt 0.127978 0.721949
vt 0.127978 0.719505
vt 0.131933 0.721949
vt 0.131933 0.715450
vt 0.127978 0.724133
vt 0.127978 0.715450
vt 0.131933 0.724133
vt 0.127978 0.726134
vt 0.131933 0.726134
vt 0.195660 0.624760
vt 0.133706 0.429927
vt 0.132117 0.423686
vt 0.137716 0.413798
vt 0.133289 0.417922
vt 0.145454 0.414307
vt 0.154411 0.416948
vt 0.156513 0.418087
vt 0.161534 0.421217
vt 0.058308 0.675148
vt 0.054353 0.679340
vt 0.054353 0.675148
vt 0.058308 0.672182
vt 0.054353 0.672182
vt 0.058308 0.679340
vt 0.054353 0.684508
vt 0.058308 0.684508
vt 0.054353 0.689354
vt 0.058308 0.689354
vt 0.054353 0.693025
vt 0.058308 0.693025
vt 0.627607 0.267505
vt 0.600065 0.619790
vt 0.602140 0.619790
vt 0.600065 0.623744
vt 0.668820 0.271528
vt 0.664865 0.275497
vt 0.664865 0.271528
vt 0.668820 0.275497
vt 0.126253 0.600702
vt 0.131933 0.599601
vt 0.131472 0.600914
vt 0.127611 0.596682
vt 0.125053 0.606912
vt 0.130138 0.607075
vt 0.130371 0.622429
vt 0.125452 0.612990
vt 0.130306 0.613026
vt 0.127343 0.617307
vt 0.131933 0.617173
vt 0.288621 0.521897
vt 0.295240 0.522663
vt 0.289045 0.523573
vt 0.294150 0.518147
vt 0.296526 0.528664
vt 0.290483 0.529506
vt 0.288621 0.545919
vt 0.297321 0.533798
vt 0.291569 0.534470
vt 0.609683 0.664468
vt 0.623817 0.695548
vt 0.609683 0.695548
vt 0.623817 0.664468
vt 0.623817 0.716324
vt 0.609683 0.716324
vt 0.609683 0.735332
vt 0.623817 0.735332
vt 0.623817 0.758556
vt 0.609683 0.758556
vt 0.623817 0.782069
vt 0.609683 0.782069
vt 0.852987 0.200961
vt 0.866974 0.177836
vt 0.866974 0.200961
vt 0.852987 0.208822
vt 0.866974 0.208822
vt 0.852987 0.216059
vt 0.866974 0.216059
vt 0.866974 0.223870
vt 0.852987 0.223870
vt 0.852987 0.231447
vt 0.866974 0.231447
vt 0.852987 0.237859
vt 0.866974 0.237859
vt 0.852987 0.247869
vt 0.866974 0.247869
s 1
f 1/1/1 2/2/2 3/3/3
f 1/1/1 3/3/3 4/4/4
f 3/3/3 5/5/5 4/4/4
f 4/4/4 6/6/6 1/1/1
f 7/7/7 1/1/1 6/6/6
f 6/6/6 8/8/8 7/7/7
f 8/8/8 6/6/6 9/9/9
f 1/1/1 7/7/7 10/10/10
f 2/2/2 1/1/1 10/10/10
f 11/11/11 10/10/10 7/7/7
f 12/12/12 9/9/9 6/6/6
f 6/6/6 4/4/4 12/12/12
f 9/9/9 12/12/12 13/13/13
f 12/12/12 4/4/4 5/5/5
f 14/14/14 13/13/13 12/12/12
f 5/5/5 14/14/14 12/12/12
f 15/15/15 14/14/14 5/5/5
f 5/5/5 16/16/16 15/15/15
f 16/16/16 5/5/5 3/3/3
f 3/3/3 2/2/2 16/16/16
f 17/17/17 15/15/15 16/16/16
f 16/16/16 18/18/18 17/17/17
f 18/18/18 16/16/16 2/2/2
f 18/18/18 2/2/2 19/19/19
f 2/2/2 10/10/10 19/19/19
f 20/20/20 18/18/18 19/19/19
f 21/21/21 19/19/19 10/10/10
f 21/21/21 20/20/20 19/19/19
f 10/10/10 11/11/11 21/21/21
f 18/18/18 20/20/20 22/22/22
f 11/11/11 23/23/23 21/21/21
f 20/20/20 21/21/21 23/23/23
f 11/11/11 24/24/24 23/23/23
f 24/24/24 11/11/11 25/25/25
f 25/25/25 26/26/26 24/24/24
f 27/27/27 24/24/24 26/26/26
f 26/26/26 28/28/28 27/27/27
f 24/24/24 29/29/29 23/23/23
f 27/27/27 29/29/29 24/24/24
f 30/30/30 27/27/27 28/28/28
f 29/29/29 31/31/31 23/23/23
f 20/20/20 23/23/23 31/31/31
f 31/31/31 22/22/22 20/20/20
f 31/31/31 29/29/29 32/32/32
f 27/27/27 32/32/32 29/29/29
f 22/22/22 31/31/31 33/33/33
f 32/32/32 33/33/33 31/31/31
f 32/32/32 27/27/27 34/34/34
f 27/27/27 30/30/30 34/34/34
f 33/33/33 32/32/32 34/34/34
f 33/33/33 34/34/34 30/30/30
f 33/33/33 35/35/35 22/22/22
f 30/30/30 36/36/36 33/33/33
f 35/35/35 33/33/33 36/36/36
f 37/37/37 38/38/38 39/39/38
f 39/39/38 40/40/39 37/37/37
f 41/41/40 37/37/37 40/40/39
f 40/40/39 39/39/38 42/42/41
f 40/40/39 43/43/42 41/41/40
f 39/39/38 44/44/43 42/42/41
f 45/45/44 42/42/41 44/44/43
f 44/44/43 46/46/45 45/45/44
f 46/46/45 43/43/42 45/45/44
f 43/43/42 47/47/46 41/41/40
f 46/46/45 47/47/46 43/43/42
f 47/47/46 46/46/45 48/48/46
f 49/49/47 47/47/46 48/48/46
f 50/50/48 47/47/46 49/49/47
f 51/51/49 50/50/48 49/49/47
f 47/47/46 50/50/48 52/52/50
f 50/50/48 51/51/49 53/53/51
f 54/54/52 47/47/46 52/52/50
f 55/55/38 53/53/51 51/51/49
f 56/56/53 54/54/52 52/52/50
f 55/55/38 56/56/53 53/53/51
f 54/54/52 56/56/53 57/57/54
f 55/55/38 57/57/54 56/56/53
f 55/55/38 58/58/38 57/57/54
f 59/42/55 60/39/38 61/40/56
f 62/44/57 60/39/38 59/42/55
f 63/45/58 62/44/57 59/42/55
f 64/46/59 62/44/57 63/45/58
f 65/43/60 64/46/59 63/45/58
f 60/39/38 66/37/61 61/40/56
f 66/37/61 60/39/38 67/38/38
f 68/41/62 61/40/56 66/37/61
f 61/40/56 68/41/62 65/43/60
f 68/41/62 69/47/63 65/43/60
f 64/46/59 65/43/60 69/47/63
f 64/46/59 69/47/63 70/48/63
f 69/47/63 71/49/64 70/48/63
f 71/49/64 69/47/63 72/50/65
f 72/50/65 73/51/66 71/49/64
f 72/50/65 69/47/63 74/52/67
f 73/51/66 72/50/65 75/53/68
f 74/52/67 69/47/63 76/54/69
f 75/53/68 77/55/38 73/51/66
f 76/54/69 78/56/70 74/52/67
f 78/56/70 77/55/38 75/53/68
f 78/56/70 76/54/69 79/57/37
f 79/57/37 77/55/38 78/56/70
f 77/55/38 79/57/37 80/58/38
f 81/59/71 82/60/72 83/61/71
f 84/62/73 81/59/71 83/61/71
f 82/60/72 81/59/71 85/63/72
f 81/59/71 84/62/73 86/64/73
f 87/65/74 82/60/72 85/63/72
f 88/66/75 86/64/73 84/62/73
f 82/60/72 87/65/74 89/67/74
f 86/64/73 88/66/75 90/68/75
f 87/65/74 91/69/76 89/67/74
f 92/70/77 90/68/75 88/66/75
f 90/68/75 92/70/77 93/71/78
f 92/70/77 94/72/79 93/71/78
f 91/69/76 87/65/74 95/73/76
f 95/73/76 96/74/80 91/69/76
f 96/74/80 95/73/76 97/75/80
f 97/75/80 98/76/80 96/74/80
f 98/76/80 97/75/80 99/77/80
f 99/77/80 100/78/81 98/76/80
f 100/78/81 99/77/80 101/79/82
f 101/79/82 102/80/83 100/78/81
f 102/80/83 101/79/82 103/81/83
f 104/82/84 102/80/83 103/81/83
f 102/80/83 104/82/84 105/83/84
f 106/84/85 105/83/84 104/82/84
f 105/83/84 106/84/85 107/85/85
f 108/61/71 109/63/72 110/59/71
f 111/64/73 108/61/71 110/59/71
f 109/63/72 108/61/71 112/60/72
f 111/64/73 113/62/73 108/61/71
f 112/60/72 114/67/74 109/63/72
f 115/68/75 113/62/73 111/64/73
f 109/63/72 114/67/74 116/65/74
f 117/66/75 113/62/73 115/68/75
f 114/67/74 118/73/76 116/65/74
f 119/71/78 117/66/75 115/68/75
f 120/70/77 117/66/75 119/71/78
f 120/70/77 119/71/78 121/72/79
f 118/73/76 114/67/74 122/69/76
f 122/69/76 123/74/80 118/73/76
f 118/73/76 123/74/80 124/75/80
f 123/74/80 125/76/80 124/75/80
f 124/75/80 125/76/80 126/77/80
f 125/76/80 127/78/82 126/77/80
f 126/77/80 127/78/82 128/79/81
f 127/78/82 129/81/83 128/79/81
f 129/81/83 127/78/82 130/80/83
f 130/80/83 131/83/84 129/81/83
f 129/81/83 131/83/84 132/82/84
f 131/83/84 133/85/85 132/82/84
f 132/82/84 133/85/85 134/84/85
f 135/86/86 136/87/87 137/88/86
f 137/88/86 138/89/88 135/86/86
f 138/89/88 137/88/86 139/90/88
f 136/87/87 135/86/86 140/91/87
f 140/91/87 141/92/89 136/87/87
f 141/92/89 140/91/87 142/93/89
f 142/93/89 143/94/90 141/92/89
f 143/94/90 142/93/89 144/95/90
f 144/95/90 145/96/91 143/94/90
f 145/96/91 144/95/90 146/97/91
f 146/97/91 147/98/92 145/96/91
f 147/98/92 146/97/91 148/99/93
f 149/100/94 147/98/92 148/99/93
f 150/88/86 151/91/87 152/86/86
f 152/86/86 153/90/88 150/88/86
f 153/90/88 152/86/86 154/89/88
f 151/91/87 150/88/86 155/87/87
f 155/87/87 156/93/89 151/91/87
f 156/93/89 155/87/87 157/92/89
f 157/92/89 158/95/90 156/93/89
f 158/95/90 157/92/89 159/94/90
f 159/94/90 160/97/91 158/95/90
f 160/97/91 159/94/90 161/96/91
f 161/96/91 162/99/93 160/97/91
f 162/99/93 161/96/91 163/98/92
f 164/100/94 162/99/93 163/98/92
f 165/101/95 166/101/96 167/102/97
f 167/102/97 168/103/98 165/101/95
f 168/103/99 169/101/100 170/104/101
f 171/105/102 172/105/103 169/101/100
f 173/106/104 174/102/105 168/103/106
f 175/107/107 173/106/108 167/102/109
f 176/108/110 173/106/108 175/107/107
f 177/109/111 178/110/112 176/108/110
f 179/107/113 176/108/110 178/110/112
f 178/110/112 180/107/114 179/107/113
f 181/102/115 179/107/113 180/107/114
f 177/109/116 182/111/117 183/112/118
f 182/111/117 184/110/119 185/111/120
f 185/111/120 186/113/121 182/111/117
f 187/114/122 183/112/118 186/113/123
f 188/114/124 187/114/122 186/113/123
f 188/114/125 189/113/126 190/114/127
f 190/114/127 191/115/128 188/114/125
f 192/111/129 183/112/130 193/113/131
f 193/113/131 194/111/132 192/111/129
f 195/110/133 192/111/129 194/111/132
f 194/111/132 193/113/131 196/113/134
f 193/113/135 187/114/136 197/114/137
f 196/113/138 197/114/137 198/114/139
f 199/116/140 197/114/137 187/114/136
f 200/115/141 198/114/139 197/114/137
f 197/114/137 199/116/140 200/115/141
f 198/114/139 200/115/141 201/115/142
f 202/117/143 201/115/142 200/115/141
f 201/115/142 202/117/143 203/117/144
f 203/117/144 202/117/143 204/118/145
f 205/119/146 204/118/145 206/118/147
f 207/119/148 205/119/146 206/118/147
f 208/120/149 209/120/150 207/119/148
f 209/120/150 208/120/149 210/121/151
f 191/115/152 211/122/153 199/116/154
f 211/122/153 191/115/152 212/117/155
f 213/115/156 212/117/155 191/115/152
f 214/123/157 211/122/153 212/117/155
f 211/122/153 214/123/157 215/124/158
f 216/119/159 215/124/158 214/123/157
f 216/119/159 214/123/157 217/119/160
f 215/124/158 216/119/159 218/125/161
f 217/119/160 219/120/162 216/119/159
f 220/120/163 218/125/161 216/119/159
f 220/120/163 216/119/159 219/120/162
f 221/126/164 222/127/165 223/128/166
f 222/127/165 221/126/164 224/129/164
f 225/130/167 223/128/166 222/127/165
f 223/128/166 225/130/167 226/131/167
f 227/126/164 228/127/165 229/129/164
f 228/127/165 227/126/164 230/128/166
f 230/128/166 231/130/167 228/127/165
f 231/130/167 230/128/166 232/131/167
f 233/132/168 234/133/169 235/134/170
f 234/133/169 233/132/168 236/135/171
f 237/136/172 236/135/171 233/132/168
f 236/135/171 237/136/172 238/137/173
f 239/132/168 240/133/174 241/135/171
f 240/133/174 239/132/168 242/134/175
f 241/135/171 243/136/176 239/132/168
f 243/136/176 241/135/171 244/137/173
f 245/117/177 246/115/178 247/117/179
f 248/118/180 245/117/177 247/117/179
f 248/118/180 249/123/181 245/117/177
f 250/119/160 249/123/181 248/118/180
f 251/138/182 252/139/183 253/140/183
f 252/139/183 251/138/182 254/141/184
f 255/142/185 254/141/184 251/138/182
f 254/141/184 255/142/185 256/143/185
f 257/139/183 258/138/182 259/140/183
f 258/138/182 257/139/183 260/141/184
f 260/141/184 261/142/185 258/138/182
f 261/142/185 260/141/184 262/143/185
f 263/144/186 264/145/187 265/146/186
f 264/145/187 263/144/186 266/147/188
f 267/146/186 268/145/187 269/144/186
f 269/144/186 268/145/187 270/147/189
f 271/45/190 272/43/190 273/148/190
f 274/45/191 275/148/191 276/43/191
f 277/149/192 278/150/193 279/151/193
f 278/150/193 277/149/192 280/152/194
f 281/149/192 282/150/193 283/152/195
f 282/150/193 281/149/192 284/151/193
f 285/153/196 286/154/197 287/155/198
f 287/155/198 286/154/197 288/156/197
f 289/157/50 290/158/199 291/159/200
f 292/157/67 293/159/201 294/158/202
f 295/155/203 296/154/197 297/153/204
f 296/154/197 295/155/203 298/156/197
f 299/153/205 295/155/203 297/153/204
f 295/155/203 299/153/205 300/160/206
f 301/155/207 302/156/208 295/155/203
f 302/156/208 301/155/207 303/156/209
f 299/153/210 304/161/211 305/153/207
f 306/153/209 305/153/207 304/161/211
f 307/160/212 306/153/209 304/161/211
f 304/161/211 308/153/213 307/160/212
f 309/155/214 307/160/212 308/153/213
f 308/153/213 310/153/215 309/155/214
f 311/156/216 312/155/212 309/155/198
f 312/155/212 311/156/216 313/162/217
f 314/163/218 315/164/218 316/165/218
f 316/165/218 315/164/218 317/166/219
f 315/164/218 314/163/218 318/167/219
f 314/163/218 319/168/219 318/167/219
f 320/169/219 319/168/219 314/163/218
f 319/168/219 320/169/219 321/170/219
f 319/168/219 321/170/219 322/171/219
f 322/171/219 321/170/219 323/172/219
f 324/173/219 323/172/219 321/170/219
f 323/172/219 324/173/219 325/174/219
f 326/175/220 327/176/221 328/177/220
f 327/176/221 326/175/220 329/178/221
f 330/175/220 331/177/220 332/176/221
f 330/175/220 332/176/221 333/178/221
f 334/179/222 335/180/223 336/181/224
f 337/179/56 338/181/225 339/180/55
f 340/175/226 341/178/227 342/175/228
f 341/178/227 340/175/226 343/178/227
f 344/178/229 345/175/230 346/175/231
f 345/175/230 344/178/229 347/178/232
f 348/182/233 349/183/234 350/183/235
f 349/183/236 351/184/237 352/184/238
f 352/184/238 351/184/237 353/185/239
f 354/186/240 353/185/241 355/185/242
f 356/187/243 357/188/244 352/184/238
f 358/189/245 356/187/246 353/185/241
f 357/188/247 359/190/248 350/183/249
f 360/191/250 358/189/251 354/186/252
f 361/182/253 350/183/249 359/190/248
f 362/192/254 348/182/255 361/182/253
f 363/193/256 354/186/240 364/186/257
f 364/186/257 365/193/258 363/193/256
f 363/193/256 366/194/259 360/191/260
f 365/193/261 367/195/262 368/195/263
f 369/196/264 368/195/263 367/195/262
f 368/195/263 369/196/264 370/196/265
f 370/196/265 366/194/266 368/195/263
f 371/197/267 370/196/265 369/196/264
f 366/194/266 370/196/265 372/198/268
f 373/197/269 372/198/268 370/196/265
f 372/198/268 373/197/269 374/199/270
f 374/199/271 375/200/272 376/197/273
f 376/197/274 377/200/275 378/197/276
f 374/199/277 379/200/278 380/201/279
f 381/202/259 380/201/279 379/200/278
f 375/200/280 381/202/266 382/203/281
f 383/203/282 375/200/280 382/203/281
f 384/204/283 382/203/281 381/202/266
f 385/203/284 379/200/285 386/200/286
f 379/200/285 385/203/284 387/203/287
f 388/205/288 387/203/287 385/203/284
f 389/205/289 384/204/290 387/203/287
f 387/203/287 388/205/288 389/205/289
f 388/205/288 390/206/291 389/205/289
f 390/206/291 391/207/292 389/205/289
f 391/207/293 392/205/294 384/204/295
f 393/205/296 382/203/297 392/205/298
f 394/206/299 393/205/296 392/205/298
f 394/206/299 395/206/300 393/205/296
f 396/208/301 394/206/302 391/207/292
f 397/209/303 395/206/300 394/206/299
f 398/210/304 397/209/303 396/208/301
f 399/209/305 396/208/301 390/206/291
f 400/206/306 399/209/305 390/206/291
f 399/209/305 400/206/306 401/209/307
f 402/211/308 403/212/308 404/213/308
f 405/211/309 406/213/309 407/212/309
f 408/214/310 409/214/311 410/215/312
f 411/216/313 409/214/311 408/214/310
f 409/214/311 412/217/314 410/215/312
f 413/214/315 412/217/316 414/218/317
f 413/214/315 415/219/318 416/220/319
f 415/219/318 413/214/315 417/214/320
f 418/215/321 410/215/322 419/221/323
f 410/215/322 420/222/324 419/221/323
f 421/215/325 420/222/324 412/217/326
f 421/215/325 422/215/327 423/221/328
f 423/221/329 424/223/330 420/222/331
f 419/221/332 424/223/333 425/224/334
f 426/221/335 423/221/328 422/215/327
f 427/225/336 425/224/334 424/223/333
f 425/224/334 427/225/336 428/226/337
f 427/225/336 429/227/338 428/226/337
f 423/221/328 426/221/335 430/224/339
f 431/224/340 430/224/339 426/221/335
f 432/226/341 430/224/339 431/224/340
f 427/225/342 430/224/339 433/226/343
f 430/224/339 432/226/341 433/226/343
f 434/228/344 435/229/345 436/230/346
f 435/229/345 434/228/344 437/147/347
f 438/228/344 439/229/345 440/147/348
f 439/229/345 438/228/344 441/230/346
f 442/192/349 362/192/254 361/182/253
f 442/192/349 361/182/253 443/231/350
f 443/231/350 444/232/351 442/192/349
f 445/233/352 442/192/349 444/232/351
f 442/192/349 445/233/352 446/105/103
f 446/105/103 362/192/254 442/192/349
f 362/192/254 446/105/103 447/105/353
f 359/190/354 448/182/355 443/231/356
f 449/192/357 448/182/358 450/192/359
f 448/182/360 451/183/361 452/182/362
f 451/183/361 453/183/363 452/182/362
f 451/183/361 454/184/364 453/183/363
f 451/183/361 357/188/365 454/184/364
f 454/184/366 356/187/243 455/185/367
f 456/184/368 454/184/366 455/185/367
f 455/185/367 457/185/369 456/184/368
f 457/185/369 455/185/367 458/186/370
f 455/185/367 358/189/251 458/186/370
f 458/186/370 360/191/250 459/193/371
f 460/186/372 458/186/370 459/193/371
f 459/193/371 461/193/373 460/186/372
f 461/193/373 459/193/371 462/195/374
f 459/193/371 366/194/266 462/195/374
f 462/195/374 463/195/375 461/193/373
f 462/195/374 464/196/376 463/195/375
f 464/196/376 462/195/374 465/196/377
f 465/196/377 378/197/276 464/196/376
f 466/234/378 467/235/379 468/236/379
f 467/235/379 466/234/378 469/237/378
f 466/234/378 470/238/380 469/237/378
f 470/238/380 466/234/378 471/239/380
f 472/237/378 473/234/378 474/236/379
f 472/237/378 474/236/379 475/235/379
f 476/238/380 473/234/378 472/237/378
f 476/238/380 477/239/380 473/234/378
f 478/235/381 479/235/381 480/237/382
f 480/237/382 481/237/383 478/235/381
f 482/238/208 481/237/383 480/237/382
f 482/238/208 483/238/209 481/237/383
f 483/238/209 484/238/384 485/237/385
f 486/237/386 485/237/385 484/238/384
f 485/237/385 486/237/386 487/235/387
f 488/235/387 487/235/387 486/237/386
f 489/240/388 490/240/389 491/241/390
f 490/240/389 489/240/388 492/242/391
f 493/242/392 492/242/391 489/240/388
f 494/243/393 493/242/392 489/240/388
f 495/244/394 496/244/395 493/242/392
f 496/244/396 497/245/397 498/245/398
f 499/246/399 497/245/400 495/244/394
f 495/244/394 500/247/401 499/246/399
f 494/243/393 501/242/402 500/247/401
f 502/241/403 503/240/404 494/243/405
f 504/248/406 502/241/403 491/241/390
f 502/241/403 504/248/406 505/249/407
f 504/248/406 506/250/408 505/249/407
f 506/250/408 504/248/406 507/251/409
f 508/252/410 506/250/408 507/251/409
f 509/253/411 510/254/412 511/255/413
f 510/254/412 512/256/414 511/255/413
f 510/254/412 509/253/411 513/257/415
f 510/254/412 514/258/416 512/256/414
f 515/259/417 513/257/415 509/253/411
f 514/258/416 516/260/418 512/256/414
f 513/257/415 515/259/417 517/261/419
f 514/258/416 518/262/420 516/260/418
f 519/263/421 517/261/419 515/259/417
f 520/264/422 516/260/418 518/262/420
f 517/261/419 519/263/421 521/265/421
f 518/262/420 522/266/422 520/264/422
f 523/267/423 521/265/421 519/263/421
f 524/268/424 520/264/422 522/266/422
f 523/267/423 519/263/421 525/269/425
f 520/264/422 524/268/424 526/270/426
f 525/269/425 527/271/427 523/267/423
f 528/272/428 526/270/426 524/268/424
f 527/271/427 525/269/425 529/273/429
f 526/270/426 528/272/428 530/274/430
f 531/275/431 527/271/427 529/273/429
f 531/275/431 530/274/430 528/272/428
f 529/273/429 532/276/432 531/275/431
f 530/274/430 531/275/431 532/276/432
f 533/110/433 534/107/434 535/110/435
f 536/108/110 533/110/433 537/109/116
f 535/110/435 538/111/436 533/110/433
f 538/111/436 537/109/116 533/110/433
f 539/104/101 540/101/95 541/103/98
f 542/105/437 543/105/438 540/101/95
f 446/105/103 539/104/101 544/101/100
f 539/104/101 446/105/103 445/233/352
f 545/113/121 546/112/118 538/111/117
f 546/112/130 547/111/439 537/109/111
f 548/110/440 537/109/111 547/111/439
f 547/111/439 549/110/133 548/110/440
f 550/107/441 548/110/440 549/110/133
f 545/113/123 551/111/120 552/113/126
f 552/113/126 553/114/442 545/113/123
f 554/114/122 555/113/131 546/112/130
f 553/114/443 556/116/444 554/114/122
f 556/116/444 553/114/443 557/115/152
f 558/114/445 559/113/138 555/113/131
f 557/115/446 560/114/447 246/115/156
f 561/122/448 562/115/141 556/116/140
f 562/115/141 561/122/448 563/117/143
f 561/122/448 564/118/449 563/117/143
f 564/118/449 565/118/145 563/117/143
f 564/118/449 561/122/448 566/124/450
f 566/124/450 567/119/451 564/118/449
f 567/119/451 566/124/450 568/125/452
f 569/120/453 570/119/454 567/119/148
f 568/125/452 571/120/455 567/119/451
f 571/120/455 568/125/452 572/277/456
f 572/277/456 573/121/457 571/120/455
f 573/121/457 574/121/458 571/120/455
f 574/121/458 573/121/457 575/278/459
f 573/121/457 572/277/456 576/279/460
f 577/278/461 576/279/462 578/280/463
f 577/278/461 579/281/464 580/282/465
f 581/278/466 579/281/467 578/280/468
f 580/282/465 582/283/469 583/284/470
f 584/282/471 582/283/472 579/281/467
f 585/285/473 583/284/470 582/283/469
f 583/284/470 585/285/473 586/286/474
f 587/282/475 584/282/476 581/278/477
f 587/282/475 588/284/478 584/282/476
f 589/278/479 587/282/475 581/278/477
f 588/284/478 587/282/475 590/287/480
f 589/278/479 581/278/477 591/121/481
f 592/121/482 589/278/479 591/121/481
f 592/121/482 591/121/481 593/120/483
f 590/287/480 594/286/484 588/284/478
f 594/286/484 590/287/480 595/286/485
f 594/286/486 596/288/487 585/285/488
f 586/286/474 596/288/487 597/289/489
f 598/290/490 595/286/491 599/290/492
f 598/290/493 600/291/494 596/288/495
f 599/290/492 601/292/496 598/290/490
f 601/292/496 599/290/492 602/292/497
f 602/292/497 603/293/498 601/292/496
f 603/293/498 602/292/497 604/293/499
f 605/294/500 601/292/496 603/293/498
f 605/294/500 606/292/501 600/291/494
f 597/289/502 600/291/494 606/292/501
f 606/292/501 605/294/500 607/293/503
f 608/295/504 607/293/503 605/294/500
f 608/295/505 603/293/506 609/296/507
f 607/293/503 610/292/508 606/292/501
f 611/290/509 606/292/501 610/292/508
f 606/292/501 611/290/509 597/289/502
f 612/286/510 597/289/502 611/290/509
f 609/296/511 604/293/512 613/296/513
f 613/296/513 614/297/514 609/296/511
f 614/297/514 613/296/513 615/298/515
f 616/299/516 609/296/511 614/297/514
f 616/299/517 617/296/518 608/295/504
f 617/296/519 618/293/520 607/293/521
f 618/293/520 617/296/519 619/296/522
f 620/300/523 614/297/524 621/300/525
f 622/301/526 620/300/523 621/300/525
f 616/299/517 620/300/527 623/302/528
f 624/301/529 623/302/528 620/300/527
f 619/296/522 625/297/530 626/298/531
f 627/300/532 626/298/531 625/297/530
f 616/299/517 628/300/533 625/297/534
f 629/301/535 627/300/536 628/300/537
f 630/301/538 629/301/535 628/300/537
f 631/303/539 629/301/535 630/301/538
f 630/301/538 623/302/528 632/304/540
f 633/303/541 632/304/542 624/301/529
f 633/303/541 624/301/529 634/303/543
f 633/303/541 634/303/543 635/305/544
f 635/305/544 636/305/545 633/303/541
f 637/306/546 636/305/545 635/305/544
f 636/305/545 638/307/547 633/303/541
f 639/303/548 632/304/549 638/307/547
f 640/308/550 641/306/551 637/306/552
f 642/308/553 641/306/551 640/308/550
f 643/309/554 642/308/553 644/310/555
f 645/311/556 641/306/557 643/309/558
f 646/305/559 638/307/547 645/311/556
f 647/306/560 646/305/559 645/311/556
f 648/308/561 647/306/562 643/309/563
f 647/306/560 649/306/564 646/305/559
f 650/308/565 649/306/564 647/306/560
f 651/312/566 652/313/567 653/314/568
f 654/315/569 653/314/568 652/313/567
f 653/314/568 655/316/570 651/312/566
f 653/314/568 654/315/569 656/317/571
f 655/316/570 657/318/572 651/312/566
f 658/319/573 656/317/571 654/315/569
f 655/316/570 659/320/574 657/318/572
f 656/317/571 658/319/573 660/321/575
f 659/320/574 661/322/576 657/318/572
f 662/323/577 660/321/575 658/319/573
f 661/322/576 659/320/574 663/324/576
f 660/321/575 662/323/577 664/325/577
f 665/326/578 661/322/576 663/324/576
f 666/327/579 664/325/577 662/323/577
f 661/322/576 665/326/578 667/328/580
f 662/323/577 668/329/581 666/327/579
f 669/330/582 667/328/580 665/326/578
f 670/331/583 666/327/579 668/329/581
f 667/328/580 669/330/582 671/332/584
f 668/329/581 672/333/585 670/331/583
f 673/334/586 671/332/584 669/330/582
f 672/333/585 673/334/586 670/331/583
f 671/332/584 673/334/586 674/335/587
f 673/334/586 672/333/585 674/335/587
f 675/336/588 676/337/589 677/338/590
f 678/339/591 677/338/590 676/337/589
f 676/337/589 675/336/588 679/340/592
f 677/338/590 678/339/591 680/341/593
f 675/336/588 681/342/594 679/340/592
f 682/343/595 680/341/593 678/339/591
f 681/342/594 675/336/588 683/344/596
f 680/341/593 682/343/595 684/345/595
f 685/346/597 681/342/594 683/344/596
f 682/343/595 686/347/598 684/345/595
f 683/344/596 687/348/599 685/346/597
f 686/347/598 682/343/595 688/349/600
f 689/350/601 685/346/597 687/348/599
f 688/349/600 690/351/602 686/347/598
f 687/348/599 691/352/601 689/350/601
f 690/351/602 688/349/600 692/353/603
f 693/354/604 689/350/601 691/352/601
f 694/355/605 690/351/602 692/353/603
f 689/350/601 693/354/604 695/356/606
f 692/353/603 696/357/607 694/355/605
f 697/358/608 695/356/606 693/354/604
f 698/359/609 694/355/605 696/357/607
f 695/356/606 697/358/608 698/359/609
f 694/355/605 698/359/609 697/358/608
f 219/120/162 699/121/482 220/120/163
f 218/125/161 220/120/163 700/277/610
f 701/121/611 700/277/610 220/120/163
f 700/277/610 701/121/611 702/279/612
f 703/278/466 702/279/612 701/121/611
f 702/279/612 703/278/466 704/280/468
f 705/281/467 703/278/466 706/282/613
f 705/281/464 707/278/461 704/280/463
f 702/279/462 707/278/614 708/121/615
f 709/278/459 708/121/615 707/278/614
f 709/278/459 707/278/614 710/282/616
f 711/282/617 710/282/616 707/278/614
f 712/283/469 711/282/465 705/281/464
f 713/284/618 710/282/616 711/282/617
f 712/283/472 706/282/613 714/284/619
f 710/282/616 713/284/618 715/287/620
f 714/284/619 716/285/621 712/283/472
f 717/286/622 715/287/620 713/284/618
f 716/285/621 714/284/619 718/286/486
f 715/287/620 717/286/622 719/286/510
f 720/289/502 719/286/510 717/286/622
f 721/288/487 717/286/474 716/285/473
f 722/291/623 720/289/624 721/288/487
f 721/288/495 718/286/486 723/290/493
f 724/286/491 723/290/493 718/286/486
f 722/291/494 723/290/493 725/292/496
f 725/292/496 726/294/500 722/291/494
f 727/293/506 728/295/505 726/294/500
f 729/293/512 730/296/511 727/293/498
f 730/296/507 731/299/517 728/295/504
f 732/293/503 728/295/504 733/296/518
f 734/292/508 732/293/521 735/293/625
f 733/296/626 731/299/517 736/297/534
f 736/297/534 737/296/522 733/296/626
f 738/300/627 739/300/536 736/297/530
f 738/300/628 731/299/517 740/302/528
f 740/302/528 741/301/538 738/300/628
f 742/300/629 731/299/517 743/297/630
f 744/300/525 743/297/524 745/298/515
f 746/301/631 742/300/523 747/301/526
f 748/303/632 746/301/631 747/301/526
f 740/302/633 746/301/634 749/304/635
f 749/304/549 750/303/548 741/301/538
f 750/303/548 751/303/539 741/301/538
f 751/303/539 750/303/548 752/305/636
f 753/305/637 752/305/636 750/303/548
f 754/306/638 752/305/636 753/305/637
f 755/307/547 753/305/637 750/303/548
f 749/304/542 756/303/639 755/307/547
f 755/307/547 757/305/640 758/311/556
f 759/306/551 758/311/556 757/305/640
f 759/306/551 757/305/640 760/306/641
f 761/308/553 762/309/554 759/306/642
f 762/309/643 763/306/644 758/311/556
f 764/308/561 765/308/645 763/306/560
f 766/310/646 764/308/561 762/309/563
f 767/360/647 768/361/648 769/360/649
f 770/362/650 771/363/651 772/364/652
f 773/365/653 772/364/652 771/363/651
f 773/365/654 774/365/655 775/366/656
f 772/364/652 776/367/657 777/365/658
f 778/366/659 776/367/660 773/365/661
f 779/368/662 780/366/663 776/367/660
f 781/369/664 779/368/662 778/366/665
f 778/366/665 782/369/666 781/369/664
f 781/369/664 782/369/666 783/370/667
f 784/371/668 785/369/669 779/368/662
f 786/370/670 784/371/671 781/369/664
f 785/369/672 787/370/673 788/369/674
f 789/372/675 790/373/676 786/370/677
f 784/371/678 790/373/676 791/370/679
f 792/372/680 791/370/681 793/372/682
f 793/372/682 794/209/683 792/372/680
f 790/373/676 795/210/684 793/372/682
f 796/209/685 795/210/304 789/372/675
f 796/209/686 797/209/687 798/206/300
f 795/210/684 799/208/688 800/209/305
f 801/206/302 799/208/301 796/209/685
f 802/207/292 803/206/291 799/208/688
f 804/205/294 802/207/292 801/206/302
f 803/206/689 805/205/288 806/206/690
f 802/207/691 807/204/692 808/205/693
f 809/203/281 807/204/283 804/205/294
f 809/203/694 810/205/296 811/203/282
f 812/202/259 813/203/695 807/204/290
f 813/203/695 812/202/259 814/200/696
f 815/200/697 811/203/282 816/200/275
f 812/202/266 815/200/272 817/201/279
f 816/200/275 818/197/274 815/200/697
f 815/200/272 819/199/698 817/201/279
f 814/200/699 819/199/270 820/197/700
f 820/197/700 821/200/286 814/200/699
f 821/200/286 820/197/700 822/197/267
f 823/196/265 822/197/267 820/197/700
f 818/197/701 824/198/702 819/199/703
f 824/198/702 818/197/701 825/196/704
f 826/197/276 825/196/704 818/197/701
f 825/196/704 827/194/259 824/198/702
f 827/194/259 825/196/704 828/195/374
f 827/194/266 829/193/371 830/191/705
f 827/194/266 831/193/256 832/195/706
f 832/195/706 831/193/256 833/193/261
f 830/191/250 834/186/252 831/193/707
f 835/185/708 836/186/257 834/186/240
f 837/184/709 835/185/710 838/185/241
f 839/189/251 838/185/241 834/186/252
f 830/191/250 840/186/711 839/189/251
f 840/186/712 841/186/372 842/185/713
f 839/189/245 843/185/714 844/187/246
f 845/184/238 838/185/239 844/187/243
f 844/187/715 846/184/366 847/188/716
f 846/184/364 848/184/717 849/183/718
f 850/374/719 851/375/720 852/376/721
f 853/377/722 850/374/719 852/376/721
f 851/375/720 850/374/719 854/378/723
f 850/374/719 853/377/722 855/379/724
f 856/380/725 851/375/720 854/378/723
f 857/381/726 855/379/724 853/377/722
f 854/378/723 858/382/727 856/380/725
f 855/379/724 857/381/726 859/383/728
f 860/384/729 856/380/725 858/382/727
f 861/385/730 859/383/728 857/381/726
f 858/382/727 862/386/729 860/384/729
f 859/383/728 861/385/730 863/387/730
f 864/388/731 860/384/729 862/386/729
f 861/385/730 865/389/732 863/387/730
f 860/384/729 864/388/731 866/390/733
f 865/389/732 861/385/730 867/391/734
f 868/392/735 866/390/733 864/388/731
f 867/391/734 869/393/736 865/389/732
f 866/390/733 868/392/735 870/394/737
f 869/393/736 867/391/734 871/395/738
f 872/396/739 870/394/737 868/392/735
f 872/396/739 869/393/736 871/395/738
f 870/394/737 872/396/739 873/397/740
f 871/395/738 873/397/740 872/396/739
f 874/398/741 875/399/742 876/400/743
f 877/401/744 876/400/743 875/399/742
f 876/400/743 878/402/745 874/398/741
f 876/400/743 877/401/744 879/403/746
f 878/402/745 880/404/747 874/398/741
f 881/405/748 879/403/746 877/401/744
f 880/404/747 878/402/745 882/406/749
f 879/403/746 881/405/748 883/407/750
f 882/406/749 884/408/751 880/404/747
f 885/409/752 883/407/750 881/405/748
f 884/408/751 882/406/749 886/410/751
f 883/407/750 885/409/752 887/411/753
f 888/412/754 884/408/751 886/410/751
f 889/413/755 887/411/753 885/409/752
f 884/408/751 888/412/754 890/414/756
f 885/409/752 891/415/757 889/413/755
f 892/416/758 890/414/756 888/412/754
f 893/417/759 889/413/755 891/415/757
f 890/414/756 892/416/758 894/418/760
f 891/415/757 895/419/761 893/417/759
f 896/420/762 894/418/760 892/416/758
f 895/419/761 896/420/762 893/417/759
f 894/418/760 896/420/762 897/421/763
f 896/420/762 895/419/761 897/421/763
f 898/422/764 899/423/764 900/424/764
f 901/422/765 902/424/765 903/423/765
f 904/425/766 905/426/767 906/427/768
f 905/426/767 904/425/766 907/428/769
f 904/425/766 908/429/770 907/428/769
f 906/427/768 909/430/771 904/425/766
f 909/430/771 906/427/768 910/431/772
f 910/431/772 911/432/773 909/430/771
f 911/432/773 912/433/774 909/430/771
f 909/430/771 913/434/775 904/425/766
f 912/433/774 913/434/775 909/430/771
f 913/434/775 908/429/770 904/425/766
f 913/434/775 912/433/774 914/435/776
f 914/435/776 908/429/770 913/434/775
f 908/429/770 914/435/776 915/436/777
f 916/437/778 917/438/779 918/439/778
f 918/439/778 917/438/779 919/440/779
f 920/441/780 916/437/778 918/439/778
f 917/438/779 921/442/781 919/440/779
f 922/443/782 916/437/778 920/441/780
f 921/442/781 917/438/779 923/444/781
f 920/441/780 924/445/783 922/443/782
f 923/444/781 925/446/80 921/442/781
f 926/447/784 922/443/782 924/445/783
f 925/446/80 923/444/781 927/448/80
f 924/445/783 928/449/80 926/447/784
f 927/448/80 929/450/785 925/446/80
f 926/447/784 928/449/80 930/451/80
f 925/446/80 929/450/785 931/452/785
f 928/449/80 932/453/786 930/451/80
f 929/450/785 933/454/787 931/452/785
f 932/453/786 928/449/80 934/455/788
f 931/452/785 933/454/787 935/456/789
f 934/455/788 936/457/788 932/453/786
f 933/454/787 937/458/790 935/456/789
f 936/457/788 934/455/788 938/459/791
f 937/458/790 933/454/787 939/460/790
f 938/459/791 939/460/790 936/457/788
f 939/460/790 938/459/791 937/458/790
f 940/461/792 941/462/793 942/463/794
f 941/462/793 940/461/792 943/464/173
f 942/463/794 944/465/795 940/461/792
f 944/465/795 942/463/794 945/466/796
f 945/466/796 946/467/797 944/465/795
f 946/467/797 945/466/796 947/468/798
f 948/461/792 949/463/794 950/462/793
f 948/461/792 950/462/793 951/464/173
f 949/463/794 948/461/792 952/465/795
f 953/466/796 949/463/794 952/465/795
f 954/467/799 953/466/796 952/465/795
f 954/467/799 955/468/800 953/466/796
f 956/182/801 957/182/233 958/183/802
f 958/183/249 959/183/236 845/184/803
f 958/183/249 845/184/803 847/188/247
f 960/190/354 961/231/356 956/182/801
f 847/188/247 962/183/804 960/190/248
f 963/182/360 960/190/248 962/183/804
f 964/192/805 961/231/806 963/182/807
f 961/231/806 964/192/805 965/232/808
f 966/233/809 965/232/808 964/192/805
f 967/192/359 963/182/358 968/182/810
f 964/192/805 969/105/437 966/233/809
f 967/192/811 969/105/437 964/192/805
f 969/105/437 967/192/811 970/105/438
f 966/233/809 969/105/437 170/104/812
f 165/101/95 170/104/812 969/105/437
f 166/101/96 165/101/95 970/105/438
f 971/469/813 972/470/814 973/471/815
f 972/470/814 971/469/813 974/472/814
f 973/471/815 975/473/816 971/469/813
f 976/474/817 972/470/814 974/472/814
f 975/473/816 973/471/815 977/475/818
f 978/476/819 972/470/814 976/474/817
f 977/475/818 979/477/820 975/473/816
f 976/474/817 980/478/821 978/476/819
f 979/477/820 977/475/818 981/479/822
f 982/480/823 978/476/819 980/478/821
f 981/479/822 983/481/824 979/477/820
f 980/478/821 984/482/825 982/480/823
f 979/477/820 983/481/824 985/483/826
f 982/480/823 984/482/825 986/484/827
f 987/485/828 985/483/826 983/481/824
f 984/482/825 988/486/829 986/484/827
f 985/483/826 987/485/828 989/487/830
f 988/486/829 984/482/825 990/488/831
f 991/489/832 989/487/830 987/485/828
f 990/488/831 992/490/833 988/486/829
f 993/491/834 989/487/830 991/489/832
f 992/490/833 990/488/831 994/492/835
f 991/489/832 994/492/835 993/491/834
f 994/492/835 991/489/832 992/490/833
f 995/493/836 996/494/837 997/495/838
f 997/495/838 996/494/837 998/496/839
f 998/496/840 999/497/841 1000/498/842
f 999/497/843 1001/497/844 1002/499/845
f 1003/500/846 1000/498/842 1002/499/847
f 1004/500/848 1003/500/849 1005/499/850
f 1006/501/851 1003/500/849 1004/500/848
f 1003/500/849 1006/501/851 1007/501/852
f 1008/502/853 1007/501/852 1006/501/851
f 1009/503/854 1010/500/855 1000/498/842
f 1010/500/855 1009/503/854 1011/501/856
f 1009/503/854 1012/504/857 1011/501/856
f 1011/501/856 1012/504/857 1013/502/858
f 1014/499/859 1015/499/860 1010/500/861
f 1016/497/862 1015/499/860 1014/499/859
f 1017/497/863 1000/498/842 1015/499/860
f 1017/497/863 1015/499/860 1016/497/862
f 1018/494/864 1017/497/863 1016/497/862
f 1018/494/864 1019/494/865 1017/497/863
f 1019/494/865 998/496/839 1017/497/863
f 1012/504/866 1020/502/867 1021/505/868
f 1013/502/858 1021/505/869 1022/506/870
f 1020/502/871 1023/506/872 1024/506/873
f 1025/507/874 1024/506/873 1023/506/872
f 1021/505/869 1024/506/873 1026/508/875
f 1022/506/870 1026/508/875 1027/507/876
f 1027/507/877 1028/509/878 1029/507/879
f 1026/508/875 1030/507/880 1031/510/881
f 1027/507/877 1031/510/881 1032/509/882
f 1030/507/883 1033/509/884 1034/509/885
f 1031/510/881 1034/509/885 1035/511/886
f 1032/509/887 1036/512/888 1028/509/878
f 1036/512/888 1032/509/887 1037/512/889
f 1032/509/887 1035/511/890 1037/512/889
f 1038/513/891 1037/512/889 1035/511/890
f 1037/512/889 1039/514/892 1036/512/888
f 1040/515/893 1037/512/889 1038/513/891
f 1039/514/892 1037/512/889 1041/514/894
f 1037/512/889 1040/515/893 1041/514/894
f 1041/514/894 1042/516/895 1039/514/892
f 1043/517/896 1044/518/897 1045/519/898
f 1046/520/899 1045/519/898 1044/518/897
f 1044/518/897 1043/517/896 1047/521/900
f 1044/518/897 1048/522/901 1046/520/899
f 1049/523/902 1047/521/900 1043/517/896
f 1048/522/901 1050/524/903 1046/520/899
f 1047/521/900 1049/523/902 1051/525/904
f 1050/524/903 1048/522/901 1052/526/905
f 1053/527/906 1051/525/904 1049/523/902
f 1052/526/905 1054/528/907 1050/524/903
f 1051/525/904 1053/527/906 1055/529/906
f 1054/528/907 1052/526/905 1056/530/907
f 1057/531/908 1055/529/906 1053/527/906
f 1058/532/909 1054/528/907 1056/530/907
f 1053/527/906 1059/533/910 1057/531/908
f 1054/528/907 1058/532/909 1060/534/911
f 1061/535/912 1057/531/908 1059/533/910
f 1062/536/913 1060/534/911 1058/532/909
f 1059/533/910 1063/537/914 1061/535/912
f 1060/534/911 1062/536/913 1064/538/915
f 1063/537/914 1065/539/916 1061/535/912
f 1065/539/916 1064/538/915 1062/536/913
f 1065/539/916 1063/537/914 1066/540/917
f 1064/538/915 1065/539/916 1066/540/917
f 1067/541/918 1068/542/919 1069/543/920
f 1068/542/919 1067/541/918 1070/544/921
f 1067/541/918 1071/545/922 1070/544/921
f 1067/541/918 1072/546/923 1071/545/922
f 1071/545/922 1072/546/923 1073/547/924
f 1072/546/923 1074/548/925 1073/547/924
f 1075/549/926 1076/550/927 1077/551/928
f 1078/552/929 1077/551/928 1076/550/927
f 1076/550/927 1075/549/926 1079/553/930
f 1077/551/928 1078/552/929 1080/554/931
f 1081/555/932 1080/554/931 1078/552/929
f 1080/554/931 1081/555/932 1082/556/932
f 1083/557/933 1079/553/930 1075/549/926
f 1079/553/930 1083/557/933 1084/558/934
f 1085/559/935 1084/558/934 1083/557/933
f 1084/558/934 1085/559/935 1086/560/936
f 1087/561/347 1086/560/936 1085/559/935
f 1086/560/936 1087/561/347 1088/562/937
f 1089/550/927 1090/549/926 1091/551/928
f 1090/549/926 1089/550/927 1092/553/930
f 1091/551/928 1093/552/929 1089/550/927
f 1092/553/930 1094/557/933 1090/549/926
f 1093/552/929 1091/551/928 1095/554/931
f 1095/554/931 1096/555/932 1093/552/929
f 1096/555/932 1095/554/931 1097/556/932
f 1094/557/933 1092/553/930 1098/558/934
f 1098/558/934 1099/559/935 1094/557/933
f 1099/559/935 1098/558/934 1100/560/936
f 1100/560/936 1101/561/347 1099/559/935
f 1101/561/347 1100/560/936 1102/562/344
f 1103/107/113 1104/102/938 1105/102/105
f 1105/102/105 1104/102/938 1106/101/939
f 1105/102/105 1107/106/104 1103/107/113
f 536/108/110 1103/107/113 1107/106/104
f 1106/101/939 544/101/100 1105/102/105
f 544/101/100 1106/101/939 447/105/102
f 544/101/100 541/103/99 1105/102/105
f 541/103/99 1108/102/109 1107/106/940
f 1109/102/941 1108/102/942 1110/101/96
f 1109/102/941 1111/107/943 1108/102/942
f 1111/107/943 1109/102/941 534/107/434
f 534/107/434 533/110/433 1111/107/943
f 533/110/433 536/108/110 1111/107/943
f 1112/563/944 1113/564/945 1114/565/946
f 1115/566/947 1112/563/944 1114/565/946
f 1113/564/945 1112/563/944 1116/567/948
f 1112/563/944 1115/566/947 1117/568/949
f 1118/569/950 1113/564/945 1116/567/948
f 1119/570/951 1117/568/949 1115/566/947
f 1116/567/948 1120/571/952 1118/569/950
f 1117/568/949 1119/570/951 1121/572/953
f 1122/573/954 1118/569/950 1120/571/952
f 1123/574/955 1121/572/953 1119/570/951
f 1120/571/952 1124/575/956 1122/573/954
f 1121/572/953 1123/574/955 1125/576/955
f 1126/577/957 1122/573/954 1124/575/956
f 1123/574/955 1127/578/958 1125/576/955
f 1122/573/954 1126/577/957 1128/579/959
f 1127/578/958 1123/574/955 1129/580/960
f 1130/581/961 1128/579/959 1126/577/957
f 1131/582/962 1127/578/958 1129/580/960
f 1128/579/959 1130/581/961 1132/583/963
f 1131/582/962 1129/580/960 1133/584/964
f 1134/585/965 1132/583/963 1130/581/961
f 1134/585/965 1131/582/962 1133/584/964
f 1132/583/963 1134/585/965 1135/586/966
f 1133/584/964 1135/586/966 1134/585/965
f 1136/587/967 1137/588/968 1138/589/969
f 1139/590/970 1136/587/967 1138/589/969
f 1137/588/968 1136/587/967 1140/591/971
f 1136/587/967 1139/590/970 1141/592/972
f 1142/593/973 1137/588/968 1140/591/971
f 1143/594/974 1141/592/972 1139/590/970
f 1140/591/971 1144/595/975 1142/593/973
f 1141/592/972 1143/594/974 1145/596/976
f 1146/597/977 1142/593/973 1144/595/975
f 1147/598/978 1145/596/976 1143/594/974
f 1144/595/975 1148/599/977 1146/597/977
f 1145/596/976 1147/598/978 1149/600/978
f 1150/601/979 1146/597/977 1148/599/977
f 1147/598/978 1151/602/980 1149/600/978
f 1146/597/977 1150/601/979 1152/603/981
f 1151/602/980 1147/598/978 1153/604/982
f 1154/605/983 1152/603/981 1150/601/979
f 1153/604/982 1155/606/984 1151/602/980
f 1152/603/981 1154/605/983 1156/607/985
f 1155/606/984 1153/604/982 1157/608/986
f 1158/609/987 1156/607/985 1154/605/983
f 1158/609/987 1155/606/984 1157/608/986
f 1156/607/985 1158/609/987 1159/610/988
f 1157/608/986 1159/610/988 1158/609/987
f 1160/611/989 1161/612/989 1162/613/989
f 1163/611/990 1164/613/990 1165/612/990
f 1166/614/991 1167/615/992 1168/616/993
f 1167/615/992 1166/614/991 1169/617/992
f 1168/616/993 1170/618/994 1166/614/991
f 1170/618/994 1168/616/993 1171/619/995
f 1171/619/995 1172/620/996 1170/618/994
f 1172/620/996 1171/619/995 1173/145/996
f 1174/614/991 1175/616/993 1176/615/992
f 1174/614/991 1176/615/992 1177/617/992
f 1178/618/994 1175/616/993 1174/614/991
f 1178/618/994 1179/619/997 1175/616/993
f 1180/620/996 1179/619/997 1178/618/994
f 1180/620/996 1181/145/996 1179/619/997
f 1182/621/998 1183/622/999 1184/623/1000
f 1183/622/999 1182/621/998 1185/624/1001
f 1186/625/1002 1184/623/1000 1183/622/999
f 1184/623/1000 1186/625/1002 1187/626/1002
f 1187/626/1002 1186/625/1002 1188/627/1003
f 1188/627/1003 1186/625/1002 1189/628/1004
f 1190/629/1005 1191/630/1006 1192/631/1007
f 1191/630/1006 1190/629/1005 1193/632/1008
f 1194/633/1009 1192/631/1007 1191/630/1006
f 1192/631/1007 1194/633/1009 1195/634/1010
f 1195/634/1010 1194/633/1009 1196/635/1011
f 1196/635/1011 1194/633/1009 1197/636/1012
f 1198/637/1013 1199/638/1014 1200/639/1014
f 1201/640/1015 1200/639/1014 1199/638/1014
f 1199/638/1014 1198/637/1013 1202/641/1016
f 1199/638/1014 1203/642/1017 1201/640/1015
f 1204/643/1018 1202/641/1016 1198/637/1013
f 1203/642/1017 1205/644/1019 1201/640/1015
f 1202/641/1016 1204/643/1018 1206/645/1020
f 1205/644/1019 1203/642/1017 1207/646/1021
f 1208/647/1022 1206/645/1020 1204/643/1018
f 1207/646/1021 1209/648/1023 1205/644/1019
f 1206/645/1020 1208/647/1022 1210/649/1022
f 1209/648/1023 1207/646/1021 1211/650/1023
f 1212/651/1024 1210/649/1022 1208/647/1022
f 1213/652/1025 1209/648/1023 1211/650/1023
f 1208/647/1022 1214/653/1026 1212/651/1024
f 1209/648/1023 1213/652/1025 1215/654/1027
f 1216/655/1028 1212/651/1024 1214/653/1026
f 1217/656/1029 1215/654/1027 1213/652/1025
f 1214/653/1026 1218/657/1030 1216/655/1028
f 1215/654/1027 1217/656/1029 1219/658/1031
f 1218/657/1030 1220/659/1032 1216/655/1028
f 1220/659/1032 1219/658/1031 1217/656/1029
f 1220/659/1032 1218/657/1030 1221/660/1032
f 1219/658/1031 1220/659/1032 1221/660/1032
f 1222/661/1033 1223/662/1034 1224/663/1035
f 1223/662/1034 1222/661/1033 1225/664/1033
f 1222/661/1033 1226/665/1036 1225/664/1033
f 1222/661/1033 1227/666/1037 1226/665/1036
f 1226/665/1036 1227/666/1037 1228/667/1038
f 1227/666/1037 1229/668/1039 1228/667/1038
f 1230/196/1040 1231/669/1041 1232/195/1042
f 1231/669/1041 1230/196/1040 1233/197/1043
f 1234/670/1044 1231/669/1041 1233/197/1043
f 1234/670/1044 1233/197/1043 1235/671/1044
f 1231/669/1041 1234/670/1044 1236/672/1045
f 1237/200/1044 1235/671/1044 1233/197/1043
f 1235/671/1044 1237/200/1044 1238/673/1046
f 1238/673/1046 1237/200/1044 1239/203/1047
f 1238/673/1046 1239/203/1047 1240/674/1048
f 1239/203/1047 1241/675/1049 1240/674/1048
f 1241/675/1049 1239/203/1047 1242/205/1050
f 1241/675/1049 1242/205/1050 1243/206/1051
f 1241/675/1049 1243/206/1051 1244/676/1052
f 1245/677/1053 1244/676/1052 1243/206/1051
f 1246/209/1052 1245/677/1053 1243/206/1051
f 1245/677/1053 1246/209/1052 1247/678/1052
f 1248/372/1054 1247/678/1052 1246/209/1052
f 1247/678/1052 1248/372/1054 1249/679/1055
f 1248/372/1054 1250/680/1056 1249/679/1055
f 1247/678/1052 1249/679/1055 1251/681/1053
f 1252/370/1056 1250/680/1056 1248/372/1054
f 1253/682/1052 1247/678/1052 1251/681/1053
f 1250/680/1056 1252/370/1056 1254/683/1057
f 1247/678/1052 1253/682/1052 1255/684/1058
f 1256/369/1056 1254/683/1057 1252/370/1056
f 1257/685/1052 1255/684/1058 1253/682/1052
f 1254/683/1057 1256/369/1056 1258/686/1056
f 1255/684/1058 1257/685/1052 1259/687/1052
f 1260/366/1059 1258/686/1056 1256/369/1056
f 1261/688/1060 1262/689/1061 1263/690/1060
f 1262/689/1061 1261/688/1060 1264/691/1062
f 1265/692/1063 1263/690/1060 1262/689/1061
f 1262/689/1061 1264/691/1062 1266/693/1064
f 1265/692/1063 1262/689/1061 1267/694/1065
f 1264/691/1062 1268/695/1066 1266/693/1064
f 1269/696/1067 1265/692/1063 1267/694/1065
f 1266/693/1064 1268/695/1066 1270/697/1066
f 1265/692/1063 1269/696/1067 1271/698/1068
f 1272/699/1069 1270/697/1066 1268/695/1066
f 1273/700/1070 1271/698/1068 1269/696/1067
f 1270/697/1066 1272/699/1069 1274/701/1071
f 1271/698/1068 1273/700/1070 1275/702/1070
f 1276/703/1065 1274/701/1071 1272/699/1069
f 1275/702/1070 1273/700/1070 1277/704/1067
f 1277/704/1067 1274/701/1071 1276/703/1065
f 1274/701/1071 1277/704/1067 1273/700/1070
f 1278/690/1072 1279/689/1073 1280/688/1074
f 1279/689/1073 1281/691/1075 1280/688/1074
f 1279/689/1073 1278/690/1072 1282/692/1076
f 1281/691/1075 1279/689/1073 1283/693/1077
f 1279/689/1073 1282/692/1076 1284/694/1078
f 1283/693/1077 1285/695/1079 1281/691/1075
f 1282/692/1076 1286/696/1078 1284/694/1078
f 1285/695/1079 1283/693/1077 1287/697/1080
f 1288/698/1081 1286/696/1078 1282/692/1076
f 1285/695/1079 1287/697/1080 1289/699/1082
f 1288/698/1081 1290/700/1078 1286/696/1078
f 1289/699/1082 1287/697/1080 1291/701/1083
f 1290/700/1078 1288/698/1081 1292/702/1084
f 1291/701/1083 1293/703/1081 1289/699/1082
f 1294/704/1078 1290/700/1078 1292/702/1084
f 1291/701/1083 1294/704/1078 1293/703/1081
f 1290/700/1078 1294/704/1078 1291/701/1083
f 1295/501/1085 1296/705/1086 1297/706/1087
f 1296/705/1086 1295/501/1085 1298/707/1086
f 1298/707/1086 1295/501/1085 1299/708/1088
f 1300/502/1089 1299/708/1088 1295/501/1085
f 1299/708/1088 1300/502/1089 1301/709/1090
f 1301/709/1090 1300/502/1089 1302/710/1091
f 1295/501/1085 1297/706/1087 1303/500/1092
f 1303/500/1092 1297/706/1087 1304/711/1093
f 1303/500/1092 1304/711/1093 1305/712/1093
f 1306/713/1094 1303/500/1092 1305/712/1093
f 1303/500/1092 1306/713/1094 1307/499/1093
f 1308/497/1095 1307/499/1093 1306/713/1094
f 1309/506/1096 1302/710/1091 1300/502/1089
f 1302/710/1091 1309/506/1096 1310/714/1090
f 1310/714/1090 1309/506/1096 1311/715/1097
f 1309/506/1096 1231/669/1041 1311/715/1097
f 1311/715/1097 1231/669/1041 1236/672/1045
f 1231/669/1041 1309/506/1096 1312/507/1098
f 1313/716/1099 1308/497/1095 1306/713/1094
f 1314/717/1100 1308/497/1095 1313/716/1099
f 1308/497/1095 1314/717/1100 1315/494/1100
f 1313/716/1099 1316/718/1101 1314/717/1100
f 1316/718/1101 1313/716/1099 1317/719/1099
f 1313/716/1099 1318/720/1099 1317/719/1099
f 1317/719/1099 1319/721/1102 1316/718/1101
f 1319/721/1102 1320/722/1103 1316/718/1101
f 1320/722/1103 1319/721/1102 1321/723/1104
f 1322/500/1105 1323/706/1106 1324/501/1107
f 1324/501/1107 1323/706/1106 1325/705/1108
f 1324/501/1107 1325/705/1108 1326/707/1108
f 1324/501/1107 1326/707/1108 1327/708/1109
f 1327/708/1109 1328/502/1110 1324/501/1107
f 1328/502/1110 1327/708/1109 1329/709/1111
f 1330/710/1111 1328/502/1110 1329/709/1111
f 1328/502/1110 1330/710/1111 1331/506/1112
f 1331/506/1112 1330/710/1111 1332/714/1110
f 1333/715/1113 1331/506/1112 1332/714/1110
f 1333/715/1113 1334/669/1114 1331/506/1112
f 1331/506/1112 1334/669/1114 1335/507/1115
f 1334/669/1114 1333/715/1113 1336/672/1116
f 1323/706/1106 1322/500/1105 1337/711/1117
f 1338/724/1117 1323/706/1106 1337/711/1117
f 1337/711/1117 1339/725/1118 1338/724/1117
f 1322/500/1105 1340/712/1119 1337/711/1117
f 1337/711/1117 1341/726/1120 1339/725/1118
f 1322/500/1105 1342/713/1121 1340/712/1119
f 1341/726/1120 1343/727/1122 1339/725/1118
f 1342/713/1121 1322/500/1105 1344/499/1119
f 1345/497/1123 1342/713/1121 1344/499/1119
f 1343/727/1122 1341/726/1120 1346/728/1124
f 1346/728/1124 1347/729/1125 1343/727/1122
f 1346/728/1124 1348/730/1126 1347/729/1125
f 1346/728/1124 1349/731/1126 1348/730/1126
f 1349/731/1126 1346/728/1124 1350/732/1126
f 1350/732/1126 1351/733/1127 1349/731/1126
f 1351/733/1127 1350/732/1126 1352/734/1128
f 1352/734/1128 1353/735/1129 1351/733/1127
f 1354/736/1130 1355/737/1131 1356/738/1132
f 1355/737/1131 1354/736/1130 1357/739/1133
f 1358/740/1134 1356/738/1132 1355/737/1131
f 1356/738/1132 1358/740/1134 1359/741/1135
f 1359/741/1135 1358/740/1134 1360/742/1136
f 1360/742/1136 1358/740/1134 1361/743/1137
f 1362/744/1138 1363/745/1139 1364/746/1140
f 1365/747/1141 1362/744/1138 1364/746/1140
f 1363/745/1139 1362/744/1138 1366/748/1142
f 1362/744/1138 1365/747/1141 1367/749/1143
f 1368/750/1144 1363/745/1139 1366/748/1142
f 1369/751/1145 1367/749/1143 1365/747/1141
f 1366/748/1142 1370/752/1146 1368/750/1144
f 1367/749/1143 1369/751/1145 1371/753/1147
f 1372/754/1148 1368/750/1144 1370/752/1146
f 1373/755/1149 1371/753/1147 1369/751/1145
f 1370/752/1146 1374/756/1150 1372/754/1148
f 1371/753/1147 1373/755/1149 1375/757/1151
f 1376/758/1152 1372/754/1148 1374/756/1150
f 1373/755/1149 1377/759/1153 1375/757/1151
f 1372/754/1148 1376/758/1152 1378/760/1154
f 1377/759/1153 1373/755/1149 1379/761/1155
f 1380/762/1156 1378/760/1154 1376/758/1152
f 1379/761/1155 1381/763/1157 1377/759/1153
f 1378/760/1154 1380/762/1156 1382/764/1158
f 1381/763/1157 1379/761/1155 1383/765/1159
f 1384/766/1160 1382/764/1158 1380/762/1156
f 1384/766/1160 1381/763/1157 1383/765/1159
f 1382/764/1158 1384/766/1160 1385/767/1161
f 1383/765/1159 1385/767/1161 1384/766/1160
f 1386/768/1162 1387/360/1163 1388/360/1164
f 1389/361/1165 1388/360/1164 1387/360/1163
f 1387/360/1163 1386/768/1162 1390/768/1166
f 1391/769/1167 1390/768/1166 1386/768/1162
f 1390/768/1166 1391/769/1167 1392/769/1168
f 1390/768/1166 1393/770/1169 1387/360/1163
f 1387/360/1163 1394/771/1170 1389/361/1165
f 1395/772/1171 1396/773/1172 1397/774/1173
f 1397/774/1173 1396/773/1172 1398/775/1174
f 1399/776/1175 1396/773/1172 1395/772/1171
f 1396/773/1172 1399/776/1175 1400/777/1176
f 1399/776/1175 1401/778/1177 1400/777/1176
f 1401/778/1177 1399/776/1175 1402/779/1178
f 1403/780/1179 1404/781/1180 1405/782/1181
f 1406/783/1182 1405/782/1181 1404/781/1180
f 1404/781/1180 1403/780/1179 1407/784/1183
f 1404/781/1180 1408/785/1184 1406/783/1182
f 1409/786/1185 1407/784/1183 1403/780/1179
f 1408/785/1184 1410/787/1186 1406/783/1182
f 1407/784/1183 1409/786/1185 1411/788/1187
f 1410/787/1186 1408/785/1184 1412/789/1188
f 1413/790/1189 1411/788/1187 1409/786/1185
f 1412/789/1188 1414/791/1190 1410/787/1186
f 1411/788/1187 1413/790/1189 1415/792/1189
f 1414/791/1190 1412/789/1188 1416/793/1190
f 1417/794/1191 1415/792/1189 1413/790/1189
f 1418/795/1192 1414/791/1190 1416/793/1190
f 1413/790/1189 1419/796/1193 1417/794/1191
f 1414/791/1190 1418/795/1192 1420/797/1194
f 1421/798/1195 1417/794/1191 1419/796/1193
f 1422/799/1196 1420/797/1194 1418/795/1192
f 1419/796/1193 1423/800/1197 1421/798/1195
f 1420/797/1194 1422/799/1196 1424/801/1198
f 1423/800/1197 1425/802/1199 1421/798/1195
f 1425/802/1199 1424/801/1198 1422/799/1196
f 1425/802/1199 1423/800/1197 1426/803/1200
f 1424/801/1198 1425/802/1199 1426/803/1200
f 1427/804/1201 1428/805/1202 1429/806/1203
f 1430/807/1204 1427/804/1201 1429/806/1203
f 1431/808/1204 1427/804/1201 1430/807/1204
f 1427/804/1201 1431/808/1204 1432/809/1205
f 1427/804/1201 1433/810/1206 1428/805/1202
f 1433/810/1206 1434/811/1207 1428/805/1202
f 1435/812/1207 1434/811/1207 1433/810/1206
f 1434/811/1207 1435/812/1207 1436/813/1207
f 1436/813/1207 1435/812/1207 1437/814/1207
f 1437/814/1207 1438/815/1207 1436/813/1207
f 1438/815/1207 1437/814/1207 1439/816/1206
f 1433/810/1206 1427/804/1201 1440/817/1208
f 1427/804/1201 1432/809/1205 1440/817/1208
f 1441/818/1209 1440/817/1208 1432/809/1205
f 1440/817/1208 1441/818/1209 1442/819/1210
f 1443/820/1211 1440/817/1208 1442/819/1210
f 1444/821/1212 1443/820/1211 1442/819/1210
f 1443/820/1211 1444/821/1212 1445/822/1212
f 1444/821/1212 1446/823/1213 1445/822/1212
f 1446/823/1213 1447/824/1212 1445/822/1212
f 1446/823/1213 1448/825/1212 1447/824/1212
f 1449/826/1211 1445/822/1212 1447/824/1212
f 1450/827/1211 1449/826/1211 1447/824/1212
f 1449/826/1211 1450/827/1211 1451/828/1212
f 1438/815/1207 1439/816/1206 1452/829/1214
f 1453/830/1207 1452/829/1214 1439/816/1206
f 1454/831/1207 1452/829/1214 1453/830/1207
f 1455/832/1215 1452/829/1214 1454/831/1207
f 1456/833/1216 1452/829/1214 1455/832/1215
f 1452/829/1214 1456/833/1216 1457/834/1217
f 1458/835/1217 1456/833/1216 1455/832/1215
f 1459/836/1217 1457/834/1217 1456/833/1216
f 1456/833/1216 1458/835/1217 1460/837/1218
f 1457/834/1217 1459/836/1217 1461/838/1217
f 1462/839/1218 1460/837/1218 1458/835/1217
f 1463/840/1217 1461/838/1217 1459/836/1217
f 1460/837/1218 1462/839/1218 1464/841/1218
f 1463/840/1217 1465/842/1219 1461/838/1217
f 1462/839/1218 1466/843/1218 1464/841/1218
f 1463/840/1217 1467/844/1220 1465/842/1219
f 1462/839/1218 1468/845/1221 1466/843/1218
f 1467/844/1220 1469/846/1222 1465/842/1219
f 1468/845/1221 1470/847/1223 1466/843/1218
f 1470/847/1223 1468/845/1221 1471/848/1224
f 1472/849/1222 1470/847/1223 1471/848/1224
f 1470/847/1223 1472/849/1222 1473/850/1222
f 1474/851/1222 1473/850/1222 1472/849/1222
f 1475/852/1222 1469/846/1222 1467/844/1220
f 1473/850/1222 1474/851/1222 1475/852/1222
f 1475/852/1222 1476/853/1222 1469/846/1222
f 1477/854/1222 1475/852/1222 1474/851/1222
f 1476/853/1222 1475/852/1222 1477/854/1222
f 1476/853/1222 1477/854/1222 1478/855/1225
f 1479/804/1226 1480/806/1227 1481/805/1228
f 1479/804/1226 1482/807/1229 1480/806/1227
f 1482/807/1229 1479/804/1226 1483/808/1230
f 1483/808/1230 1479/804/1226 1484/809/1231
f 1481/805/1228 1485/810/1232 1479/804/1226
f 1486/811/1233 1485/810/1232 1481/805/1228
f 1485/810/1232 1486/811/1233 1487/812/1233
f 1488/813/1233 1487/812/1233 1486/811/1233
f 1487/812/1233 1488/813/1233 1489/814/1232
f 1490/815/1232 1489/814/1232 1488/813/1233
f 1489/814/1232 1490/815/1232 1491/816/1234
f 1492/817/1235 1479/804/1226 1485/810/1232
f 1484/809/1231 1479/804/1226 1492/817/1235
f 1492/817/1235 1493/818/1236 1484/809/1231
f 1493/818/1236 1492/817/1235 1494/819/1237
f 1492/817/1235 1495/820/1238 1494/819/1237
f 1496/821/1239 1494/819/1237 1495/820/1238
f 1495/820/1238 1497/822/1239 1496/821/1239
f 1497/822/1239 1498/823/1239 1496/821/1239
f 1499/824/1239 1498/823/1239 1497/822/1239
f 1498/823/1239 1499/824/1239 1500/825/1239
f 1501/826/1239 1499/824/1239 1497/822/1239
f 1499/824/1239 1501/826/1239 1502/827/1238
f 1502/827/1238 1501/826/1239 1503/828/1239
f 1491/816/1234 1490/815/1232 1504/829/1240
f 1491/816/1234 1504/829/1240 1505/830/1232
f 1504/829/1240 1506/831/1232 1505/830/1232
f 1506/831/1232 1504/829/1240 1507/832/1241
f 1504/829/1240 1508/833/1242 1507/832/1241
f 1507/832/1241 1508/833/1242 1509/835/1242
f 1508/833/1242 1504/829/1240 1510/834/1243
f 1511/837/1242 1509/835/1242 1508/833/1242
f 1512/836/1244 1508/833/1242 1510/834/1243
f 1509/835/1242 1511/837/1242 1513/839/1242
f 1514/838/1244 1512/836/1244 1510/834/1243
f 1513/839/1242 1511/837/1242 1515/841/1242
f 1512/836/1244 1514/838/1244 1516/840/1242
f 1517/843/1242 1513/839/1242 1515/841/1242
f 1518/842/1245 1516/840/1242 1514/838/1244
f 1513/839/1242 1517/843/1242 1519/845/1242
f 1516/840/1242 1518/842/1245 1520/844/1246
f 1517/843/1242 1521/847/1247 1519/845/1242
f 1522/846/1248 1520/844/1246 1518/842/1245
f 1519/845/1242 1521/847/1247 1523/848/1249
f 1521/847/1247 1524/849/1248 1523/848/1249
f 1524/849/1248 1521/847/1247 1525/850/1248
f 1524/849/1248 1525/850/1248 1526/851/1250
f 1520/844/1246 1522/846/1248 1527/852/1248
f 1526/851/1250 1525/850/1248 1527/852/1248
f 1528/853/1251 1527/852/1248 1522/846/1248
f 1527/852/1248 1529/854/1250 1526/851/1250
f 1529/854/1250 1527/852/1248 1528/853/1251
f 1529/854/1250 1528/853/1251 1530/855/1250
f 1531/856/1252 1532/278/1253 1533/282/1254
f 1531/856/1252 1534/121/1255 1532/278/1253
f 1534/121/1255 1531/856/1252 1535/516/1256
f 1535/516/1256 1536/120/1257 1534/121/1255
f 1536/120/1257 1535/516/1256 1537/514/1258
f 1537/514/1258 1538/119/1259 1536/120/1257
f 1539/512/1260 1538/119/1259 1537/514/1258
f 1538/119/1259 1539/512/1260 1540/857/1261
f 1541/509/1262 1540/857/1261 1539/512/1260
f 1540/857/1261 1542/118/1263 1538/119/1259
f 1542/118/1263 1540/857/1261 1543/117/1264
f 1540/857/1261 1544/115/1264 1543/117/1264
f 1335/507/1115 1540/857/1261 1541/509/1262
f 1544/115/1264 1540/857/1261 1545/114/1265
f 1540/857/1261 1335/507/1115 1334/669/1114
f 1545/114/1265 1540/857/1261 1546/195/1266
f 1546/195/1266 1540/857/1261 1334/669/1114
f 1545/114/1265 1546/195/1266 1547/193/1267
f 1545/114/1265 1547/193/1267 1548/113/1268
f 1549/186/1269 1548/113/1268 1547/193/1267
f 1548/113/1268 1549/186/1269 1550/111/1270
f 1550/111/1270 1549/186/1269 1551/110/1271
f 1552/185/1271 1551/110/1271 1549/186/1269
f 1551/110/1271 1552/185/1271 1553/107/1271
f 1553/107/1271 1552/185/1271 1554/184/1271
f 1555/183/1271 1553/107/1271 1554/184/1271
f 1553/107/1271 1555/183/1271 1556/102/1271
f 1556/102/1271 1555/183/1271 1557/182/1272
f 1556/102/1271 1557/182/1272 1558/101/1273
f 1558/101/1273 1557/182/1272 1559/192/1274
f 1558/101/1273 1559/192/1274 1560/105/1274
f 1334/669/1114 1561/196/1275 1546/195/1266
f 1561/196/1275 1334/669/1114 1562/197/1276
f 1334/669/1114 1563/670/1277 1562/197/1276
f 1562/197/1276 1563/670/1277 1564/671/1278
f 1563/670/1277 1334/669/1114 1336/672/1116
f 1564/671/1278 1565/200/1277 1562/197/1276
f 1565/200/1277 1564/671/1278 1566/673/1279
f 1565/200/1277 1566/673/1279 1567/203/1280
f 1568/674/1281 1567/203/1280 1566/673/1279
f 1569/675/1282 1567/203/1280 1568/674/1281
f 1567/203/1280 1569/675/1282 1570/205/1283
f 1569/675/1282 1571/206/1284 1570/205/1283
f 1569/675/1282 1572/676/1285 1571/206/1284
f 1573/677/1285 1571/206/1284 1572/676/1285
f 1571/206/1284 1573/677/1285 1574/209/1285
f 1573/677/1285 1575/678/1285 1574/209/1285
f 1575/678/1285 1576/372/1286 1574/209/1285
f 1576/372/1286 1575/678/1285 1577/679/1287
f 1577/679/1287 1575/678/1285 1578/681/1288
f 1579/680/1289 1576/372/1286 1577/679/1287
f 1575/678/1285 1580/682/1288 1578/681/1288
f 1576/372/1286 1579/680/1289 1581/370/1289
f 1582/684/1288 1580/682/1288 1575/678/1285
f 1583/683/1289 1581/370/1289 1579/680/1289
f 1580/682/1288 1582/684/1288 1584/685/1285
f 1581/370/1289 1583/683/1289 1585/369/1289
f 1582/684/1288 1586/687/1288 1584/685/1285
f 1585/369/1289 1583/683/1289 1587/686/1289
f 1586/687/1288 1588/858/1285 1584/685/1285
f 1587/686/1289 1589/366/1290 1585/369/1289
f 1590/859/1288 1588/858/1285 1586/687/1288
f 1589/366/1290 1587/686/1289 1591/860/1291
f 1588/858/1285 1590/859/1288 1592/861/1285
f 1593/862/1292 1589/366/1290 1591/860/1291
f 1592/861/1285 1590/859/1288 1594/863/1288
f 1593/862/1292 1595/365/1292 1589/366/1290
f 1596/864/1285 1594/863/1288 1590/859/1288
f 1597/865/1293 1595/365/1292 1593/862/1292
f 1594/863/1288 1596/864/1285 1598/866/1288
f 1598/866/1288 1596/864/1285 1599/867/1285
f 1600/868/1285 1599/867/1285 1596/864/1285
f 1595/365/1292 1597/865/1293 1601/363/1294
f 1601/363/1294 1597/865/1293 1602/869/1292
f 1603/870/1295 1601/363/1294 1602/869/1292
f 1604/871/1296 1601/363/1294 1603/870/1295
f 1603/870/1295 1605/872/1297 1604/871/1296
f 1606/252/1296 1605/872/1297 1603/870/1295
f 1605/872/1297 1606/252/1296 1607/873/1298
f 1603/870/1295 1608/874/1299 1606/252/1296
f 1607/873/1298 1609/361/1300 1605/872/1297
f 1608/874/1299 1603/870/1295 1610/875/1119
f 1609/361/1300 1607/873/1298 1611/248/1300
f 1612/876/1119 1608/874/1299 1610/875/1119
f 1338/724/1117 1608/874/1299 1612/876/1119
f 1611/248/1300 1613/360/1301 1609/361/1300
f 1323/706/1106 1338/724/1117 1612/876/1119
f 1614/241/1300 1615/240/1300 1611/248/1300
f 1613/360/1301 1611/248/1300 1615/240/1300
f 1616/242/1302 1613/360/1301 1615/240/1300
f 1616/242/1302 1617/877/1303 1613/360/1301
f 1618/878/1303 1613/360/1301 1617/877/1303
f 1616/242/1302 1619/879/1303 1617/877/1303
f 1618/878/1303 1620/768/1303 1613/360/1301
f 1621/880/1303 1620/768/1303 1618/878/1303
f 1620/768/1303 1621/880/1303 1622/769/1304
f 1622/769/1304 1621/880/1303 1623/881/1305
f 1623/881/1305 1624/882/1306 1622/769/1304
f 1624/882/1306 1623/881/1305 1625/883/1306
f 1625/883/1306 1626/884/1306 1624/882/1306
f 1626/884/1306 1627/885/1306 1624/882/1306
f 1627/885/1306 1626/884/1306 1628/886/1306
f 1629/887/1306 1628/886/1306 1626/884/1306
f 1630/888/1307 1628/886/1306 1629/887/1306
f 1628/886/1306 1630/888/1307 1631/889/1308
f 1631/889/1308 1630/888/1307 1632/890/1309
f 1632/890/1309 1630/888/1307 1633/891/1303
f 1632/890/1309 1633/891/1303 1619/879/1303
f 1619/879/1303 1634/244/1303 1632/890/1309
f 1634/244/1303 1619/879/1303 1616/242/1302
f 1634/244/1303 1635/892/1303 1632/890/1309
f 1635/892/1303 1634/244/1303 1636/245/1303
f 1637/893/1310 1638/894/1310 1639/895/1311
f 1639/895/1311 1638/894/1310 1640/896/1312
f 1641/897/1313 1638/894/1310 1637/893/1310
f 1638/894/1310 1641/897/1313 1642/898/1314
f 1641/897/1313 1643/899/1315 1642/898/1314
f 1643/899/1315 1641/897/1313 1644/900/1316
f 1645/901/1171 1646/902/1317 1647/903/1318
f 1646/902/1317 1645/901/1171 1648/904/1171
f 1645/901/1171 1649/905/1319 1648/904/1171
f 1645/901/1171 1650/906/1320 1649/905/1319
f 1650/906/1320 1651/907/1321 1649/905/1319
f 1652/908/1322 1651/907/1321 1650/906/1320
f 1653/909/1323 1654/910/1324 1655/911/1325
f 1655/911/1325 1654/910/1324 1656/912/1326
f 1657/913/1327 1654/910/1324 1653/909/1323
f 1654/910/1324 1657/913/1327 1658/914/1328
f 1657/913/1327 1659/915/1329 1658/914/1328
f 1659/915/1329 1657/913/1327 1660/916/1330
f 1661/917/1331 1662/918/1332 1663/919/1333
f 1662/918/1332 1661/917/1331 1664/920/1334
f 1665/921/1335 1663/919/1333 1662/918/1332
f 1663/919/1333 1665/921/1335 1666/922/1335
f 1666/922/1335 1665/921/1335 1667/923/1336
f 1668/924/1337 1667/923/1336 1665/921/1335
f 1669/248/1338 1670/248/1339 1671/251/1340
f 1672/925/1341 1673/926/1342 1674/927/1343
f 1673/926/1342 1672/925/1341 1675/928/1344
f 1672/925/1341 1676/929/1345 1675/928/1344
f 1672/925/1341 1677/930/1346 1676/929/1345
f 1677/930/1346 1678/931/1347 1676/929/1345
f 1679/932/1348 1678/931/1347 1677/930/1346
f 1680/516/1349 1681/933/1350 1682/934/1351
f 1681/933/1350 1683/516/1352 1682/934/1351
f 1683/516/1352 1681/933/1350 1684/856/1353
f 1685/856/1354 1686/516/1355 1687/856/1356
f 1685/856/1354 1688/935/1357 1681/933/1350
f 1687/856/1356 1689/936/1358 1685/856/1354
f 1688/935/1357 1685/856/1354 1689/936/1358
f 1690/937/1359 1688/935/1357 1689/936/1358
f 1691/938/1360 1690/937/1359 1689/936/1358
f 1692/936/1361 1691/938/1360 1689/936/1358
f 1693/939/1362 1690/937/1359 1691/938/1360
f 1691/938/1360 1692/936/1361 1694/938/1363
f 1694/938/1363 1695/940/1364 1691/938/1360
f 1695/940/1364 1694/938/1363 1696/940/1365
f 1697/941/1366 1695/940/1364 1696/940/1365
f 1695/940/1364 1697/941/1366 1698/941/1367
f 1698/941/1367 1693/939/1362 1695/940/1364
f 1699/942/1368 1700/941/1369 1693/939/1370
f 1701/943/1371 1699/942/1372 1698/941/1373
f 1700/941/1374 1702/943/1375 1703/941/1376
f 1703/941/1376 1704/940/1377 1700/941/1374
f 1704/940/1377 1703/941/1376 1705/940/1378
f 1704/940/1379 1706/938/1380 1707/938/1381
f 1707/938/1381 1706/938/1380 1708/936/1382
f 1709/936/1383 1708/936/1384 1710/856/1385
f 1711/944/1386 1712/943/1387 1699/942/1372
f 1713/945/1388 1712/943/1387 1714/945/1389
f 1715/946/1390 1714/945/1391 1711/944/1392
f 1716/947/1393 1714/945/1389 1717/947/1394
f 1717/947/1394 1715/946/1395 1718/948/1396
f 1718/948/1396 1719/949/1397 1717/947/1394
f 1718/948/1396 1720/949/1398 1721/950/1399
f 1722/947/1400 1723/949/1401 1720/949/1398
f 1722/947/1402 1715/946/1395 1724/945/1403
f 1724/945/1404 1711/944/1392 1701/943/1405
f 1701/943/1405 1725/945/1406 1724/945/1404
f 1726/947/1407 1724/945/1404 1725/945/1406
f 1725/945/1406 1701/943/1405 1727/943/1408
f 1728/951/1409 1729/952/1410 1730/953/1411
f 1730/953/1411 1729/952/1410 1731/954/1412
f 1732/955/1413 1729/952/1410 1728/951/1409
f 1729/952/1410 1732/955/1413 1733/956/1414
f 1732/955/1413 1734/957/1415 1733/956/1414
f 1735/958/1416 1734/957/1415 1732/955/1413
f 1736/959/1417 1737/960/1418 1738/961/1419
f 1739/962/1420 1736/959/1417 1738/961/1419
f 1737/960/1418 1736/959/1417 1740/963/1421
f 1736/959/1417 1739/962/1420 1741/964/1422
f 1742/965/1423 1737/960/1418 1740/963/1421
f 1743/966/1424 1741/964/1422 1739/962/1420
f 1740/963/1421 1744/967/1425 1742/965/1423
f 1741/964/1422 1743/966/1424 1745/968/1426
f 1746/969/1427 1742/965/1423 1744/967/1425
f 1747/970/1428 1745/968/1426 1743/966/1424
f 1744/967/1425 1748/971/1427 1746/969/1427
f 1745/968/1426 1747/970/1428 1749/972/1428
f 1750/973/1429 1746/969/1427 1748/971/1427
f 1747/970/1428 1751/974/1430 1749/972/1428
f 1746/969/1427 1750/973/1429 1752/975/1431
f 1751/974/1430 1747/970/1428 1753/976/1432
f 1754/977/1433 1752/975/1431 1750/973/1429
f 1753/976/1432 1755/978/1434 1751/974/1430
f 1752/975/1431 1754/977/1433 1756/979/1435
f 1755/978/1434 1753/976/1432 1757/980/1436
f 1758/981/1437 1756/979/1435 1754/977/1433
f 1758/981/1437 1755/978/1434 1757/980/1436
f 1756/979/1435 1758/981/1437 1759/982/1438
f 1757/980/1436 1759/982/1438 1758/981/1437
f 1760/983/1439 1761/984/1439 1762/985/1440
f 1762/985/1440 1761/984/1439 1763/986/1441
f 1764/987/1442 1761/984/1439 1760/983/1439
f 1761/984/1439 1764/987/1442 1765/988/1443
f 1766/989/1444 1765/988/1443 1764/987/1442
f 1765/988/1443 1766/989/1444 1767/990/1445
f 1768/991/1446 1769/992/1447 1770/993/1448
f 1769/992/1447 1768/991/1446 1771/994/1446
f 1768/991/1446 1772/995/1449 1771/994/1446
f 1768/991/1446 1773/996/1450 1772/995/1449
f 1773/996/1450 1774/997/1451 1772/995/1449
f 1775/998/1452 1774/997/1451 1773/996/1450
f 1776/999/1453 1777/1000/1454 1778/1001/1455
f 1779/1002/1456 1778/1001/1455 1777/1000/1454
f 1776/999/1453 1780/1003/1457 1777/1000/1454
f 1780/1003/1457 1776/999/1453 1781/1004/1457
f 1782/1005/1458 1780/1003/1457 1781/1004/1457
f 1780/1003/1457 1782/1005/1458 1783/1006/1459
f 1784/1007/1171 1785/1008/1460 1786/1009/1461
f 1785/1008/1460 1784/1007/1171 1787/1010/1171
f 1784/1007/1171 1788/1011/1462 1787/1010/1171
f 1784/1007/1171 1789/1012/1463 1788/1011/1462
f 1789/1012/1463 1790/1013/1464 1788/1011/1462
f 1791/1014/1465 1790/1013/1464 1789/1012/1463
f 1792/1015/1466 1793/1016/1467 1794/1017/1468
f 1794/1017/1468 1793/1016/1467 1795/1018/1469
f 1796/1019/1470 1793/1016/1467 1792/1015/1466
f 1793/1016/1467 1796/1019/1470 1797/1020/1471
f 1796/1019/1470 1798/1021/1472 1797/1020/1471
f 1798/1021/1472 1796/1019/1470 1799/1022/1473
f 1800/514/1474 1801/934/1475 1040/515/1476
f 1041/514/894 1801/934/1351 1802/516/1352
f 1042/516/895 1041/514/894 1802/516/1352
f 1803/856/1353 1042/516/895 1802/516/1352
f 1804/856/1385 1042/516/895 1803/856/1353
f 1805/936/1383 1804/856/1385 1803/856/1353
f 1803/856/1353 1806/935/1357 1805/936/1383
f 1806/935/1357 1803/856/1353 1807/933/1477
f 1808/937/1359 1805/936/1383 1806/935/1357
f 1805/936/1383 1808/937/1359 1809/938/1478
f 1809/938/1478 1810/936/1382 1805/936/1383
f 1811/939/1370 1809/938/1478 1808/937/1359
f 1809/938/1478 1811/939/1370 1812/940/1379
f 1813/940/1378 1814/938/1380 1812/940/1377
f 1815/941/1369 1812/940/1379 1811/939/1370
f 1816/940/1479 1811/939/1362 1817/938/1480
f 1807/933/1481 1818/516/1482 1819/856/1483
f 1820/516/1355 1819/856/1483 1818/516/1482
f 1821/943/1375 1815/941/1369 1822/943/1387
f 1822/943/1387 1823/945/1484 1821/943/1375
f 1822/943/1387 1815/941/1369 1824/942/1372
f 1811/939/1362 1825/941/1485 1824/942/1368
f 1826/943/1486 1825/941/1485 1827/941/1366
f 1825/941/1485 1826/943/1486 1828/943/1487
f 1824/942/1372 1828/943/1371 1829/944/1386
f 1830/945/1389 1822/943/1387 1829/944/1392
f 1830/945/1389 1831/947/1488 1823/945/1484
f 1829/944/1392 1832/945/1489 1833/946/1395
f 1833/946/1395 1834/947/1394 1830/945/1490
f 1834/947/1394 1835/949/1491 1831/947/1393
f 1835/949/1491 1834/947/1394 1836/949/1397
f 1836/949/1492 1837/948/1396 1838/950/1399
f 1833/946/1390 1839/947/1493 1837/948/1494
f 1840/949/1495 1837/948/1494 1839/947/1493
f 1832/945/1496 1841/947/1497 1839/947/1493
f 1842/949/1401 1839/947/1493 1841/947/1497
f 1843/1023/1498 1844/1024/1499 1845/1025/1500
f 1844/1024/1499 1843/1023/1498 1846/1026/1466
f 1843/1023/1498 1847/1027/1501 1846/1026/1466
f 1843/1023/1498 1848/1028/1502 1847/1027/1501
f 1848/1028/1502 1849/1029/1503 1847/1027/1501
f 1850/1030/1504 1849/1029/1503 1848/1028/1502
f 1851/1031/1505 1852/1032/1506 1853/1033/1507
f 1852/1032/1506 1851/1031/1505 1854/1034/1508
f 1851/1031/1505 1855/1035/1509 1854/1034/1508
f 1851/1031/1505 1856/1036/1510 1855/1035/1509
f 1856/1036/1510 1857/1037/1511 1855/1035/1509
f 1858/1038/1512 1857/1037/1511 1856/1036/1510
f 1859/722/1513 1860/723/1514 1861/721/1515
f 1861/721/1515 1862/718/1516 1859/722/1513
f 1862/718/1516 1861/721/1515 1863/719/1517
f 1862/718/1516 1863/719/1517 1864/716/1517
f 1865/720/1518 1864/716/1517 1863/719/1517
f 1864/716/1517 1866/717/1517 1862/718/1516
f 1866/717/1517 1864/716/1517 1345/497/1123
f 1345/497/1123 1864/716/1517 1342/713/1121
f 1866/717/1517 1345/497/1123 1867/494/1517
f 1868/1039/1519 1869/1040/1520 1870/1041/1521
f 1871/1042/1522 1870/1041/1521 1869/1040/1520
f 1869/1040/1520 1868/1039/1519 1872/1043/1523
f 1869/1040/1520 1873/1044/1524 1871/1042/1522
f 1874/1045/1525 1872/1043/1523 1868/1039/1519
f 1873/1044/1524 1875/1046/1526 1871/1042/1522
f 1872/1043/1523 1874/1045/1525 1876/1047/1527
f 1875/1046/1526 1873/1044/1524 1877/1048/1528
f 1878/1049/1529 1876/1047/1527 1874/1045/1525
f 1877/1048/1528 1879/1050/1530 1875/1046/1526
f 1876/1047/1527 1878/1049/1529 1880/1051/1529
f 1879/1050/1530 1877/1048/1528 1881/1052/1530
f 1882/1053/1531 1880/1051/1529 1878/1049/1529
f 1883/1054/1532 1879/1050/1530 1881/1052/1530
f 1878/1049/1529 1884/1055/1533 1882/1053/1531
f 1879/1050/1530 1883/1054/1532 1885/1056/1534
f 1886/1057/1535 1882/1053/1531 1884/1055/1533
f 1887/1058/1536 1885/1056/1534 1883/1054/1532
f 1884/1055/1533 1888/1059/1537 1886/1057/1535
f 1885/1056/1534 1887/1058/1536 1889/1060/1538
f 1888/1059/1537 1890/1061/1539 1886/1057/1535
f 1890/1061/1539 1889/1060/1538 1887/1058/1536
f 1890/1061/1539 1888/1059/1537 1891/1062/1540
f 1889/1060/1538 1890/1061/1539 1891/1062/1540
f 1892/1063/1541 1893/1064/1542 1894/1065/1543
f 1893/1064/1542 1892/1063/1541 911/432/773
f 911/432/773 910/431/772 1893/1064/1542
f 1894/1065/1543 1895/1066/1544 1892/1063/1541
f 1895/1066/1544 1894/1065/1543 1896/1067/1545
f 1892/1063/1541 1897/1068/1546 911/432/773
f 1896/1067/1545 1898/1069/1547 1895/1066/1544
f 1898/1069/1547 1896/1067/1545 1899/1070/1548
f 1895/1066/1544 1900/1071/1549 1892/1063/1541
f 1900/1071/1549 1897/1068/1546 1892/1063/1541
f 1901/1072/1550 1898/1069/1547 1899/1070/1548
f 1902/1073/1551 1900/1071/1549 1895/1066/1544
f 1898/1069/1547 1902/1073/1551 1895/1066/1544
f 1900/1071/1549 1903/1074/1552 1897/1068/1546
f 1904/1075/1553 1903/1074/1552 1900/1071/1549
f 1902/1073/1551 1904/1075/1553 1900/1071/1549
f 1903/1074/1552 1905/1076/1554 1897/1068/1546
f 1906/1077/1555 1904/1075/1553 1902/1073/1551
f 1897/1068/1546 1905/1076/1554 912/433/774
f 1897/1068/1546 912/433/774 911/432/773
f 1905/1076/1554 914/435/776 912/433/774
f 1907/1078/1556 1906/1077/1555 1902/1073/1551
f 1902/1073/1551 1898/1069/1547 1907/1078/1556
f 1908/1079/1557 1906/1077/1555 1907/1078/1556
f 1909/1080/1558 1908/1079/1557 1907/1078/1556
f 1898/1069/1547 1909/1080/1558 1907/1078/1556
f 1910/1081/1559 1908/1079/1557 1909/1080/1558
f 1909/1080/1558 1898/1069/1547 1911/1082/1560
f 1911/1082/1560 1898/1069/1547 1901/1072/1550
f 1912/1083/1561 1910/1081/1559 1909/1080/1558
f 1901/1072/1550 1913/1084/1562 1911/1082/1560
f 1913/1084/1562 1909/1080/1558 1911/1082/1560
f 1912/1083/1561 1909/1080/1558 1913/1084/1562
f 1913/1084/1562 1901/1072/1550 1914/1085/1563
f 1915/1086/1564 1910/1081/1559 1912/1083/1561
f 1914/1085/1563 1916/1087/1565 1913/1084/1562
f 1916/1087/1565 1912/1083/1561 1913/1084/1562
f 1916/1087/1565 1914/1085/1563 1917/1088/1566
f 1918/1089/1567 1915/1086/1564 1912/1083/1561
f 1918/1089/1567 1912/1083/1561 1916/1087/1565
f 1919/1090/1568 1915/1086/1564 1918/1089/1567
f 1917/1088/1566 1920/1091/1569 1916/1087/1565
f 1920/1091/1569 1918/1089/1567 1916/1087/1565
f 1920/1091/1569 1917/1088/1566 1921/1092/1570
f 1922/1093/1571 1919/1090/1568 1918/1089/1567
f 1922/1093/1571 1918/1089/1567 1920/1091/1569
f 1923/1094/1572 1919/1090/1568 1922/1093/1571
f 1921/1092/1570 1924/1095/1541 1920/1091/1569
f 1924/1095/1541 1922/1093/1571 1920/1091/1569
f 1924/1095/1541 1921/1092/1570 1925/1096/1573
f 1926/1097/1574 1923/1094/1572 1922/1093/1571
f 1926/1097/1574 1922/1093/1571 1924/1095/1541
f 1927/1098/1575 1923/1094/1572 1926/1097/1574
f 1926/1097/1574 1928/1099/1576 1927/1098/1575
f 1925/1096/1573 1929/1100/1577 1924/1095/1541
f 1929/1100/1577 1926/1097/1574 1924/1095/1541
f 1929/1100/1577 1925/1096/1573 1930/1101/1578
f 1928/1099/1576 1926/1097/1574 1931/1102/1579
f 1931/1102/1579 1926/1097/1574 1929/1100/1577
f 1931/1102/1579 1932/1103/1580 1928/1099/1576
f 1930/1101/1578 1933/1104/1581 1929/1100/1577
f 1933/1104/1581 1931/1102/1579 1929/1100/1577
f 1933/1104/1581 1930/1101/1578 1934/1105/1582
f 1932/1103/1580 1931/1102/1579 1935/1106/1583
f 1933/1104/1581 1935/1106/1583 1931/1102/1579
f 1935/1106/1583 1936/1107/1584 1932/1103/1580
f 1934/1105/1582 1937/1108/1585 1933/1104/1581
f 1937/1108/1585 1935/1106/1583 1933/1104/1581
f 1937/1108/1585 1934/1105/1582 1938/1109/1586
f 1936/1107/1584 1935/1106/1583 1939/1110/1587
f 1939/1110/1587 1935/1106/1583 1937/1108/1585
f 1940/1111/1588 1937/1108/1585 1938/1109/1586
f 1941/1112/1589 1936/1107/1584 1939/1110/1587
f 1937/1108/1585 1941/1112/1589 1939/1110/1587
f 1941/1112/1589 1942/1113/1590 1936/1107/1584
f 1940/1111/1588 1943/1114/1591 1937/1108/1585
f 1941/1112/1589 1937/1108/1585 1943/1114/1591
f 401/209/307 1944/372/1592 399/209/305
f 1944/372/1592 398/210/684 399/209/305
f 1945/209/1593 397/209/303 1946/372/1594
f 1947/373/1595 1946/372/675 398/210/1596
f 1948/372/1597 1945/209/1593 1946/372/1594
f 1949/370/679 1947/373/676 1944/372/1592
f 1950/370/1598 1948/372/1597 1946/372/1594
f 1950/370/1598 1951/370/667 1948/372/1597
f 1952/369/1599 1951/370/667 1950/370/1598
f 1953/371/671 1950/370/670 1947/373/676
f 1954/368/662 1952/369/664 1953/371/668
f 1955/369/672 1953/371/678 1949/370/1600
f 1956/370/673 1955/369/672 1949/370/1600
f 1949/370/1600 1957/372/680 1956/370/673
f 1958/366/1601 1954/368/1602 1955/369/1603
f 1959/369/1604 1958/366/1601 1955/369/1603
f 1958/366/1601 1959/369/1604 1960/366/1605
f 1960/366/1605 1961/365/1606 1958/366/1601
f 1961/365/1606 1960/366/1605 1962/365/1607
f 1961/365/1606 1963/367/657 1958/366/1601
f 1964/296/1608 1965/1115/1609 1966/293/1610
f 1967/940/1611 1968/938/1612 1965/1115/1609
f 1966/293/1610 1965/1115/1609 1969/292/1613
f 1970/1116/1614 1965/1115/1609 1968/938/1612
f 1970/1116/1614 1969/292/1613 1965/1115/1609
f 1969/292/1613 1970/1116/1614 1971/290/1615
f 1968/938/1612 1972/936/1616 1970/1116/1614
f 1970/1116/1614 1973/286/1617 1971/290/1615
f 1974/1117/1618 1970/1116/1614 1972/936/1616
f 1974/1117/1618 1973/286/1617 1970/1116/1614
f 1973/286/1617 1974/1117/1618 1975/287/1619
f 1974/1117/1618 1533/282/1254 1975/287/1619
f 1531/856/1252 1974/1117/1618 1972/936/1616
f 1531/856/1252 1533/282/1254 1974/1117/1618
f 1976/1118/1620 1977/1119/1621 1978/1120/1622
f 1977/1119/1621 1976/1118/1620 1979/1121/1623
f 1979/1121/1623 1980/1122/1624 1977/1119/1621
f 1980/1122/1624 1979/1121/1623 1981/1123/1625
f 1981/1123/1625 1982/1124/1626 1980/1122/1624
f 1982/1124/1626 1981/1123/1625 1983/1125/1626
f 1983/1125/1626 1984/1126/1627 1982/1124/1626
f 1984/1126/1627 1983/1125/1626 1985/1127/1628
f 1985/1127/1628 1986/1128/1629 1984/1126/1627
f 1986/1128/1629 1985/1127/1628 1987/1129/1630
f 1987/1129/1630 1988/1130/1631 1986/1128/1629
f 1988/1130/1631 1987/1129/1630 1989/1131/1632
f 1990/1120/1622 1991/1119/1621 1992/1118/1620
f 1992/1118/1620 1991/1119/1621 1993/1121/1623
f 1991/1119/1621 1994/1122/1624 1993/1121/1623
f 1994/1122/1624 1995/1123/1625 1993/1121/1623
f 1995/1123/1625 1994/1122/1624 1996/1124/1626
f 1995/1123/1625 1996/1124/1626 1997/1125/1626
f 1997/1125/1626 1996/1124/1626 1998/1126/1627
f 1997/1125/1626 1998/1126/1627 1999/1127/1628
f 1998/1126/1627 2000/1128/1629 1999/1127/1628
f 2000/1128/1629 2001/1129/1630 1999/1127/1628
f 2000/1128/1629 2002/1130/1631 2001/1129/1630
f 2002/1130/1631 2003/1131/1632 2001/1129/1630
f 2004/1132/1633 2005/1133/1634 2006/1134/1635
f 2005/1133/1634 2004/1132/1633 2007/1135/1636
f 2004/1132/1633 2008/1136/1637 2007/1135/1636
f 2004/1132/1633 2009/1137/1638 2008/1136/1637
f 2008/1136/1637 2009/1137/1638 2010/1138/1639
f 2009/1137/1638 2011/1139/1640 2010/1138/1639
f 2012/858/1052 1259/687/1052 1257/685/1052
f 1258/686/1056 1260/366/1059 2013/860/1641
f 2012/858/1052 2014/859/1053 1259/687/1052
f 1260/366/1059 2015/862/1642 2013/860/1641
f 2014/859/1053 2012/858/1052 2016/861/1052
f 2017/365/1642 2015/862/1642 1260/366/1059
f 2018/863/1058 2014/859/1053 2016/861/1052
f 2015/862/1642 2017/365/1642 2019/865/1643
f 2014/859/1053 2018/863/1058 2020/864/1052
f 2021/363/1644 2019/865/1643 2017/365/1642
f 2022/866/1058 2020/864/1052 2018/863/1058
f 2020/864/1052 2022/866/1058 2023/867/1053
f 2024/868/1052 2020/864/1052 2023/867/1053
f 2019/865/1643 2021/363/1644 2025/869/1643
f 2021/363/1644 2026/870/1645 2025/869/1643
f 2027/871/1646 2026/870/1645 2021/363/1644
f 2028/872/1647 2026/870/1645 2027/871/1646
f 2026/870/1645 2028/872/1647 2029/252/1646
f 2029/252/1646 2028/872/1647 2030/873/1648
f 2026/870/1645 2029/252/1646 2031/874/1649
f 2032/361/1650 2030/873/1648 2028/872/1647
f 2033/875/1093 2026/870/1645 2031/874/1649
f 2030/873/1648 2032/361/1650 2034/248/1650
f 2031/874/1649 2035/876/1093 2033/875/1093
f 2036/724/1093 2035/876/1093 2031/874/1649
f 2035/876/1093 2036/724/1093 1297/706/1087
f 2037/360/1651 2034/248/1650 2032/361/1650
f 2038/240/1650 2039/241/1650 2034/248/1650
f 2034/248/1650 2037/360/1651 2038/240/1650
f 2038/240/1650 2037/360/1651 2040/242/1652
f 1297/706/1087 2036/724/1093 1304/711/1093
f 2041/725/1653 1304/711/1093 2036/724/1093
f 1304/711/1093 2041/725/1653 2042/726/1654
f 2043/727/1655 2042/726/1654 2041/725/1653
f 2042/726/1654 2043/727/1655 2044/728/1656
f 2044/728/1656 2043/727/1655 2045/729/1657
f 2046/730/1658 2044/728/1656 2045/729/1657
f 2044/728/1656 2046/730/1658 2047/731/1658
f 2044/728/1656 2047/731/1658 2048/732/1658
f 2049/733/1659 2048/732/1658 2047/731/1658
f 2048/732/1658 2049/733/1659 2050/734/1660
f 2050/734/1660 2049/733/1659 2051/735/1661
f 2052/1140/1662 2050/734/1660 2051/735/1661
f 2050/734/1660 2052/1140/1662 2053/1141/1662
f 2054/1142/1663 2053/1141/1662 2052/1140/1662
f 2053/1141/1662 2054/1142/1663 2055/1143/1664
f 2056/1144/1665 2055/1143/1664 2054/1142/1663
f 2055/1143/1664 2056/1144/1665 2057/1145/1665
f 2058/1146/1665 2057/1145/1665 2056/1144/1665
f 2059/1147/1665 2057/1145/1665 2058/1146/1665
f 2060/1148/1665 2059/1147/1665 2058/1146/1665
f 2060/1148/1665 2061/1149/1665 2059/1147/1665
f 2062/1150/1665 2061/1149/1665 2060/1148/1665
f 2061/1149/1665 2062/1150/1665 2063/1151/1665
f 2064/1152/1665 2063/1151/1665 2062/1150/1665
f 2063/1151/1665 2064/1152/1665 2065/1153/1665
f 2064/1152/1665 2066/1154/1665 2065/1153/1665
f 2066/1154/1665 2064/1152/1665 2067/1155/1665
f 2067/1155/1665 2068/1156/1665 2066/1154/1665
f 2069/1157/1665 2068/1156/1665 2067/1155/1665
f 2068/1156/1665 2069/1157/1665 2070/1158/1665
f 2071/227/1665 2070/1158/1665 2069/1157/1665
f 2072/1159/1665 2071/227/1665 2069/1157/1665
f 2071/227/1665 2072/1159/1665 2073/226/1665
f 2073/226/1665 2072/1159/1665 2074/224/1665
f 2075/1160/1665 2074/224/1665 2072/1159/1665
f 2074/224/1665 2075/1160/1665 2076/221/1665
f 2075/1160/1665 2077/215/1665 2076/221/1665
f 2077/215/1665 2075/1160/1665 2078/1161/1665
f 2077/215/1665 2078/1161/1665 2079/214/1665
f 2078/1161/1665 2080/216/1665 2079/214/1665
f 2081/1162/1666 2082/1163/1667 2083/1164/1668
f 2084/1165/1669 2081/1162/1666 2083/1164/1668
f 2082/1163/1667 2081/1162/1666 2085/1166/1670
f 2081/1162/1666 2084/1165/1669 2086/1167/1671
f 2087/1168/1672 2082/1163/1667 2085/1166/1670
f 2088/1169/1673 2086/1167/1671 2084/1165/1669
f 2085/1166/1670 2089/1170/1674 2087/1168/1672
f 2086/1167/1671 2088/1169/1673 2090/1171/1675
f 2091/1172/1676 2087/1168/1672 2089/1170/1674
f 2092/1173/1677 2090/1171/1675 2088/1169/1673
f 2089/1170/1674 2093/1174/1676 2091/1172/1676
f 2090/1171/1675 2092/1173/1677 2094/1175/1677
f 2095/1176/1678 2091/1172/1676 2093/1174/1676
f 2092/1173/1677 2096/1177/1679 2094/1175/1677
f 2091/1172/1676 2095/1176/1678 2097/1178/1680
f 2096/1177/1679 2092/1173/1677 2098/1179/1681
f 2099/1180/1682 2097/1178/1680 2095/1176/1678
f 2098/1179/1681 2100/1181/1683 2096/1177/1679
f 2097/1178/1680 2099/1180/1682 2101/1182/1684
f 2100/1181/1683 2098/1179/1681 2102/1183/1685
f 2103/1184/1686 2101/1182/1684 2099/1180/1682
f 2103/1184/1686 2100/1181/1683 2102/1183/1685
f 2101/1182/1684 2103/1184/1686 2104/1185/1687
f 2102/1183/1685 2104/1185/1687 2103/1184/1686
f 2105/1186/1688 2106/1187/1689 2107/1188/1690
f 2108/1189/1691 2107/1188/1690 2106/1187/1689
f 2106/1187/1689 2105/1186/1688 2109/1190/1692
f 2106/1187/1689 2110/1191/1693 2108/1189/1691
f 2111/1192/1694 2109/1190/1692 2105/1186/1688
f 2110/1191/1693 2112/1193/1695 2108/1189/1691
f 2109/1190/1692 2111/1192/1694 2113/1194/1696
f 2112/1193/1695 2110/1191/1693 2114/1195/1697
f 2115/1196/1698 2113/1194/1696 2111/1192/1694
f 2114/1195/1697 2116/1197/1699 2112/1193/1695
f 2113/1194/1696 2115/1196/1698 2117/1198/1698
f 2116/1197/1699 2114/1195/1697 2118/1199/1699
f 2119/1200/1700 2117/1198/1698 2115/1196/1698
f 2120/1201/1701 2116/1197/1699 2118/1199/1699
f 2115/1196/1698 2121/1202/1702 2119/1200/1700
f 2116/1197/1699 2120/1201/1701 2122/1203/1703
f 2123/1204/1704 2119/1200/1700 2121/1202/1702
f 2124/1205/1705 2122/1203/1703 2120/1201/1701
f 2121/1202/1702 2125/1206/1706 2123/1204/1704
f 2122/1203/1703 2124/1205/1705 2126/1207/1707
f 2125/1206/1706 2127/1208/1708 2123/1204/1704
f 2127/1208/1708 2126/1207/1707 2124/1205/1705
f 2127/1208/1708 2125/1206/1706 2128/1209/1709
f 2126/1207/1707 2127/1208/1708 2128/1209/1709
f 2129/1210/1710 2130/941/1711 2131/1211/1712
f 2132/943/1713 2131/1211/1712 2130/941/1711
f 2130/941/1711 2129/1210/1710 2133/940/1714
f 2131/1211/1712 2132/943/1713 2134/1212/1665
f 2135/945/1665 2134/1212/1665 2132/943/1713
f 2129/1210/1710 2131/1211/1712 2136/300/1715
f 2136/300/1715 2131/1211/1712 2137/301/1665
f 2138/298/1716 2129/1210/1710 2136/300/1715
f 2131/1211/1712 2139/303/1665 2137/301/1665
f 2134/1212/1665 2139/303/1665 2131/1211/1712
f 2139/303/1665 2134/1212/1665 2140/305/1665
f 2134/1212/1665 2141/306/1665 2140/305/1665
f 2142/296/1717 2129/1210/1710 2138/298/1716
f 2141/306/1665 2134/1212/1665 2143/1213/1665
f 2135/945/1665 2143/1213/1665 2134/1212/1665
f 2143/1213/1665 2144/1214/1665 2141/306/1665
f 2144/1214/1665 2143/1213/1665 2145/1215/1665
f 2143/1213/1665 2135/945/1665 2146/947/1665
f 2146/947/1665 2147/1216/1665 2143/1213/1665
f 2147/1216/1665 2146/947/1665 2148/1217/1665
f 2149/1115/1718 2129/1210/1710 2142/296/1717
f 2129/1210/1710 2149/1115/1718 2133/940/1714
f 2150/293/1719 2149/1115/1718 2142/296/1717
f 2133/940/1714 2149/1115/1718 2151/938/1720
f 2152/292/1721 2149/1115/1718 2150/293/1719
f 2149/1115/1718 2153/1116/1722 2151/938/1720
f 2149/1115/1718 2152/292/1721 2153/1116/1722
f 2154/290/1723 2153/1116/1722 2152/292/1721
f 2153/1116/1722 2155/936/1724 2151/938/1720
f 2156/286/1725 2153/1116/1722 2154/290/1723
f 2155/936/1724 2153/1116/1722 2157/1117/1726
f 2153/1116/1722 2156/286/1725 2157/1117/1726
f 2158/287/1727 2157/1117/1726 2156/286/1725
f 2159/282/1728 2157/1117/1726 2158/287/1727
f 2160/856/1729 2155/936/1724 2157/1117/1726
f 2157/1117/1726 2159/282/1728 2160/856/1729
f 2161/278/1730 2160/856/1729 2159/282/1728
f 2162/121/1731 2160/856/1729 2161/278/1730
f 2162/121/1731 2163/516/1732 2160/856/1729
f 2163/516/1732 2162/121/1731 2164/120/1733
f 2164/120/1733 2165/514/1734 2163/516/1732
f 2165/514/1734 2164/120/1733 2166/119/1735
f 2166/119/1735 2167/512/1736 2165/514/1734
f 2167/512/1736 2166/119/1735 2168/857/1737
f 2169/118/1738 2168/857/1737 2166/119/1735
f 2167/512/1736 2168/857/1737 2170/509/1739
f 2168/857/1737 2169/118/1738 2171/117/1740
f 2168/857/1737 2171/117/1740 2172/115/1740
f 2168/857/1737 1312/507/1098 2170/509/1739
f 2168/857/1737 2172/115/1740 2173/114/1741
f 1312/507/1098 2168/857/1737 1231/669/1041
f 2168/857/1737 2173/114/1741 1232/195/1042
f 2168/857/1737 1232/195/1042 1231/669/1041
f 2173/114/1741 2174/193/1742 1232/195/1042
f 2174/193/1742 2173/114/1741 2175/113/1743
f 2175/113/1743 2176/186/1744 2174/193/1742
f 2176/186/1744 2175/113/1743 2177/111/1745
f 2178/110/1746 2176/186/1744 2177/111/1745
f 2176/186/1744 2178/110/1746 2179/185/1746
f 2180/107/1747 2179/185/1746 2178/110/1746
f 2179/185/1746 2180/107/1747 2181/184/1746
f 2180/107/1747 2182/183/1746 2181/184/1746
f 2183/102/1746 2182/183/1746 2180/107/1747
f 2182/183/1746 2183/102/1746 2184/182/1748
f 2185/101/1749 2184/182/1748 2183/102/1746
f 2184/182/1748 2185/101/1749 2186/192/1750
f 2186/192/1750 2185/101/1749 2187/105/1751
f 2188/1218/1752 2189/1219/1753 2190/1220/1754
f 2191/1221/1755 2190/1220/1754 2189/1219/1753
f 2189/1219/1753 2188/1218/1752 2192/1222/1756
f 2190/1220/1754 2191/1221/1755 2193/1223/1757
f 2188/1218/1752 2194/1224/1758 2192/1222/1756
f 2195/1225/1759 2193/1223/1757 2191/1221/1755
f 2194/1224/1758 2188/1218/1752 2196/1226/1760
f 2193/1223/1757 2195/1225/1759 2197/1227/1761
f 2198/1228/1762 2194/1224/1758 2196/1226/1760
f 2195/1225/1759 2199/1229/1763 2197/1227/1761
f 2196/1226/1760 2200/1230/1764 2198/1228/1762
f 2199/1229/1763 2195/1225/1759 2201/1231/1765
f 2202/1232/1766 2198/1228/1762 2200/1230/1764
f 2201/1231/1765 2203/1233/1767 2199/1229/1763
f 2200/1230/1764 2204/1234/1766 2202/1232/1766
f 2203/1233/1767 2201/1231/1765 2205/1235/1768
f 2206/1236/1769 2202/1232/1766 2204/1234/1766
f 2207/1237/1770 2203/1233/1767 2205/1235/1768
f 2202/1232/1766 2206/1236/1769 2208/1238/1771
f 2205/1235/1768 2209/1239/1772 2207/1237/1770
f 2210/1240/1773 2208/1238/1771 2206/1236/1769
f 2211/1241/1774 2207/1237/1770 2209/1239/1772
f 2208/1238/1771 2210/1240/1773 2211/1241/1774
f 2207/1237/1770 2211/1241/1774 2210/1240/1773
f 2212/1242/1775 2213/1243/1776 2214/1244/1777
f 2213/1243/1776 2215/1245/1778 2214/1244/1777
f 2212/1242/1775 2216/1246/1779 2213/1243/1776
f 2216/1246/1779 2212/1242/1775 2217/1247/1780
f 2218/1248/1781 2216/1246/1779 2217/1247/1780
f 2218/1248/1781 2217/1247/1780 2219/1249/1782
f 2220/1250/1783 2221/1251/1784 2222/1252/1785
f 2222/1252/1785 2223/1253/767 2220/1250/1783
f 2223/1253/767 2222/1252/1785 2224/1254/1786
f 2221/1251/1784 2220/1250/1783 2225/1255/1787
f 2222/1252/1785 2226/1256/1788 2224/1254/1786
f 2227/1257/1789 2221/1251/1784 2225/1255/1787
f 2221/1251/1784 2227/1257/1789 2228/1258/1790
f 2226/1256/1788 2222/1252/1785 2229/1259/1791
f 2229/1259/1791 2222/1252/1785 2221/1251/1784
f 2229/1259/1791 2230/1260/1792 2226/1256/1788
f 2230/1260/1792 2229/1259/1791 2231/1261/1793
f 2229/1259/1791 2221/1251/1784 2232/1262/1794
f 2228/1258/1790 2232/1262/1794 2221/1251/1784
f 2232/1262/1794 2231/1261/1793 2229/1259/1791
f 2232/1262/1794 2228/1258/1790 2233/1263/1795
f 2231/1261/1793 2232/1262/1794 2234/1264/1796
f 2233/1263/1795 2234/1264/1796 2232/1262/1794
f 2235/1265/1797 2236/1266/1798 2237/1267/1797
f 2236/1266/1798 2235/1265/1797 2238/1268/1798
f 2238/1268/1798 2239/1269/1799 2236/1266/1798
f 2239/1269/1799 2238/1268/1798 2240/1270/1800
f 2240/1270/1800 2241/1271/1801 2239/1269/1799
f 2241/1271/1801 2240/1270/1800 2242/1272/1802
f 2242/1272/1802 2243/1273/1803 2241/1271/1801
f 2243/1273/1803 2242/1272/1802 2244/1274/1803
f 2245/1265/1797 2246/1267/1797 2247/1266/1798
f 2245/1265/1797 2247/1266/1798 2248/1268/1798
f 2248/1268/1798 2247/1266/1798 2249/1269/1799
f 2248/1268/1798 2249/1269/1799 2250/1270/1800
f 2250/1270/1800 2249/1269/1799 2251/1271/1801
f 2250/1270/1800 2251/1271/1801 2252/1272/1802
f 2252/1272/1802 2251/1271/1801 2253/1273/1803
f 2252/1272/1802 2253/1273/1803 2254/1274/1803
f 2255/1275/1804 2256/1276/1805 2257/1277/1806
f 2256/1276/1805 2258/1278/1807 2257/1277/1806
f 2255/1275/1804 2259/1279/1808 2256/1276/1805
f 2259/1279/1808 2255/1275/1804 2260/1280/1809
f 2261/1281/1810 2259/1279/1808 2260/1280/1809
f 2261/1281/1810 2260/1280/1809 2262/1282/1811
f 2263/1274/1812 2264/1274/1813 2265/1272/1814
f 2265/1272/1814 2266/1272/1815 2263/1274/1812
f 2266/1272/1815 2265/1272/1814 2267/1270/1816
f 2267/1270/1816 2268/1270/1817 2266/1272/1815
f 2268/1270/1817 2267/1270/1816 2269/1268/1818
f 2269/1268/1818 2270/1268/1819 2268/1270/1817
f 2269/1268/1818 2271/1265/1820 2270/1268/1819
f 2271/1265/1820 2269/1268/1818 2272/1265/1821
f 2273/1274/1822 2274/1274/1823 2275/1272/1824
f 2276/1272/1825 2275/1272/1824 2274/1274/1823
f 2275/1272/1824 2276/1272/1825 2277/1270/1826
f 2278/1270/1827 2277/1270/1826 2276/1272/1825
f 2277/1270/1826 2278/1270/1827 2279/1268/1828
f 2280/1268/1829 2279/1268/1828 2278/1270/1827
f 2281/1265/1830 2279/1268/1828 2280/1268/1829
f 2279/1268/1828 2281/1265/1830 2282/1265/1830
f 2283/1283/1831 2284/1284/1832 2285/1285/1833
f 2284/1284/1832 2283/1283/1831 2286/1286/1834
f 2287/1287/1835 2285/1285/1833 2284/1284/1832
f 2285/1285/1833 2287/1287/1835 2288/1288/1836
f 2289/1289/1837 2288/1288/1836 2287/1287/1835
f 2289/1289/1837 2287/1287/1835 2290/1290/1838
f 2291/1291/1839 2292/1292/1840 2293/1293/1841
f 2292/1292/1840 2291/1291/1839 2294/1294/1842
f 2295/1295/1843 2293/1293/1841 2292/1292/1840
f 2293/1293/1841 2295/1295/1843 2296/1296/1844
f 2297/1297/1845 2296/1296/1844 2295/1295/1843
f 2296/1296/1844 2297/1297/1845 2298/1298/1846
f 2299/1299/1847 2300/1300/1848 2301/1301/1849
f 2300/1300/1848 2299/1299/1847 2302/1302/1850
f 2303/1303/1851 2302/1302/1850 2299/1299/1847
f 2302/1302/1850 2303/1303/1851 2304/1304/1852
f 2305/1305/1853 2304/1304/1852 2303/1303/1851
f 2304/1304/1852 2305/1305/1853 2306/1306/1854
f 2307/1307/1855 2308/1308/1856 2309/1309/1857
f 2310/1310/1858 2307/1307/1855 2309/1309/1857
f 2308/1308/1856 2307/1307/1855 2311/1311/1859
f 2307/1307/1855 2310/1310/1858 2312/1312/1860
f 2313/1313/1861 2308/1308/1856 2311/1311/1859
f 2314/1314/1862 2312/1312/1860 2310/1310/1858
f 2311/1311/1859 2315/1315/1863 2313/1313/1861
f 2312/1312/1860 2314/1314/1862 2316/1316/1864
f 2317/1317/1865 2313/1313/1861 2315/1315/1863
f 2318/1318/1866 2316/1316/1864 2314/1314/1862
f 2315/1315/1863 2319/1319/1865 2317/1317/1865
f 2316/1316/1864 2318/1318/1866 2320/1320/1866
f 2321/1321/1867 2317/1317/1865 2319/1319/1865
f 2318/1318/1866 2322/1322/1868 2320/1320/1866
f 2317/1317/1865 2321/1321/1867 2323/1323/1869
f 2322/1322/1868 2318/1318/1866 2324/1324/1870
f 2325/1325/1871 2323/1323/1869 2321/1321/1867
f 2324/1324/1870 2326/1326/1872 2322/1322/1868
f 2323/1323/1869 2325/1325/1871 2327/1327/1873
f 2326/1326/1872 2324/1324/1870 2328/1328/1874
f 2329/1329/1875 2327/1327/1873 2325/1325/1871
f 2329/1329/1875 2326/1326/1872 2328/1328/1874
f 2327/1327/1873 2329/1329/1875 2330/1330/1876
f 2328/1328/1874 2330/1330/1876 2329/1329/1875
f 2331/877/1877 2037/360/1651 2332/878/1878
f 2333/768/1878 2332/878/1878 2037/360/1651
f 2037/360/1651 2331/877/1877 2040/242/1652
f 2332/878/1878 2333/768/1878 2334/880/1878
f 2335/879/1877 2040/242/1652 2331/877/1877
f 2336/769/1879 2334/880/1878 2333/768/1878
f 2334/880/1878 2336/769/1879 2337/881/1880
f 2337/881/1880 2336/769/1879 2338/882/1665
f 2337/881/1880 2338/882/1665 2339/883/1665
f 2338/882/1665 2340/884/1665 2339/883/1665
f 2338/882/1665 2341/885/1665 2340/884/1665
f 2342/886/1665 2340/884/1665 2341/885/1665
f 2340/884/1665 2342/886/1665 2343/887/1665
f 2342/886/1665 2344/888/1881 2343/887/1665
f 2344/888/1881 2342/886/1665 2345/889/1882
f 2344/888/1881 2345/889/1882 2346/890/1883
f 2346/890/1883 2347/891/1877 2344/888/1881
f 2346/890/1883 2335/879/1877 2347/891/1877
f 2348/244/1878 2335/879/1877 2346/890/1883
f 2040/242/1652 2335/879/1877 2348/244/1878
f 2349/892/1878 2348/244/1878 2346/890/1883
f 2348/244/1878 2349/892/1878 2350/245/1878
f 2351/1331/1884 2352/1332/1885 2353/1333/1886
f 2352/1332/1885 2351/1331/1884 2354/1334/1887
f 2355/1335/1888 2353/1333/1886 2352/1332/1885
f 2353/1333/1886 2355/1335/1888 2356/1336/1889
f 2357/1337/1890 2356/1336/1889 2355/1335/1888
f 2356/1336/1889 2357/1337/1890 2358/1338/1891
f 2359/1339/1892 2360/1340/1893 2361/1341/1894
f 2360/1340/1893 2359/1339/1892 2362/1342/1895
f 2362/1342/1895 2363/1343/1896 2360/1340/1893
f 2363/1343/1896 2362/1342/1895 2364/1344/1897
f 2364/1344/1897 2365/1345/1898 2363/1343/1896
f 2365/1345/1898 2364/1344/1897 2366/1346/1898
f 2367/1341/1894 2368/1340/1893 2369/1339/1892
f 2368/1340/1893 2370/1342/1895 2369/1339/1892
f 2368/1340/1893 2371/1343/1896 2370/1342/1895
f 2371/1343/1896 2372/1344/1897 2370/1342/1895
f 2372/1344/1897 2371/1343/1896 2373/1345/1898
f 2372/1344/1897 2373/1345/1898 2374/1346/1898
f 2375/1347/1899 2376/1348/1900 2377/1349/1901
f 2376/1348/1900 2375/1347/1899 2378/1350/1902
f 2379/1351/1903 2377/1349/1901 2376/1348/1900
f 2377/1349/1901 2379/1351/1903 2380/1352/1904
f 2381/1353/1905 2380/1352/1904 2379/1351/1903
f 2381/1353/1905 2379/1351/1903 2382/1354/1906
f 2383/1355/1907 2384/1356/1908 2385/1357/1909
f 2384/1356/1908 2386/1358/1910 2385/1357/1909
f 2387/1359/1911 2384/1356/1908 2383/1355/1907
f 2388/1360/1912 2387/1359/1911 2383/1355/1907
f 2389/1361/1913 2387/1359/1911 2388/1360/1912
f 2390/1362/1914 2389/1361/1913 2388/1360/1912
f 2391/1363/1915 2392/1364/1916 2393/1365/1917
f 2392/1364/1916 2391/1363/1915 2394/1366/1918
f 2395/1367/1919 2393/1365/1917 2392/1364/1916
f 2393/1365/1917 2395/1367/1919 2396/1368/1920
f 2397/1369/1921 2396/1368/1920 2395/1367/1919
f 2396/1368/1920 2397/1369/1921 2398/896/1922
f 2399/1370/1923 2400/1371/1924 2401/1372/1925
f 2400/1371/1924 2399/1370/1923 2402/1373/1926
f 2403/1374/1927 2401/1372/1925 2400/1371/1924
f 2401/1372/1925 2403/1374/1927 2404/1375/1928
f 2405/1376/1929 2404/1375/1928 2403/1374/1927
f 2404/1375/1928 2405/1376/1929 2406/1377/1930
f 2407/1378/1931 2408/1379/1932 2409/1380/1933
f 2407/1378/1931 2409/1380/1933 2410/1381/1934
f 2411/1382/1935 2407/1378/1931 2410/1381/1934
f 2410/1381/1934 2412/1383/1936 2411/1382/1935
f 2413/1384/1937 2411/1382/1935 2412/1383/1936
f 2412/1383/1936 2414/1385/1938 2413/1384/1937
f 2415/1386/1939 2416/1387/1940 2417/1388/1941
f 2416/1387/1940 2415/1386/1939 2418/1389/1942
f 2419/1390/1943 2417/1388/1941 2416/1387/1940
f 2417/1388/1941 2419/1390/1943 2420/1391/1944
f 2421/1392/1945 2420/1391/1944 2419/1390/1943
f 2420/1391/1944 2421/1392/1945 2422/1393/1946
f 2423/1394/1947 2424/1395/1948 2425/1396/1949
f 2424/1395/1948 2423/1394/1947 2426/1397/1950
f 2427/1398/1951 2425/1396/1949 2424/1395/1948
f 2427/1398/1951 2424/1395/1948 2428/1399/1952
f 2429/1400/1953 2427/1398/1951 2428/1399/1952
f 2429/1400/1953 2428/1399/1952 2430/1401/1954
f 2431/1402/1500 2432/1403/1955 2433/1404/1956
f 2432/1403/1955 2431/1402/1500 2434/1405/1957
f 2435/1406/1958 2433/1404/1956 2432/1403/1955
f 2433/1404/1956 2435/1406/1958 2436/1407/1959
f 2437/1408/1960 2436/1407/1959 2435/1406/1958
f 2436/1407/1959 2437/1408/1960 2438/1409/1961
f 2439/1410/1962 2440/1411/1963 2441/1412/1964
f 2440/1411/1963 2439/1410/1962 2442/1413/1965
f 2443/1414/1966 2441/1412/1964 2440/1411/1963
f 2441/1412/1964 2443/1414/1966 2444/1415/1967
f 2445/1416/1968 2444/1415/1967 2443/1414/1966
f 2444/1415/1967 2445/1416/1968 2446/1417/1969
f 2447/1418/1970 2448/1419/1971 2449/1420/1972
f 2448/1419/1971 2447/1418/1970 2450/1421/1447
f 2451/1422/1973 2449/1420/1972 2448/1419/1971
f 2449/1420/1972 2451/1422/1973 2452/1423/1974
f 2452/1423/1974 2451/1422/1973 2453/1424/1975
f 2453/1424/1975 2451/1422/1973 2454/1425/1976
f 2455/1426/1977 2456/1427/1035 2457/1428/1978
f 2456/1427/1035 2455/1426/1977 2458/1429/1979
f 2459/1430/1980 2458/1429/1979 2455/1426/1977
f 2458/1429/1979 2459/1430/1980 2460/1431/1981
f 2461/1432/1982 2460/1431/1981 2459/1430/1980
f 2460/1431/1981 2461/1432/1982 2462/1433/1983
f 2463/1434/1984 2464/1435/1985 2465/1436/1986
f 2464/1435/1985 2466/1437/1987 2465/1436/1986
f 2467/1438/1988 2464/1435/1985 2463/1434/1984
f 2467/1438/1988 2463/1434/1984 2468/1439/1989
f 2469/1440/1990 2467/1438/1988 2468/1439/1989
f 2469/1440/1990 2468/1439/1989 2470/1441/1991
f 2471/1211/1992 2472/943/1993 2473/941/1994
f 2474/1212/1306 2472/943/1993 2471/1211/1992
f 2474/1212/1306 2475/945/1306 2472/943/1993
f 2471/1211/1992 2473/941/1994 2476/1210/1995
f 2473/941/1994 1967/940/1611 2476/1210/1995
f 2471/1211/1992 2477/303/1306 2474/1212/1306
f 2477/303/1306 2471/1211/1992 2478/301/1306
f 2479/305/1306 2474/1212/1306 2477/303/1306
f 2478/301/1306 2471/1211/1992 2480/300/1996
f 2476/1210/1995 2480/300/1996 2471/1211/1992
f 2480/300/1996 2476/1210/1995 2481/298/1997
f 2481/298/1997 2476/1210/1995 1964/296/1608
f 2482/306/1306 2474/1212/1306 2479/305/1306
f 1965/1115/1609 1964/296/1608 2476/1210/1995
f 1965/1115/1609 2476/1210/1995 1967/940/1611
f 2483/1442/1998 2484/1443/1999 2485/1444/2000
f 2485/1444/2000 2486/1445/2001 2483/1442/1998
f 2484/1443/1999 2483/1442/1998 2487/1446/2002
f 2487/1446/2002 2488/1447/2003 2484/1443/1999
f 2489/1448/2004 2488/1447/2003 2487/1446/2002
f 2488/1447/2003 2489/1448/2004 2490/1449/2005
f 2491/1450/2006 2492/1451/2007 2493/1452/2008
f 2492/1451/2007 2494/1453/2009 2493/1452/2008
f 2491/1450/2006 2495/1454/2010 2492/1451/2007
f 2495/1454/2010 2491/1450/2006 2496/1455/2011
f 2497/1456/2012 2495/1454/2010 2496/1455/2011
f 2497/1456/2012 2496/1455/2011 2498/1457/2013
f 2499/1458/2014 2500/1459/2015 2501/1460/2016
f 2500/1459/2015 2499/1458/2014 2502/1461/2017
f 2503/1462/2018 2501/1460/2016 2500/1459/2015
f 2501/1460/2016 2503/1462/2018 2504/1463/2019
f 2505/1464/2020 2504/1463/2019 2503/1462/2018
f 2504/1463/2019 2505/1464/2020 2506/1465/2021
f 2507/1466/2022 2508/1467/2023 2509/1468/2024
f 2510/1469/2025 2507/1466/2022 2509/1468/2024
f 2508/1467/2023 2507/1466/2022 2511/1470/2026
f 2511/1470/2026 2512/1471/2027 2508/1467/2023
f 2513/1472/2028 2507/1466/2022 2510/1469/2025
f 2514/1473/2029 2511/1470/2026 2507/1466/2022
f 2513/1472/2028 2514/1473/2029 2507/1466/2022
f 2512/1471/2027 2511/1470/2026 2515/1474/2030
f 2515/1474/2030 2516/1475/2031 2512/1471/2027
f 2517/1476/2032 2515/1474/2030 2511/1470/2026
f 2511/1470/2026 2514/1473/2029 2517/1476/2032
f 2516/1475/2031 2515/1474/2030 2234/1264/1796
f 2234/1264/1796 2233/1263/1795 2516/1475/2031
f 2515/1474/2030 2517/1476/2032 2518/1477/2033
f 2518/1477/2033 2234/1264/1796 2515/1474/2030
f 2519/1478/1548 2517/1476/2032 2514/1473/2029
f 2517/1476/2032 2519/1478/1548 2520/1479/1545
f 2520/1479/1545 2518/1477/2033 2517/1476/2032
f 2514/1473/2029 2521/1480/2034 2519/1478/1548
f 2518/1477/2033 2520/1479/1545 2522/1481/2035
f 2521/1480/2034 2514/1473/2029 2523/1482/2036
f 2523/1482/2036 2514/1473/2029 2513/1472/2028
f 2523/1482/2036 2524/1483/2037 2521/1480/2034
f 2522/1481/2035 2231/1261/1793 2518/1477/2033
f 2234/1264/1796 2518/1477/2033 2231/1261/1793
f 2231/1261/1793 2522/1481/2035 2230/1260/1792
f 2524/1483/2037 2523/1482/2036 2525/1484/2038
f 2513/1472/2028 2525/1484/2038 2523/1482/2036
f 2525/1484/2038 2526/1485/2039 2524/1483/2037
f 2525/1484/2038 2513/1472/2028 2527/1486/2040
f 2510/1469/2025 2527/1486/2040 2513/1472/2028
f 2527/1486/2040 2510/1469/2025 2528/1487/2041
f 2526/1485/2039 2525/1484/2038 2529/1488/2042
f 2527/1486/2040 2529/1488/2042 2525/1484/2038
f 2529/1488/2042 2530/1489/2043 2526/1485/2039
f 2528/1487/2041 2531/1490/2044 2527/1486/2040
f 2529/1488/2042 2527/1486/2040 2531/1490/2044
f 2531/1490/2044 2528/1487/2041 2532/1491/2045
f 2530/1489/2043 2529/1488/2042 2533/1492/2046
f 2531/1490/2044 2533/1492/2046 2529/1488/2042
f 2533/1492/2046 2534/1493/2047 2530/1489/2043
f 2532/1491/2045 2535/1494/2048 2531/1490/2044
f 2533/1492/2046 2531/1490/2044 2535/1494/2048
f 2535/1494/2048 2532/1491/2045 2536/1495/2049
f 2534/1493/2047 2533/1492/2046 2537/1496/2050
f 2535/1494/2048 2537/1496/2050 2533/1492/2046
f 2536/1495/2049 2538/1497/2051 2535/1494/2048
f 2537/1496/2050 2535/1494/2048 2538/1497/2051
f 2538/1497/2051 2536/1495/2049 2539/1498/2052
f 2538/1497/2051 2539/1498/2052 2540/1499/2053
f 2541/1500/2054 2538/1497/2051 2540/1499/2053
f 2537/1496/2050 2538/1497/2051 2541/1500/2054
f 2542/1501/2055 2541/1500/2054 2540/1499/2053
f 2537/1496/2050 2543/1502/2056 2534/1493/2047
f 2543/1502/2056 2537/1496/2050 2541/1500/2054
f 2544/1503/2057 2534/1493/2047 2543/1502/2056
f 2542/1501/2055 2545/1504/2058 2541/1500/2054
f 2545/1504/2058 2543/1502/2056 2541/1500/2054
f 2545/1504/2058 2542/1501/2055 2546/1505/2059
f 2544/1503/2057 2543/1502/2056 2547/1506/2060
f 2545/1504/2058 2547/1506/2060 2543/1502/2056
f 2547/1506/2060 2548/1507/2061 2544/1503/2057
f 2549/1508/2062 2545/1504/2058 2546/1505/2059
f 2547/1506/2060 2545/1504/2058 2549/1508/2062
f 2549/1508/2062 2546/1505/2059 2550/1509/2063
f 2550/1509/2063 2551/1510/2064 2549/1508/2062
f 2548/1507/2061 2547/1506/2060 2552/1511/2065
f 2552/1511/2065 2547/1506/2060 2549/1508/2062
f 2553/1512/1586 2548/1507/2061 2552/1511/2065
f 2552/1511/2065 2554/1513/36 2553/1512/1586
f 2554/1513/36 2552/1511/2065 2555/1514/2066
f 2549/1508/2062 2555/1514/2066 2552/1511/2065
f 2555/1514/2066 2549/1508/2062 2551/1510/2064
f 2551/1510/2064 2556/1515/2067 2555/1514/2066
f 2556/1515/2067 2551/1510/2064 2557/1516/18
f 2558/734/2068 2559/732/2069 2560/732/2070
f 2559/732/2069 2561/728/2071 2560/732/2070
f 2562/1517/2072 2559/732/2069 2563/1518/2073
f 2562/1517/2074 2564/726/2075 2561/728/2071
f 2565/726/2076 2561/728/2071 2564/726/2075
f 2563/1518/2077 2566/734/2078 2567/732/2079
f 2562/1517/2080 2567/732/2079 2568/728/2081
f 2569/732/2082 2570/728/2083 2568/728/2084
f 2571/726/2085 2568/728/2084 2570/728/2083
f 2562/1517/2080 2572/726/2086 2573/1519/2087
f 2574/711/2088 2573/1519/2087 2572/726/2086
f 2573/1519/2087 2574/711/2088 2575/1520/2089
f 2572/726/2086 2576/711/2090 2574/711/2088
f 2574/711/2088 2577/1521/2091 2575/1520/2089
f 2574/711/2088 2576/711/2090 2578/712/2092
f 2578/712/2093 2579/1522/2094 2577/1521/2091
f 2579/1522/2094 2580/713/2095 2581/1523/2096
f 2582/712/2097 2583/713/2098 2580/713/2095
f 2584/716/2099 2583/713/2100 2585/716/2101
f 2581/1523/2102 2584/716/2099 2586/1524/2103
f 2585/716/2101 2587/720/2104 2584/716/2099
f 2587/720/2104 2585/716/2101 2588/720/2105
f 2587/720/2106 2589/719/2107 2590/719/2108
f 2586/1524/2109 2590/719/2110 2591/1525/2111
f 2591/1525/2111 2590/719/2110 2592/1526/2112
f 2593/721/2113 2592/1526/2112 2590/719/2110
f 2594/723/2114 2592/1526/2112 2593/721/2113
f 2593/721/2113 2595/723/2115 2594/723/2114
f 2595/723/2115 2593/721/2113 2596/721/2116
f 2597/1527/2117 2598/723/2118 2592/1526/2119
f 2598/723/2120 2599/722/2121 2600/723/2122
f 2597/1527/2117 2601/722/2123 2598/723/2118
f 2601/722/2123 2597/1527/2117 2602/1528/2124
f 2602/1528/2124 2603/718/2125 2601/722/2123
f 2604/718/2126 2601/722/2123 2603/718/2125
f 2602/1528/2127 2605/718/2128 2606/1529/2129
f 2606/1529/2130 2607/717/2131 2603/718/2125
f 2608/722/2132 2609/718/2133 2605/718/2134
f 2609/718/2133 2608/722/2132 2610/722/2135
f 2606/1529/2130 2611/717/2136 2612/493/2137
f 2612/493/2138 2613/494/2139 2607/717/2140
f 2614/494/2141 2607/717/2140 2613/494/2139
f 2613/494/2139 2612/493/2138 2615/495/838
f 2616/496/839 2613/494/2139 2615/495/838
f 2617/498/842 2618/497/863 2616/496/840
f 2619/497/843 2616/496/839 2620/494/2142
f 2620/494/2142 2621/494/2143 2619/497/843
f 2622/497/2144 2619/497/843 2621/494/2143
f 2623/499/847 2617/498/842 2619/497/843
f 2622/497/844 2624/499/2145 2623/499/845
f 2623/499/845 2624/499/2145 2625/500/846
f 2617/498/842 2625/500/849 2626/503/854
f 2627/501/852 2626/503/854 2625/500/849
f 2626/503/854 2627/501/852 2628/504/866
f 2629/502/2146 2628/504/866 2627/501/852
f 2627/501/852 2630/502/853 2629/502/2146
f 2631/506/2147 2629/502/2146 2630/502/853
f 2632/499/2148 2617/498/842 2633/500/855
f 2634/499/2149 2633/500/855 2635/500/2150
f 2633/500/855 2636/501/2151 2635/500/2150
f 2636/501/2151 2633/500/855 2637/501/2152
f 2637/501/2152 2638/502/2153 2636/501/2151
f 2638/502/2153 2637/501/2152 2639/502/858
f 2639/502/858 2640/506/2154 2638/502/2153
f 2628/504/857 2641/505/869 2639/502/2155
f 2640/506/2154 2639/502/858 2642/506/870
f 2642/506/870 2643/507/2156 2640/506/2154
f 2643/507/2156 2642/506/870 2644/507/2157
f 2645/508/875 2642/506/870 2641/505/869
f 2646/510/881 2644/507/876 2645/508/875
f 2647/509/2158 2644/507/877 2648/509/2159
f 2649/511/886 2648/509/2159 2646/510/881
f 2650/506/873 2641/505/868 2629/502/871
f 2651/507/2160 2645/508/2161 2650/506/873
f 2650/506/873 2652/507/2162 2651/507/2160
f 2653/509/884 2651/507/2160 2652/507/2162
f 2654/509/885 2646/510/881 2651/507/880
f 2655/512/2163 2654/509/2164 2653/509/884
f 2654/509/2164 2655/512/2163 2656/512/2165
f 2656/512/2165 2649/511/890 2654/509/2164
f 1352/734/1128 2657/1140/2166 1353/735/1129
f 2658/1141/2166 2657/1140/2166 1352/734/1128
f 2658/1141/2166 2659/1142/2167 2657/1140/2166
f 2659/1142/2167 2658/1141/2166 2660/1143/2168
f 2660/1143/2168 2661/1144/1306 2659/1142/2167
f 2662/1145/1306 2661/1144/1306 2660/1143/2168
f 2662/1145/1306 2663/1146/1306 2661/1144/1306
f 2663/1146/1306 2662/1145/1306 2664/1147/1306
f 2663/1146/1306 2664/1147/1306 2665/1148/1306
f 2666/1149/1306 2665/1148/1306 2664/1147/1306
f 2665/1148/1306 2666/1149/1306 2667/1150/1306
f 2668/1151/1306 2667/1150/1306 2666/1149/1306
f 2667/1150/1306 2668/1151/1306 2669/1152/1306
f 2670/1153/1306 2669/1152/1306 2668/1151/1306
f 2669/1152/1306 2670/1153/1306 2671/1154/1306
f 2672/1155/1306 2669/1152/1306 2671/1154/1306
f 2673/1156/1306 2672/1155/1306 2671/1154/1306
f 2672/1155/1306 2673/1156/1306 2674/1157/1306
f 2674/1157/1306 2673/1156/1306 2675/1158/1306
f 2676/227/1306 2674/1157/1306 2675/1158/1306
f 2674/1157/1306 2676/227/1306 2677/1159/1306
f 2678/226/1306 2677/1159/1306 2676/227/1306
f 2679/224/1306 2677/1159/1306 2678/226/1306
f 2677/1159/1306 2679/224/1306 2680/1160/1306
f 2681/221/1306 2680/1160/1306 2679/224/1306
f 2680/1160/1306 2681/221/1306 2682/215/1306
f 2683/1161/1306 2680/1160/1306 2682/215/1306
f 2683/1161/1306 2682/215/1306 2684/214/1306
f 2683/1161/1306 2684/214/1306 2685/216/1306
f 2686/1530/2169 2687/1531/2170 2688/1532/2171
f 2687/1531/2170 2686/1530/2169 2689/1533/2172
f 2690/1534/2173 2688/1532/2171 2687/1531/2170
f 2688/1532/2171 2690/1534/2173 2691/1535/2174
f 2691/1535/2174 2690/1534/2173 2692/1536/2175
f 2692/1536/2175 2690/1534/2173 2693/1537/2008
f 2694/1216/1306 2695/947/1306 2696/1213/1306
f 2695/947/1306 2694/1216/1306 2697/1217/1306
f 2475/945/1306 2696/1213/1306 2695/947/1306
f 2696/1213/1306 2475/945/1306 2474/1212/1306
f 2474/1212/1306 2482/306/1306 2696/1213/1306
f 2698/1214/1306 2696/1213/1306 2482/306/1306
f 2696/1213/1306 2698/1214/1306 2699/1215/1306
f 2700/180/2176 2701/1538/2176 2702/181/2176
f 2703/180/2177 2704/181/2177 2705/1538/2177
f 2706/1539/2178 2707/1540/2179 2708/1541/2180
f 2707/1540/2179 2706/1539/2178 2709/1542/2181
f 2710/1543/2182 2708/1541/2180 2707/1540/2179
f 2708/1541/2180 2710/1543/2182 2711/1544/2183
f 2712/1545/2184 2711/1544/2183 2710/1543/2182
f 2711/1544/2183 2712/1545/2184 2713/1546/2185
f 2714/1547/2186 2715/1548/2187 2716/1549/2188
f 2715/1548/2187 2714/1547/2186 2717/1550/2189
f 2718/1551/2190 2716/1549/2188 2715/1548/2187
f 2716/1549/2188 2718/1551/2190 2719/1552/2191
f 2720/1553/2192 2719/1552/2191 2718/1551/2190
f 2719/1552/2191 2720/1553/2192 2721/1554/2193
f 2722/1555/2194 2723/1556/2195 2724/1557/2196
f 2723/1556/2195 2722/1555/2194 2725/1558/2197
f 2726/1559/2198 2724/1557/2196 2723/1556/2195
f 2724/1557/2196 2726/1559/2198 2727/1560/2199
f 2728/1561/2200 2727/1560/2199 2726/1559/2198
f 2727/1560/2199 2728/1561/2200 2729/1562/2201
f 2730/1563/2202 2731/1564/2203 2732/1565/2204
f 2732/1565/2204 2731/1564/2203 2733/1566/2205
f 2734/1567/2206 2732/1565/2204 2733/1566/2205
f 2734/1567/2206 2733/1566/2205 2735/1568/2207
f 2736/1569/2208 2734/1567/2206 2735/1568/2207
f 2736/1569/2208 2735/1568/2207 2737/1570/2209
f 2738/1571/2210 2739/1572/2211 2740/1573/2212
f 2739/1572/2211 2738/1571/2210 2741/1574/2213
f 2741/1574/2213 2742/1575/2214 2739/1572/2211
f 2742/1575/2214 2741/1574/2213 2743/1576/2215
f 2743/1576/2215 2744/1577/2216 2742/1575/2214
f 2744/1577/2216 2745/1578/2217 2742/1575/2214
f 2746/1579/2218 2747/1580/2219 2748/1581/2220
f 2747/1580/2219 2746/1579/2218 2749/1582/2221
f 2750/1583/2222 2748/1581/2220 2747/1580/2219
f 2748/1581/2220 2750/1583/2222 2751/1584/2223
f 2752/1585/2224 2751/1584/2223 2750/1583/2222
f 2752/1585/2224 2750/1583/2222 2753/1586/2225
f 2754/1587/2226 2755/1588/2227 2756/1589/2228
f 2756/1589/2228 2755/1588/2227 2757/1590/2229
f 2758/1591/2230 2756/1589/2228 2757/1590/2229
f 2758/1591/2230 2757/1590/2229 2759/1592/2231
f 2760/1593/2232 2758/1591/2230 2759/1592/2231
f 2760/1593/2232 2759/1592/2231 2761/1594/2233
f 2762/1595/2234 2763/1596/2235 2764/1597/2236
f 2763/1596/2235 2762/1595/2234 2765/1598/2237
f 2766/1599/2238 2765/1598/2237 2762/1595/2234
f 2765/1598/2237 2766/1599/2238 2767/1600/2239
f 2768/1601/1334 2767/1600/2239 2766/1599/2238
f 2767/1600/2239 2768/1601/1334 2769/1602/1331
f 2770/1465/2240 2771/1603/2241 2772/1604/2242
f 2772/1604/2242 2771/1603/2241 2773/1605/2243
f 2774/1606/2244 2772/1604/2242 2773/1605/2243
f 2774/1606/2244 2773/1605/2243 2775/1607/2245
f 2776/1608/1416 2774/1606/2244 2775/1607/2245
f 2776/1608/1416 2775/1607/2245 2777/1609/2246
f 2778/1610/2247 2779/1611/2248 2780/1612/2249
f 2778/1610/2247 2780/1612/2249 2781/1613/2250
f 2782/1614/2251 2778/1610/2247 2781/1613/2250
f 2782/1614/2251 2781/1613/2250 2783/1615/2252
f 2784/1616/2253 2782/1614/2251 2783/1615/2252
f 2784/1616/2253 2783/1615/2252 2785/1617/2254
f 2786/1618/2255 2787/1619/2256 2788/1620/2257
f 2787/1619/2256 2786/1618/2255 2789/1621/2258
f 2790/1622/2259 2788/1620/2257 2787/1619/2256
f 2788/1620/2257 2790/1622/2259 2791/1623/2260
f 2792/1624/2261 2791/1623/2260 2790/1622/2259
f 2792/1624/2261 2790/1622/2259 2793/1625/1329
f 2794/1626/2262 2795/1627/2263 2796/1628/2264
f 2795/1627/2263 2794/1626/2262 2797/1629/2265
f 2798/1630/2266 2796/1628/2264 2795/1627/2263
f 2796/1628/2264 2798/1630/2266 2799/1631/2267
f 2800/1632/2268 2799/1631/2267 2798/1630/2266
f 2799/1631/2267 2800/1632/2268 2801/1633/2269
f 2802/1634/2270 2803/1635/2271 2804/1636/2272
f 2804/1636/2272 2803/1635/2271 2805/1637/2273
f 2806/1638/2274 2804/1636/2272 2805/1637/2273
f 2806/1638/2274 2805/1637/2273 2807/1639/2275
f 2808/1640/2276 2806/1638/2274 2807/1639/2275
f 2808/1640/2276 2807/1639/2275 2809/1641/1503
f 2810/1642/2277 2811/1643/2278 2812/1644/2279
f 2811/1643/2278 2810/1642/2277 2813/1645/2277
f 2811/1643/2278 2813/1645/2277 2814/1646/2280
f 2812/1644/2279 2811/1643/2278 2815/1647/2281
f 2814/1646/2280 2816/1648/2282 2811/1643/2278
f 2811/1643/2278 2817/1649/2283 2815/1647/2281
f 2815/1647/2281 2817/1649/2283 2818/1650/2284
f 2819/1651/2285 2811/1643/2278 2816/1648/2282
f 2817/1649/2283 2811/1643/2278 2819/1651/2285
f 2819/1651/2285 2816/1648/2282 2820/1652/2286
f 2820/1652/2286 2821/1653/2287 2819/1651/2285
f 2822/1654/2288 2819/1651/2285 2821/1653/2287
f 2819/1651/2285 2822/1654/2288 2817/1649/2283
f 2823/1655/2289 2822/1654/2288 2821/1653/2287
f 2817/1649/2283 2824/1656/2290 2818/1650/2284
f 2822/1654/2288 2824/1656/2290 2817/1649/2283
f 2818/1650/2284 2824/1656/2290 2825/1657/2291
f 2824/1656/2290 2826/1658/2292 2825/1657/2291
f 2824/1656/2290 2827/1659/2293 2826/1658/2292
f 2827/1659/2293 2824/1656/2290 2828/1660/2294
f 2824/1656/2290 2822/1654/2288 2828/1660/2294
f 2828/1660/2294 2829/1661/2295 2827/1659/2293
f 2822/1654/2288 2823/1655/2289 2830/1662/2296
f 2830/1662/2296 2828/1660/2294 2822/1654/2288
f 2831/1663/2297 2830/1662/2296 2823/1655/2289
f 2829/1661/2295 2828/1660/2294 2832/1664/2298
f 2828/1660/2294 2830/1662/2296 2832/1664/2298
f 2830/1662/2296 2831/1663/2297 2833/1665/2299
f 2833/1665/2299 2832/1664/2298 2830/1662/2296
f 2834/1666/2300 2833/1665/2299 2831/1663/2297
f 2835/1667/2301 2829/1661/2295 2832/1664/2298
f 2832/1664/2298 2833/1665/2299 2835/1667/2301
f 2829/1661/2295 2835/1667/2301 2836/1668/2302
f 2833/1665/2299 2834/1666/2300 2837/1669/2303
f 2837/1669/2303 2835/1667/2301 2833/1665/2299
f 2838/1670/2304 2837/1669/2303 2834/1666/2300
f 2839/1671/2305 2836/1668/2302 2835/1667/2301
f 2835/1667/2301 2837/1669/2303 2839/1671/2305
f 2836/1668/2302 2839/1671/2305 2840/1672/2306
f 2839/1671/2305 2841/1673/2307 2840/1672/2306
f 2837/1669/2303 2838/1670/2304 2842/1674/2308
f 2842/1674/2308 2839/1671/2305 2837/1669/2303
f 2843/1675/2309 2842/1674/2308 2838/1670/2304
f 2841/1673/2307 2839/1671/2305 2844/1676/2310
f 2839/1671/2305 2842/1674/2308 2844/1676/2310
f 2842/1674/2308 2843/1675/2309 2845/1677/2311
f 2845/1677/2311 2844/1676/2310 2842/1674/2308
f 2843/1675/2309 2846/1678/2312 2845/1677/2311
f 2847/1679/2313 2841/1673/2307 2844/1676/2310
f 2844/1676/2310 2845/1677/2311 2847/1679/2313
f 2847/1679/2313 2845/1677/2311 2846/1678/2312
f 2841/1673/2307 2847/1679/2313 2848/1680/2314
f 2847/1679/2313 2846/1678/2312 2849/1681/2315
f 2847/1679/2313 2850/1682/2316 2848/1680/2314
f 2850/1682/2316 2847/1679/2313 2849/1681/2315
f 2851/1683/2317 2852/211/2317 2853/213/2317
f 2854/1642/2277 2855/1643/2318 2856/1645/2319
f 2856/1645/2319 2855/1643/2318 2857/1646/2320
f 2855/1643/2318 2854/1642/2277 2858/1644/2321
f 2857/1646/2320 2855/1643/2318 2859/1648/2322
f 2860/1647/2323 2855/1643/2318 2858/1644/2321
f 2859/1648/2322 2855/1643/2318 2861/1651/2324
f 2861/1651/2324 2862/1652/2325 2859/1648/2322
f 2862/1652/2325 2861/1651/2324 2863/1653/2326
f 2860/1647/2323 2864/1649/2327 2855/1643/2318
f 2855/1643/2318 2864/1649/2327 2861/1651/2324
f 2865/1650/2328 2864/1649/2327 2860/1647/2323
f 2861/1651/2324 2866/1654/2329 2863/1653/2326
f 2866/1654/2329 2861/1651/2324 2864/1649/2327
f 2864/1649/2327 2865/1650/2328 2867/1656/2330
f 2864/1649/2327 2867/1656/2330 2866/1654/2329
f 2868/1657/2331 2867/1656/2330 2865/1650/2328
f 2867/1656/2330 2868/1657/2331 2869/1658/2332
f 2870/1659/2333 2867/1656/2330 2869/1658/2332
f 2863/1653/2326 2866/1654/2329 2871/1655/2334
f 2867/1656/2330 2870/1659/2333 2872/1660/2335
f 2867/1656/2330 2872/1660/2335 2866/1654/2329
f 2873/1661/2336 2872/1660/2335 2870/1659/2333
f 2866/1654/2329 2874/1662/2337 2871/1655/2334
f 2866/1654/2329 2872/1660/2335 2874/1662/2337
f 2875/1663/2338 2871/1655/2334 2874/1662/2337
f 2872/1660/2335 2873/1661/2336 2876/1664/2339
f 2876/1664/2339 2874/1662/2337 2872/1660/2335
f 2874/1662/2337 2877/1665/2340 2875/1663/2338
f 2877/1665/2340 2874/1662/2337 2876/1664/2339
f 2878/1666/2341 2875/1663/2338 2877/1665/2340
f 2879/1667/2342 2876/1664/2339 2873/1661/2336
f 2876/1664/2339 2879/1667/2342 2877/1665/2340
f 2873/1661/2336 2880/1668/2343 2879/1667/2342
f 2877/1665/2340 2881/1669/2344 2878/1666/2341
f 2881/1669/2344 2877/1665/2340 2879/1667/2342
f 2882/1670/2345 2878/1666/2341 2881/1669/2344
f 2883/1671/2346 2879/1667/2342 2880/1668/2343
f 2879/1667/2342 2883/1671/2346 2881/1669/2344
f 2880/1668/2343 2884/1672/2347 2883/1671/2346
f 2885/1673/2348 2883/1671/2346 2884/1672/2347
f 2882/1670/2345 2881/1669/2344 2886/1674/2349
f 2886/1674/2349 2881/1669/2344 2883/1671/2346
f 2887/1675/2350 2882/1670/2345 2886/1674/2349
f 2883/1671/2346 2885/1673/2348 2888/1676/2351
f 2883/1671/2346 2888/1676/2351 2886/1674/2349
f 2887/1675/2350 2886/1674/2349 2889/1677/2352
f 2889/1677/2352 2886/1674/2349 2888/1676/2351
f 2887/1675/2350 2889/1677/2352 2890/1678/2353
f 2891/1679/2354 2888/1676/2351 2885/1673/2348
f 2888/1676/2351 2891/1679/2354 2889/1677/2352
f 2891/1679/2354 2890/1678/2353 2889/1677/2352
f 2885/1673/2348 2892/1680/2355 2891/1679/2354
f 2890/1678/2353 2891/1679/2354 2893/1681/2356
f 2894/1682/2357 2891/1679/2354 2892/1680/2355
f 2891/1679/2354 2894/1682/2357 2893/1681/2356
f 2895/1683/2358 2896/213/2358 2897/211/2358
f 2898/1684/2359 2899/1685/2360 2900/1686/2361
f 2898/1684/2359 2900/1686/2361 2901/1687/2362
f 2902/1688/2363 2898/1684/2359 2901/1687/2362
f 2902/1688/2363 2901/1687/2362 2903/1689/2364
f 2904/1690/2365 2902/1688/2363 2903/1689/2364
f 2904/1690/2365 2903/1689/2364 2905/1691/2366
f 2906/1692/2367 2907/1693/2368 2908/1694/2369
f 2907/1693/2368 2909/1695/2370 2908/1694/2369
f 2910/1696/2371 2907/1693/2368 2906/1692/2367
f 2910/1696/2371 2906/1692/2367 2911/1697/2372
f 2912/1698/1039 2910/1696/2371 2911/1697/2372
f 2912/1698/1039 2911/1697/2372 2913/1699/2373
f 2914/1700/2374 2915/1701/2375 2916/1702/2376
f 2915/1701/2375 2917/1703/2377 2916/1702/2376
f 2918/1704/2378 2915/1701/2375 2914/1700/2374
f 2918/1704/2378 2914/1700/2374 2919/1705/2379
f 2920/1706/2380 2918/1704/2378 2919/1705/2379
f 2920/1706/2380 2919/1705/2379 2921/1707/2381
f 2922/1708/2382 2923/1709/2383 2924/1710/2384
f 2923/1709/2383 2922/1708/2382 2925/1711/2385
f 2926/1712/2386 2924/1710/2384 2923/1709/2383
f 2924/1710/2384 2926/1712/2386 2927/1713/2387
f 2928/1714/1452 2927/1713/2387 2926/1712/2386
f 2928/1714/1452 2926/1712/2386 2929/1715/2388
f 2930/1716/2389 2931/1717/2390 2932/1718/2391
f 2931/1717/2390 2930/1716/2389 2933/1719/2392
f 2930/1716/2389 2934/1720/2393 2933/1719/2392
f 2930/1716/2389 2935/1721/2394 2934/1720/2393
f 2934/1720/2393 2935/1721/2394 2936/1722/1991
f 2935/1721/2394 2937/1723/2395 2936/1722/1991
f 2938/1724/2396 2939/1725/2397 2940/1726/2398
f 2940/1726/2398 2939/1725/2397 2941/1727/2399
f 2942/1728/1555 2938/1724/2396 2940/1726/2398
f 2939/1725/2397 2943/1729/2400 2941/1727/2399
f 2941/1727/2399 2943/1729/2400 2944/1730/2401
f 2943/1729/2400 2945/1731/2402 2944/1730/2401
f 2946/1732/2403 2944/1730/2401 2945/1731/2402
f 2945/1731/2402 2947/1733/2404 2946/1732/2403
f 2947/1733/2404 2945/1731/2402 2948/1734/2405
f 2948/1734/2405 2945/1731/2402 2949/1735/2406
f 2950/1736/2407 2949/1735/2406 2945/1731/2402
f 2945/1731/2402 2943/1729/2400 2950/1736/2407
f 2949/1735/2406 2950/1736/2407 2951/1737/2408
f 2952/1738/2409 2951/1737/2408 2950/1736/2407
f 2953/1739/2410 2950/1736/2407 2943/1729/2400
f 2950/1736/2407 2953/1739/2410 2952/1738/2409
f 2939/1725/2397 2953/1739/2410 2943/1729/2400
f 2954/1740/2411 2952/1738/2409 2953/1739/2410
f 2955/1741/2412 2953/1739/2410 2939/1725/2397
f 2955/1741/2412 2954/1740/2411 2953/1739/2410
f 2938/1724/2396 2955/1741/2412 2939/1725/2397
f 2956/1742/2413 2954/1740/2411 2955/1741/2412
f 2957/1743/2414 2956/1742/2413 2955/1741/2412
f 2957/1743/2414 2955/1741/2412 2938/1724/2396
f 2958/1744/2415 2956/1742/2413 2957/1743/2414
f 2959/1745/2416 2957/1743/2414 2938/1724/2396
f 2959/1745/2416 2938/1724/2396 2942/1728/1555
f 2960/1746/2417 2958/1744/2415 2957/1743/2414
f 2960/1746/2417 2957/1743/2414 2959/1745/2416
f 2961/1747/2418 2958/1744/2415 2960/1746/2417
f 2962/1748/1557 2959/1745/2416 2942/1728/1555
f 2963/1749/2419 2961/1747/2418 2960/1746/2417
f 2964/1750/2420 2961/1747/2418 2963/1749/2419
f 2963/1749/2419 2965/1751/2421 2964/1750/2420
f 2966/1752/2422 2960/1746/2417 2959/1745/2416
f 2963/1749/2419 2960/1746/2417 2966/1752/2422
f 2966/1752/2422 2959/1745/2416 2962/1748/1557
f 2965/1751/2421 2963/1749/2419 2967/1753/2423
f 2966/1752/2422 2967/1753/2423 2963/1749/2419
f 2967/1753/2423 2968/1754/2424 2965/1751/2421
f 2962/1748/1557 2969/1755/2425 2966/1752/2422
f 2967/1753/2423 2966/1752/2422 2969/1755/2425
f 2969/1755/2425 2962/1748/1557 2970/1756/2426
f 2971/1757/1564 2969/1755/2425 2970/1756/2426
f 2972/1758/2427 2969/1755/2425 2971/1757/1564
f 2972/1758/2427 2967/1753/2423 2969/1755/2425
f 2973/1759/2428 2972/1758/2427 2971/1757/1564
f 2968/1754/2424 2967/1753/2423 2974/1760/2429
f 2974/1760/2429 2967/1753/2423 2972/1758/2427
f 2975/1761/2430 2972/1758/2427 2973/1759/2428
f 2975/1761/2430 2974/1760/2429 2972/1758/2427
f 2976/1762/2431 2975/1761/2430 2973/1759/2428
f 2977/1763/2432 2968/1754/2424 2974/1760/2429
f 2977/1763/2432 2974/1760/2429 2975/1761/2430
f 2978/1764/2433 2968/1754/2424 2977/1763/2432
f 2979/1765/2434 2975/1761/2430 2976/1762/2431
f 2979/1765/2434 2977/1763/2432 2975/1761/2430
f 2980/1766/2435 2979/1765/2434 2976/1762/2431
f 2981/1767/2436 2978/1764/2433 2977/1763/2432
f 2981/1767/2436 2977/1763/2432 2979/1765/2434
f 2982/1768/2437 2978/1764/2433 2981/1767/2436
f 2983/1769/2438 2979/1765/2434 2980/1766/2435
f 2983/1769/2438 2981/1767/2436 2979/1765/2434
f 2984/1770/2439 2982/1768/2437 2981/1767/2436
f 2984/1770/2439 2981/1767/2436 2983/1769/2438
f 2985/1771/2440 2982/1768/2437 2984/1770/2439
f 2984/1770/2439 2986/1772/2441 2985/1771/2440
f 2983/1769/2438 2987/1773/2442 2984/1770/2439
f 2986/1772/2441 2984/1770/2439 2987/1773/2442
f 2980/1766/2435 2988/1774/2443 2983/1769/2438
f 2987/1773/2442 2983/1769/2438 2988/1774/2443
f 2988/1774/2443 2980/1766/2435 2989/1775/2444
f 2990/1776/2445 2986/1772/2441 2987/1773/2442
f 2988/1774/2443 2990/1776/2445 2987/1773/2442
f 2990/1776/2445 2991/1777/2446 2986/1772/2441
f 2990/1776/2445 2992/1778/2447 2991/1777/2446
f 2989/1775/2444 2993/1779/2448 2988/1774/2443
f 2990/1776/2445 2988/1774/2443 2993/1779/2448
f 2993/1779/2448 2989/1775/2444 2994/1780/2449
f 2992/1778/2447 2990/1776/2445 2995/1781/2450
f 2993/1779/2448 2995/1781/2450 2990/1776/2445
f 2995/1781/2450 2996/1782/2451 2992/1778/2447
f 2996/1782/2451 2995/1781/2450 2997/1783/2452
f 2995/1781/2450 2993/1779/2448 2998/1784/2453
f 2994/1780/2449 2998/1784/2453 2993/1779/2448
f 2998/1784/2453 2997/1783/2452 2995/1781/2450
f 2998/1784/2453 2994/1780/2449 2999/1785/2454
f 3000/1786/2455 2998/1784/2453 2999/1785/2454
f 3000/1786/2455 3001/1787/2456 2998/1784/2453
f 2997/1783/2452 2998/1784/2453 3001/1787/2456
f 3001/1787/2456 3002/1788/2457 2997/1783/2452
f 3002/1788/2457 3001/1787/2456 3003/1789/11
f 3004/1790/2458 3005/1791/2459 3006/1792/2460
f 3007/1793/2461 3004/1790/2458 3006/1792/2460
f 3008/1794/2462 3007/1793/2461 3006/1792/2460
f 3005/1791/2459 3004/1790/2458 3009/1795/2463
f 3009/1795/2463 3010/1796/2464 3005/1791/2459
f 3010/1796/2464 3009/1795/2463 3011/1797/1455
f 3012/1798/2465 3013/1799/2466 3014/1800/2467
f 3013/1799/2466 3012/1798/2465 3015/1801/2468
f 3016/1802/2469 3014/1800/2467 3013/1799/2466
f 3014/1800/2467 3016/1802/2469 3017/1803/2470
f 3018/1804/2471 3017/1803/2470 3016/1802/2469
f 3017/1803/2470 3018/1804/2471 3019/1805/2472
f 3020/1806/2473 3021/1807/2474 3022/1808/2475
f 3021/1807/2474 3023/1809/2476 3022/1808/2475
f 3024/1810/2477 3021/1807/2474 3020/1806/2473
f 3024/1810/2477 3020/1806/2473 3025/1811/2478
f 3026/1812/2479 3024/1810/2477 3025/1811/2478
f 3026/1812/2479 3025/1811/2478 3027/1813/924
f 3028/1814/2480 3029/1815/2481 3030/1816/2481
f 3031/1817/2482 3030/1816/2481 3029/1815/2481
f 3029/1815/2481 3028/1814/2480 3032/1818/2483
f 3029/1815/2481 3033/1819/2484 3031/1817/2482
f 3034/1820/2485 3032/1818/2483 3028/1814/2480
f 3033/1819/2484 3035/1821/2486 3031/1817/2482
f 3032/1818/2483 3034/1820/2485 3036/1822/2487
f 3035/1821/2486 3033/1819/2484 3037/1823/2488
f 3038/1824/2489 3036/1822/2487 3034/1820/2485
f 3037/1823/2488 3039/1825/2490 3035/1821/2486
f 3036/1822/2487 3038/1824/2489 3040/1826/2491
f 3039/1825/2490 3037/1823/2488 3041/1827/2490
f 3042/1828/2492 3040/1826/2491 3038/1824/2489
f 3043/1829/2493 3039/1825/2490 3041/1827/2490
f 3038/1824/2489 3044/1830/2494 3042/1828/2492
f 3039/1825/2490 3043/1829/2493 3045/1831/2495
f 3046/1832/2496 3042/1828/2492 3044/1830/2494
f 3047/1833/2497 3045/1831/2495 3043/1829/2493
f 3044/1830/2494 3048/1834/2498 3046/1832/2496
f 3045/1831/2495 3047/1833/2497 3049/1835/2499
f 3048/1834/2498 3050/1836/2500 3046/1832/2496
f 3050/1836/2500 3049/1835/2499 3047/1833/2497
f 3050/1836/2500 3048/1834/2498 3051/1837/2500
f 3049/1835/2499 3050/1836/2500 3051/1837/2500
f 3052/1838/1665 3053/1839/1665 3054/1840/1665
f 3055/1841/1665 3054/1840/1665 3053/1839/1665
f 3054/1840/1665 3055/1841/1665 3056/1842/1665
f 3053/1839/1665 3057/1843/1665 3055/1841/1665
f 3056/1842/1665 3058/1844/1665 3054/1840/1665
f 3058/1844/1665 3056/1842/1665 3059/1845/1665
f 3060/1846/1665 3054/1840/1665 3058/1844/1665
f 3054/1840/1665 3060/1846/1665 3052/1838/1665
f 3059/1845/1665 3061/1847/1665 3058/1844/1665
f 3061/1847/1665 3059/1845/1665 3062/1848/1665
f 3058/1844/1665 3063/1849/1665 3060/1846/1665
f 3063/1849/1665 3058/1844/1665 3061/1847/1665
f 3064/1850/1665 3052/1838/1665 3060/1846/1665
f 3065/1851/1665 3060/1846/1665 3063/1849/1665
f 3060/1846/1665 3065/1851/1665 3064/1850/1665
f 3062/1848/1665 3066/1852/1665 3061/1847/1665
f 3066/1852/1665 3062/1848/1665 3067/1853/1665
f 3061/1847/1665 3068/1854/1665 3063/1849/1665
f 3068/1854/1665 3061/1847/1665 3066/1852/1665
f 3063/1849/1665 3069/1855/1665 3065/1851/1665
f 3069/1855/1665 3063/1849/1665 3068/1854/1665
f 3067/1853/1665 3070/1856/1665 3066/1852/1665
f 3070/1856/1665 3067/1853/1665 3071/1857/1665
f 3066/1852/1665 3072/1858/1665 3068/1854/1665
f 3072/1858/1665 3066/1852/1665 3070/1856/1665
f 3068/1854/1665 3073/1859/1665 3069/1855/1665
f 3073/1859/1665 3068/1854/1665 3072/1858/1665
f 3071/1857/1665 3074/1860/1665 3070/1856/1665
f 3074/1860/1665 3071/1857/1665 3075/1861/1665
f 3070/1856/1665 3076/1862/1665 3072/1858/1665
f 3076/1862/1665 3070/1856/1665 3074/1860/1665
f 3072/1858/1665 3077/1863/1665 3073/1859/1665
f 3077/1863/1665 3072/1858/1665 3076/1862/1665
f 3075/1861/1665 3078/1864/1665 3074/1860/1665
f 3078/1864/1665 3075/1861/1665 3079/1865/1665
f 3074/1860/1665 3080/1866/1665 3076/1862/1665
f 3080/1866/1665 3074/1860/1665 3078/1864/1665
f 3076/1862/1665 3081/1867/1665 3077/1863/1665
f 3081/1867/1665 3076/1862/1665 3080/1866/1665
f 3079/1865/1665 3082/1868/1665 3078/1864/1665
f 3082/1868/1665 3079/1865/1665 3083/1869/1665
f 3078/1864/1665 3084/1870/1665 3080/1866/1665
f 3084/1870/1665 3078/1864/1665 3082/1868/1665
f 3080/1866/1665 3085/1871/1665 3081/1867/1665
f 3085/1871/1665 3080/1866/1665 3084/1870/1665
f 3083/1869/1665 3086/1872/1665 3082/1868/1665
f 3086/1872/1665 3083/1869/1665 3087/1873/1665
f 3087/1873/1665 3088/1874/1665 3086/1872/1665
f 3088/1874/1665 3087/1873/1665 3089/1875/1665
f 3090/1876/1665 3086/1872/1665 3088/1874/1665
f 3091/1877/1665 3082/1868/1665 3086/1872/1665
f 3086/1872/1665 3090/1876/1665 3091/1877/1665
f 3082/1868/1665 3091/1877/1665 3084/1870/1665
f 3092/1878/1665 3091/1877/1665 3090/1876/1665
f 3093/1879/1665 3084/1870/1665 3091/1877/1665
f 3091/1877/1665 3092/1878/1665 3093/1879/1665
f 3084/1870/1665 3093/1879/1665 3085/1871/1665
f 3094/1880/1665 3093/1879/1665 3092/1878/1665
f 3093/1879/1665 3094/1880/1665 3095/1881/1665
f 3095/1881/1665 3085/1871/1665 3093/1879/1665
f 3096/1882/1665 3095/1881/1665 3094/1880/1665
f 3085/1871/1665 3095/1881/1665 3097/1883/1665
f 3095/1881/1665 3096/1882/1665 3098/1884/1665
f 3098/1884/1665 3097/1883/1665 3095/1881/1665
f 3097/1883/1665 3081/1867/1665 3085/1871/1665
f 3099/1885/1665 3098/1884/1665 3096/1882/1665
f 3081/1867/1665 3097/1883/1665 3100/1886/1665
f 3100/1886/1665 3077/1863/1665 3081/1867/1665
f 3097/1883/1665 3098/1884/1665 3101/1887/1665
f 3101/1887/1665 3100/1886/1665 3097/1883/1665
f 3098/1884/1665 3099/1885/1665 3102/1888/1665
f 3102/1888/1665 3101/1887/1665 3098/1884/1665
f 3103/1889/1665 3102/1888/1665 3099/1885/1665
f 3077/1863/1665 3100/1886/1665 3104/1890/1665
f 3104/1890/1665 3073/1859/1665 3077/1863/1665
f 3100/1886/1665 3101/1887/1665 3105/1891/1665
f 3105/1891/1665 3104/1890/1665 3100/1886/1665
f 3101/1887/1665 3102/1888/1665 3106/1892/1665
f 3106/1892/1665 3105/1891/1665 3101/1887/1665
f 3102/1888/1665 3103/1889/1665 3107/1893/1665
f 3107/1893/1665 3106/1892/1665 3102/1888/1665
f 3108/1894/1665 3107/1893/1665 3103/1889/1665
f 3073/1859/1665 3104/1890/1665 3109/1895/1665
f 3109/1895/1665 3069/1855/1665 3073/1859/1665
f 3104/1890/1665 3105/1891/1665 3110/1896/1665
f 3110/1896/1665 3109/1895/1665 3104/1890/1665
f 3105/1891/1665 3106/1892/1665 3111/1897/1665
f 3111/1897/1665 3110/1896/1665 3105/1891/1665
f 3106/1892/1665 3107/1893/1665 3112/1898/1665
f 3112/1898/1665 3111/1897/1665 3106/1892/1665
f 3107/1893/1665 3108/1894/1665 3113/1899/1665
f 3113/1899/1665 3112/1898/1665 3107/1893/1665
f 3114/1900/1665 3113/1899/1665 3108/1894/1665
f 3113/1899/1665 3114/1900/1665 3115/1901/1665
f 3115/1901/1665 3116/1902/1665 3113/1899/1665
f 3112/1898/1665 3113/1899/1665 3116/1902/1665
f 3116/1902/1665 3115/1901/1665 3117/1903/1665
f 3111/1897/1665 3112/1898/1665 3118/1904/1665
f 3116/1902/1665 3118/1904/1665 3112/1898/1665
f 3117/1903/1665 3119/1905/1665 3116/1902/1665
f 3118/1904/1665 3116/1902/1665 3119/1905/1665
f 3119/1905/1665 3117/1903/1665 3120/1906/1665
f 3118/1904/1665 3121/1907/1665 3111/1897/1665
f 3110/1896/1665 3111/1897/1665 3121/1907/1665
f 3119/1905/1665 3122/1908/1665 3118/1904/1665
f 3121/1907/1665 3118/1904/1665 3122/1908/1665
f 3120/1906/1665 3123/1909/1665 3119/1905/1665
f 3122/1908/1665 3119/1905/1665 3123/1909/1665
f 3123/1909/1665 3120/1906/1665 3124/1910/1665
f 3125/1911/1665 3123/1909/1665 3124/1910/1665
f 3121/1907/1665 3126/1912/1665 3110/1896/1665
f 3109/1895/1665 3110/1896/1665 3126/1912/1665
f 3122/1908/1665 3127/1913/1665 3121/1907/1665
f 3126/1912/1665 3121/1907/1665 3127/1913/1665
f 3123/1909/1665 3128/1914/1665 3122/1908/1665
f 3127/1913/1665 3122/1908/1665 3128/1914/1665
f 3123/1909/1665 3125/1911/1665 3129/1915/1665
f 3128/1914/1665 3123/1909/1665 3129/1915/1665
f 3125/1911/1665 3130/1916/1665 3129/1915/1665
f 3126/1912/1665 3131/1917/1665 3109/1895/1665
f 3069/1855/1665 3109/1895/1665 3131/1917/1665
f 3131/1917/1665 3065/1851/1665 3069/1855/1665
f 3131/1917/1665 3126/1912/1665 3132/1918/1665
f 3127/1913/1665 3132/1918/1665 3126/1912/1665
f 3065/1851/1665 3131/1917/1665 3133/1919/1665
f 3132/1918/1665 3133/1919/1665 3131/1917/1665
f 3133/1919/1665 3064/1850/1665 3065/1851/1665
f 3132/1918/1665 3127/1913/1665 3134/1920/1665
f 3128/1914/1665 3134/1920/1665 3127/1913/1665
f 3133/1919/1665 3132/1918/1665 3135/1921/1665
f 3134/1920/1665 3135/1921/1665 3132/1918/1665
f 3064/1850/1665 3133/1919/1665 3136/1922/1665
f 3135/1921/1665 3136/1922/1665 3133/1919/1665
f 3136/1922/1665 3137/1923/1665 3064/1850/1665
f 3052/1838/1665 3064/1850/1665 3137/1923/1665
f 3134/1920/1665 3128/1914/1665 3138/1924/1665
f 3129/1915/1665 3138/1924/1665 3128/1914/1665
f 3135/1921/1665 3134/1920/1665 3139/1925/1665
f 3138/1924/1665 3139/1925/1665 3134/1920/1665
f 3138/1924/1665 3129/1915/1665 3140/1926/1665
f 3140/1926/1665 3129/1915/1665 3130/1916/1665
f 3139/1925/1665 3138/1924/1665 3141/1927/1665
f 3140/1926/1665 3141/1927/1665 3138/1924/1665
f 3139/1925/1665 3142/1928/1665 3135/1921/1665
f 3136/1922/1665 3135/1921/1665 3142/1928/1665
f 3130/1916/1665 3143/1929/1665 3140/1926/1665
f 3141/1927/1665 3140/1926/1665 3143/1929/1665
f 3143/1929/1665 3130/1916/1665 3144/1930/1665
f 3141/1927/1665 3145/1931/1665 3139/1925/1665
f 3142/1928/1665 3139/1925/1665 3145/1931/1665
f 3143/1929/1665 3146/1932/1665 3141/1927/1665
f 3145/1931/1665 3141/1927/1665 3146/1932/1665
f 3144/1930/1665 3147/1933/1665 3143/1929/1665
f 3146/1932/1665 3143/1929/1665 3147/1933/1665
f 3147/1933/1665 3144/1930/1665 3148/1934/1665
f 3148/1934/1665 3149/1935/1665 3147/1933/1665
f 3149/1935/1665 3148/1934/1665 3150/1936/1665
f 3147/1933/1665 3151/1937/1665 3146/1932/1665
f 3151/1937/1665 3147/1933/1665 3149/1935/1665
f 3146/1932/1665 3152/1938/1665 3145/1931/1665
f 3152/1938/1665 3146/1932/1665 3151/1937/1665
f 3153/1939/1665 3145/1931/1665 3152/1938/1665
f 3145/1931/1665 3153/1939/1665 3142/1928/1665
f 3150/1936/1665 3154/1940/1665 3149/1935/1665
f 3154/1940/1665 3150/1936/1665 3155/1941/1665
f 3155/1941/1665 3156/1942/1665 3154/1940/1665
f 3157/1943/1665 3149/1935/1665 3154/1940/1665
f 3149/1935/1665 3157/1943/1665 3151/1937/1665
f 3158/1944/1665 3154/1940/1665 3156/1942/1665
f 3154/1940/1665 3158/1944/1665 3157/1943/1665
f 3159/1945/1665 3158/1944/1665 3156/1942/1665
f 3158/1944/1665 3159/1945/1665 3160/1946/1665
f 3161/1947/1665 3158/1944/1665 3160/1946/1665
f 3158/1944/1665 3161/1947/1665 3162/1948/1665
f 3162/1948/1665 3157/1943/1665 3158/1944/1665
f 3163/1949/1665 3162/1948/1665 3161/1947/1665
f 3162/1948/1665 3163/1949/1665 3164/1950/1665
f 3164/1950/1665 3157/1943/1665 3162/1948/1665
f 3165/1951/1665 3164/1950/1665 3163/1949/1665
f 3166/1952/1665 3151/1937/1665 3157/1943/1665
f 3157/1943/1665 3164/1950/1665 3166/1952/1665
f 3151/1937/1665 3166/1952/1665 3152/1938/1665
f 3164/1950/1665 3165/1951/1665 3167/1953/1665
f 3167/1953/1665 3166/1952/1665 3164/1950/1665
f 3168/1954/1665 3167/1953/1665 3165/1951/1665
f 3169/1955/1665 3152/1938/1665 3166/1952/1665
f 3166/1952/1665 3167/1953/1665 3169/1955/1665
f 3152/1938/1665 3169/1955/1665 3153/1939/1665
f 3167/1953/1665 3168/1954/1665 3170/1956/1665
f 3170/1956/1665 3169/1955/1665 3167/1953/1665
f 3171/1957/1665 3170/1956/1665 3168/1954/1665
f 3172/1958/1665 3153/1939/1665 3169/1955/1665
f 3169/1955/1665 3170/1956/1665 3172/1958/1665
f 3170/1956/1665 3171/1957/1665 3173/1959/1665
f 3173/1959/1665 3172/1958/1665 3170/1956/1665
f 3174/1960/1665 3173/1959/1665 3171/1957/1665
f 3153/1939/1665 3172/1958/1665 3175/1961/1665
f 3175/1961/1665 3142/1928/1665 3153/1939/1665
f 3142/1928/1665 3175/1961/1665 3136/1922/1665
f 3137/1923/1665 3136/1922/1665 3175/1961/1665
f 3176/1962/1665 3175/1961/1665 3172/1958/1665
f 3175/1961/1665 3176/1962/1665 3137/1923/1665
f 3172/1958/1665 3173/1959/1665 3176/1962/1665
f 3173/1959/1665 3174/1960/1665 3177/1963/1665
f 3177/1963/1665 3176/1962/1665 3173/1959/1665
f 3178/1964/1665 3177/1963/1665 3174/1960/1665
f 3179/1965/1665 3137/1923/1665 3176/1962/1665
f 3176/1962/1665 3177/1963/1665 3179/1965/1665
f 3137/1923/1665 3179/1965/1665 3052/1838/1665
f 3053/1839/1665 3052/1838/1665 3179/1965/1665
f 3180/1966/1665 3179/1965/1665 3177/1963/1665
f 3179/1965/1665 3180/1966/1665 3053/1839/1665
f 3177/1963/1665 3178/1964/1665 3180/1966/1665
f 3057/1843/1665 3053/1839/1665 3180/1966/1665
f 3181/1967/1665 3180/1966/1665 3178/1964/1665
f 3180/1966/1665 3181/1967/1665 3057/1843/1665
f 3182/1838/1306 3183/1839/1306 3184/1965/1306
f 3185/1843/1306 3183/1839/1306 3186/1841/1306
f 3187/1840/1306 3186/1841/1306 3183/1839/1306
f 3183/1839/1306 3182/1838/1306 3187/1840/1306
f 3186/1841/1306 3187/1840/1306 3188/1842/1306
f 3183/1839/1306 3185/1843/1306 3189/1966/1306
f 3189/1966/1306 3184/1965/1306 3183/1839/1306
f 3190/1967/1306 3189/1966/1306 3185/1843/1306
f 3189/1966/1306 3190/1967/1306 3191/1964/1306
f 3191/1964/1306 3192/1963/1306 3189/1966/1306
f 3184/1965/1306 3189/1966/1306 3192/1963/1306
f 3192/1963/1306 3191/1964/1306 3193/1960/1306
f 3194/1844/1306 3188/1842/1306 3187/1840/1306
f 3188/1842/1306 3194/1844/1306 3195/1845/1306
f 3187/1840/1306 3196/1846/1306 3194/1844/1306
f 3196/1846/1306 3187/1840/1306 3182/1838/1306
f 3197/1847/1306 3195/1845/1306 3194/1844/1306
f 3195/1845/1306 3197/1847/1306 3198/1848/1306
f 3199/1849/1306 3194/1844/1306 3196/1846/1306
f 3194/1844/1306 3199/1849/1306 3197/1847/1306
f 3182/1838/1306 3200/1850/1306 3196/1846/1306
f 3201/1852/1306 3198/1848/1306 3197/1847/1306
f 3198/1848/1306 3201/1852/1306 3202/1853/1306
f 3203/1854/1306 3197/1847/1306 3199/1849/1306
f 3197/1847/1306 3203/1854/1306 3201/1852/1306
f 3196/1846/1306 3204/1851/1306 3199/1849/1306
f 3204/1851/1306 3196/1846/1306 3200/1850/1306
f 3199/1849/1306 3205/1855/1306 3203/1854/1306
f 3205/1855/1306 3199/1849/1306 3204/1851/1306
f 3206/1856/1306 3202/1853/1306 3201/1852/1306
f 3202/1853/1306 3206/1856/1306 3207/1857/1306
f 3208/1858/1306 3201/1852/1306 3203/1854/1306
f 3201/1852/1306 3208/1858/1306 3206/1856/1306
f 3209/1859/1306 3203/1854/1306 3205/1855/1306
f 3203/1854/1306 3209/1859/1306 3208/1858/1306
f 3210/1860/1306 3207/1857/1306 3206/1856/1306
f 3207/1857/1306 3210/1860/1306 3211/1861/1306
f 3212/1862/1306 3206/1856/1306 3208/1858/1306
f 3206/1856/1306 3212/1862/1306 3210/1860/1306
f 3213/1863/1306 3208/1858/1306 3209/1859/1306
f 3208/1858/1306 3213/1863/1306 3212/1862/1306
f 3211/1861/1306 3210/1860/1306 3214/1864/1306
f 3214/1864/1306 3215/1865/1306 3211/1861/1306
f 3210/1860/1306 3212/1862/1306 3216/1866/1306
f 3216/1866/1306 3214/1864/1306 3210/1860/1306
f 3217/1867/1306 3212/1862/1306 3213/1863/1306
f 3212/1862/1306 3217/1867/1306 3216/1866/1306
f 3215/1865/1306 3214/1864/1306 3218/1868/1306
f 3218/1868/1306 3219/1869/1306 3215/1865/1306
f 3214/1864/1306 3216/1866/1306 3220/1870/1306
f 3220/1870/1306 3218/1868/1306 3214/1864/1306
f 3221/1871/1306 3216/1866/1306 3217/1867/1306
f 3216/1866/1306 3221/1871/1306 3220/1870/1306
f 3222/1872/1306 3219/1869/1306 3218/1868/1306
f 3219/1869/1306 3222/1872/1306 3223/1873/1306
f 3224/1874/1306 3223/1873/1306 3222/1872/1306
f 3223/1873/1306 3224/1874/1306 3225/1875/1306
f 3222/1872/1306 3226/1876/1306 3224/1874/1306
f 3218/1868/1306 3227/1877/1306 3222/1872/1306
f 3226/1876/1306 3222/1872/1306 3227/1877/1306
f 3227/1877/1306 3218/1868/1306 3220/1870/1306
f 3227/1877/1306 3228/1878/1306 3226/1876/1306
f 3220/1870/1306 3229/1879/1306 3227/1877/1306
f 3228/1878/1306 3227/1877/1306 3229/1879/1306
f 3229/1879/1306 3220/1870/1306 3221/1871/1306
f 3229/1879/1306 3230/1880/1306 3228/1878/1306
f 3230/1880/1306 3229/1879/1306 3231/1881/1306
f 3221/1871/1306 3231/1881/1306 3229/1879/1306
f 3231/1881/1306 3232/1882/1306 3230/1880/1306
f 3231/1881/1306 3221/1871/1306 3233/1883/1306
f 3232/1882/1306 3231/1881/1306 3234/1884/1306
f 3233/1883/1306 3234/1884/1306 3231/1881/1306
f 3234/1884/1306 3235/1885/1306 3232/1882/1306
f 3217/1867/1306 3233/1883/1306 3221/1871/1306
f 3235/1885/1306 3234/1884/1306 3236/1888/1306
f 3236/1888/1306 3237/1889/1306 3235/1885/1306
f 3234/1884/1306 3233/1883/1306 3238/1887/1306
f 3238/1887/1306 3236/1888/1306 3234/1884/1306
f 3233/1883/1306 3217/1867/1306 3239/1886/1306
f 3239/1886/1306 3238/1887/1306 3233/1883/1306
f 3213/1863/1306 3239/1886/1306 3217/1867/1306
f 3237/1889/1306 3236/1888/1306 3240/1893/1306
f 3240/1893/1306 3241/1894/1306 3237/1889/1306
f 3236/1888/1306 3238/1887/1306 3242/1892/1306
f 3242/1892/1306 3240/1893/1306 3236/1888/1306
f 3238/1887/1306 3239/1886/1306 3243/1891/1306
f 3243/1891/1306 3242/1892/1306 3238/1887/1306
f 3239/1886/1306 3213/1863/1306 3244/1890/1306
f 3244/1890/1306 3243/1891/1306 3239/1886/1306
f 3209/1859/1306 3244/1890/1306 3213/1863/1306
f 3241/1894/1306 3240/1893/1306 3245/1899/1306
f 3245/1899/1306 3246/1900/1306 3241/1894/1306
f 3246/1900/1306 3245/1899/1306 3247/1901/1306
f 3248/1898/1306 3245/1899/1306 3240/1893/1306
f 3240/1893/1306 3242/1892/1306 3248/1898/1306
f 3249/1902/1306 3247/1901/1306 3245/1899/1306
f 3245/1899/1306 3248/1898/1306 3249/1902/1306
f 3247/1901/1306 3249/1902/1306 3250/1903/1306
f 3251/1897/1306 3248/1898/1306 3242/1892/1306
f 3242/1892/1306 3243/1891/1306 3251/1897/1306
f 3252/1904/1306 3249/1902/1306 3248/1898/1306
f 3248/1898/1306 3251/1897/1306 3252/1904/1306
f 3253/1905/1306 3250/1903/1306 3249/1902/1306
f 3249/1902/1306 3252/1904/1306 3253/1905/1306
f 3250/1903/1306 3253/1905/1306 3254/1906/1306
f 3255/1896/1306 3251/1897/1306 3243/1891/1306
f 3243/1891/1306 3244/1890/1306 3255/1896/1306
f 3256/1907/1306 3252/1904/1306 3251/1897/1306
f 3251/1897/1306 3255/1896/1306 3256/1907/1306
f 3257/1909/1306 3254/1906/1306 3253/1905/1306
f 3254/1906/1306 3257/1909/1306 3258/1910/1306
f 3259/1908/1306 3253/1905/1306 3252/1904/1306
f 3252/1904/1306 3256/1907/1306 3259/1908/1306
f 3253/1905/1306 3259/1908/1306 3257/1909/1306
f 3260/1911/1306 3258/1910/1306 3257/1909/1306
f 3257/1909/1306 3261/1915/1306 3260/1911/1306
f 3261/1915/1306 3262/1916/1306 3260/1911/1306
f 3263/1914/1306 3257/1909/1306 3259/1908/1306
f 3257/1909/1306 3263/1914/1306 3261/1915/1306
f 3264/1913/1306 3259/1908/1306 3256/1907/1306
f 3259/1908/1306 3264/1913/1306 3263/1914/1306
f 3256/1907/1306 3265/1912/1306 3264/1913/1306
f 3265/1912/1306 3256/1907/1306 3255/1896/1306
f 3266/1920/1306 3263/1914/1306 3264/1913/1306
f 3267/1918/1306 3264/1913/1306 3265/1912/1306
f 3264/1913/1306 3267/1918/1306 3266/1920/1306
f 3255/1896/1306 3268/1895/1306 3265/1912/1306
f 3268/1895/1306 3255/1896/1306 3244/1890/1306
f 3244/1890/1306 3209/1859/1306 3268/1895/1306
f 3205/1855/1306 3268/1895/1306 3209/1859/1306
f 3269/1917/1306 3265/1912/1306 3268/1895/1306
f 3268/1895/1306 3205/1855/1306 3269/1917/1306
f 3265/1912/1306 3269/1917/1306 3267/1918/1306
f 3204/1851/1306 3269/1917/1306 3205/1855/1306
f 3269/1917/1306 3204/1851/1306 3270/1919/1306
f 3270/1919/1306 3267/1918/1306 3269/1917/1306
f 3200/1850/1306 3270/1919/1306 3204/1851/1306
f 3267/1918/1306 3270/1919/1306 3271/1921/1306
f 3271/1921/1306 3266/1920/1306 3267/1918/1306
f 3270/1919/1306 3200/1850/1306 3272/1922/1306
f 3272/1922/1306 3271/1921/1306 3270/1919/1306
f 3273/1923/1306 3272/1922/1306 3200/1850/1306
f 3200/1850/1306 3182/1838/1306 3273/1923/1306
f 3184/1965/1306 3273/1923/1306 3182/1838/1306
f 3273/1923/1306 3184/1965/1306 3274/1962/1306
f 3192/1963/1306 3274/1962/1306 3184/1965/1306
f 3272/1922/1306 3273/1923/1306 3275/1961/1306
f 3274/1962/1306 3275/1961/1306 3273/1923/1306
f 3271/1921/1306 3272/1922/1306 3276/1928/1306
f 3275/1961/1306 3276/1928/1306 3272/1922/1306
f 3276/1928/1306 3277/1925/1306 3271/1921/1306
f 3266/1920/1306 3271/1921/1306 3277/1925/1306
f 3274/1962/1306 3192/1963/1306 3278/1959/1306
f 3193/1960/1306 3278/1959/1306 3192/1963/1306
f 3278/1959/1306 3193/1960/1306 3279/1957/1306
f 3278/1959/1306 3280/1958/1306 3274/1962/1306
f 3275/1961/1306 3274/1962/1306 3280/1958/1306
f 3279/1957/1306 3281/1956/1306 3278/1959/1306
f 3280/1958/1306 3278/1959/1306 3281/1956/1306
f 3281/1956/1306 3279/1957/1306 3282/1954/1306
f 3280/1958/1306 3283/1939/1306 3275/1961/1306
f 3276/1928/1306 3275/1961/1306 3283/1939/1306
f 3281/1956/1306 3284/1955/1306 3280/1958/1306
f 3283/1939/1306 3280/1958/1306 3284/1955/1306
f 3282/1954/1306 3285/1953/1306 3281/1956/1306
f 3284/1955/1306 3281/1956/1306 3285/1953/1306
f 3285/1953/1306 3282/1954/1306 3286/1951/1306
f 3283/1939/1306 3287/1931/1306 3276/1928/1306
f 3277/1925/1306 3276/1928/1306 3287/1931/1306
f 3284/1955/1306 3288/1938/1306 3283/1939/1306
f 3287/1931/1306 3283/1939/1306 3288/1938/1306
f 3285/1953/1306 3289/1952/1306 3284/1955/1306
f 3288/1938/1306 3284/1955/1306 3289/1952/1306
f 3286/1951/1306 3290/1950/1306 3285/1953/1306
f 3289/1952/1306 3285/1953/1306 3290/1950/1306
f 3290/1950/1306 3286/1951/1306 3291/1949/1306
f 3290/1950/1306 3292/1943/1306 3289/1952/1306
f 3291/1949/1306 3293/1948/1306 3290/1950/1306
f 3292/1943/1306 3290/1950/1306 3293/1948/1306
f 3293/1948/1306 3291/1949/1306 3294/1947/1306
f 3294/1947/1306 3295/1944/1306 3293/1948/1306
f 3295/1944/1306 3292/1943/1306 3293/1948/1306
f 3295/1944/1306 3294/1947/1306 3296/1946/1306
f 3297/1945/1306 3295/1944/1306 3296/1946/1306
f 3297/1945/1306 3298/1942/1306 3295/1944/1306
f 3298/1942/1306 3299/1940/1306 3295/1944/1306
f 3295/1944/1306 3299/1940/1306 3292/1943/1306
f 3298/1942/1306 3300/1941/1306 3299/1940/1306
f 3301/1936/1306 3299/1940/1306 3300/1941/1306
f 3299/1940/1306 3301/1936/1306 3302/1935/1306
f 3302/1935/1306 3292/1943/1306 3299/1940/1306
f 3303/1934/1306 3302/1935/1306 3301/1936/1306
f 3304/1937/1306 3289/1952/1306 3292/1943/1306
f 3292/1943/1306 3302/1935/1306 3304/1937/1306
f 3289/1952/1306 3304/1937/1306 3288/1938/1306
f 3302/1935/1306 3303/1934/1306 3305/1933/1306
f 3305/1933/1306 3304/1937/1306 3302/1935/1306
f 3306/1930/1306 3305/1933/1306 3303/1934/1306
f 3307/1932/1306 3288/1938/1306 3304/1937/1306
f 3304/1937/1306 3305/1933/1306 3307/1932/1306
f 3288/1938/1306 3307/1932/1306 3287/1931/1306
f 3305/1933/1306 3306/1930/1306 3308/1929/1306
f 3308/1929/1306 3307/1932/1306 3305/1933/1306
f 3262/1916/1306 3308/1929/1306 3306/1930/1306
f 3309/1927/1306 3287/1931/1306 3307/1932/1306
f 3307/1932/1306 3308/1929/1306 3309/1927/1306
f 3287/1931/1306 3309/1927/1306 3277/1925/1306
f 3308/1929/1306 3262/1916/1306 3310/1926/1306
f 3310/1926/1306 3309/1927/1306 3308/1929/1306
f 3262/1916/1306 3261/1915/1306 3310/1926/1306
f 3311/1924/1306 3277/1925/1306 3309/1927/1306
f 3309/1927/1306 3310/1926/1306 3311/1924/1306
f 3261/1915/1306 3311/1924/1306 3310/1926/1306
f 3277/1925/1306 3311/1924/1306 3266/1920/1306
f 3311/1924/1306 3261/1915/1306 3263/1914/1306
f 3263/1914/1306 3266/1920/1306 3311/1924/1306
f 3312/1968/1665 3313/1969/1665 3314/1970/1665
f 3312/1968/1665 3315/1971/1665 3316/1972/1665
f 3315/1971/1665 3312/1968/1665 3317/1973/1665
f 3317/1973/1665 3318/1974/1665 3315/1971/1665
f 3314/1970/1665 3317/1973/1665 3312/1968/1665
f 3316/1972/1665 3319/1975/1665 3312/1968/1665
f 3313/1969/1665 3312/1968/1665 3319/1975/1665
f 3319/1975/1665 3316/1972/1665 3320/1976/1665
f 3320/1976/1665 3321/1977/1665 3319/1975/1665
f 3321/1977/1665 3320/1976/1665 3322/1978/1665
f 3322/1978/1665 3323/1979/1665 3321/1977/1665
f 3323/1979/1665 3322/1978/1665 3324/1980/1665
f 3325/1981/1665 3321/1977/1665 3323/1979/1665
f 3326/1982/1665 3319/1975/1665 3321/1977/1665
f 3321/1977/1665 3325/1981/1665 3326/1982/1665
f 3319/1975/1665 3326/1982/1665 3313/1969/1665
f 3327/1983/1665 3326/1982/1665 3325/1981/1665
f 3326/1982/1665 3327/1983/1665 3328/1984/1665
f 3328/1984/1665 3313/1969/1665 3326/1982/1665
f 3329/1985/1665 3328/1984/1665 3327/1983/1665
f 3313/1969/1665 3328/1984/1665 3330/1986/1665
f 3330/1986/1665 3314/1970/1665 3313/1969/1665
f 3328/1984/1665 3329/1985/1665 3331/1987/1665
f 3330/1986/1665 3328/1984/1665 3332/1988/1665
f 3328/1984/1665 3331/1987/1665 3332/1988/1665
f 3331/1987/1665 3329/1985/1665 3333/1989/1665
f 3333/1989/1665 3329/1985/1665 3334/1990/1665
f 3335/1991/1665 3333/1989/1665 3334/1990/1665
f 3335/1991/1665 3334/1990/1665 3336/1992/1665
f 3337/1993/1665 3333/1989/1665 3335/1991/1665
f 3338/1994/1665 3331/1987/1665 3333/1989/1665
f 3337/1993/1665 3338/1994/1665 3333/1989/1665
f 3332/1988/1665 3331/1987/1665 3338/1994/1665
f 3339/1995/1665 3338/1994/1665 3337/1993/1665
f 3339/1995/1665 3340/1996/1665 3338/1994/1665
f 3340/1996/1665 3332/1988/1665 3338/1994/1665
f 3341/1997/1665 3340/1996/1665 3339/1995/1665
f 3340/1996/1665 3342/1998/1665 3332/1988/1665
f 3330/1986/1665 3332/1988/1665 3342/1998/1665
f 3341/1997/1665 3343/1999/1665 3340/1996/1665
f 3343/1999/1665 3342/1998/1665 3340/1996/1665
f 3344/2000/1665 3343/1999/1665 3341/1997/1665
f 3345/2001/1665 3330/1986/1665 3342/1998/1665
f 3314/1970/1665 3330/1986/1665 3345/2001/1665
f 3343/1999/1665 3346/2002/1665 3342/1998/1665
f 3345/2001/1665 3342/1998/1665 3346/2002/1665
f 3344/2000/1665 3347/2003/1665 3343/1999/1665
f 3347/2003/1665 3346/2002/1665 3343/1999/1665
f 3348/2004/1665 3347/2003/1665 3344/2000/1665
f 3346/2002/1665 3349/2005/1665 3345/2001/1665
f 3314/1970/1665 3345/2001/1665 3349/2005/1665
f 3347/2003/1665 3350/2006/1665 3346/2002/1665
f 3350/2006/1665 3349/2005/1665 3346/2002/1665
f 3348/2004/1665 3351/2007/1665 3347/2003/1665
f 3351/2007/1665 3350/2006/1665 3347/2003/1665
f 3352/2008/1665 3351/2007/1665 3348/2004/1665
f 3352/2008/1665 3353/2009/1665 3351/2007/1665
f 3353/2009/1665 3354/2010/1665 3351/2007/1665
f 3351/2007/1665 3354/2010/1665 3350/2006/1665
f 3353/2009/1665 3355/2011/1665 3354/2010/1665
f 3350/2006/1665 3356/2012/1665 3349/2005/1665
f 3354/2010/1665 3356/2012/1665 3350/2006/1665
f 3355/2011/1665 3357/2013/1665 3354/2010/1665
f 3354/2010/1665 3357/2013/1665 3356/2012/1665
f 3355/2011/1665 3358/2014/1665 3357/2013/1665
f 3359/2015/1665 3314/1970/1665 3349/2005/1665
f 3359/2015/1665 3349/2005/1665 3356/2012/1665
f 3317/1973/1665 3314/1970/1665 3359/2015/1665
f 3357/2013/1665 3360/2016/1665 3356/2012/1665
f 3356/2012/1665 3360/2016/1665 3359/2015/1665
f 3358/2014/1665 3361/2017/1665 3357/2013/1665
f 3357/2013/1665 3361/2017/1665 3360/2016/1665
f 3358/2014/1665 3362/2018/1665 3361/2017/1665
f 3359/2015/1665 3363/2019/1665 3317/1973/1665
f 3363/2019/1665 3359/2015/1665 3360/2016/1665
f 3363/2019/1665 3360/2016/1665 3361/2017/1665
f 3318/1974/1665 3317/1973/1665 3363/2019/1665
f 3362/2018/1665 3364/2020/1665 3361/2017/1665
f 3361/2017/1665 3364/2020/1665 3363/2019/1665
f 3318/1974/1665 3363/2019/1665 3364/2020/1665
f 3362/2018/1665 3365/2021/1665 3364/2020/1665
f 3364/2020/1665 3366/2022/1665 3318/1974/1665
f 3366/2022/1665 3364/2020/1665 3365/2021/1665
f 3365/2021/1665 3367/2023/1665 3366/2022/1665
f 3368/1968/1306 3369/1969/1306 3370/1975/1306
f 3370/1975/1306 3371/1972/1306 3368/1968/1306
f 3372/1971/1306 3368/1968/1306 3371/1972/1306
f 3371/1972/1306 3370/1975/1306 3373/1976/1306
f 3368/1968/1306 3372/1971/1306 3374/1973/1306
f 3375/1974/1306 3374/1973/1306 3372/1971/1306
f 3374/1973/1306 3376/1970/1306 3368/1968/1306
f 3369/1969/1306 3368/1968/1306 3376/1970/1306
f 3377/1977/1306 3373/1976/1306 3370/1975/1306
f 3373/1976/1306 3377/1977/1306 3378/1978/1306
f 3379/1979/1306 3378/1978/1306 3377/1977/1306
f 3378/1978/1306 3379/1979/1306 3380/1980/1306
f 3377/1977/1306 3381/1981/1306 3379/1979/1306
f 3370/1975/1306 3382/1982/1306 3377/1977/1306
f 3381/1981/1306 3377/1977/1306 3382/1982/1306
f 3382/1982/1306 3370/1975/1306 3369/1969/1306
f 3382/1982/1306 3383/1983/1306 3381/1981/1306
f 3383/1983/1306 3382/1982/1306 3384/1984/1306
f 3369/1969/1306 3384/1984/1306 3382/1982/1306
f 3384/1984/1306 3385/1985/1306 3383/1983/1306
f 3384/1984/1306 3369/1969/1306 3386/1986/1306
f 3376/1970/1306 3386/1986/1306 3369/1969/1306
f 3385/1985/1306 3384/1984/1306 3387/1987/1306
f 3388/1988/1306 3384/1984/1306 3386/1986/1306
f 3384/1984/1306 3388/1988/1306 3387/1987/1306
f 3389/1989/1306 3385/1985/1306 3387/1987/1306
f 3385/1985/1306 3389/1989/1306 3390/1990/1306
f 3391/1991/1306 3390/1990/1306 3389/1989/1306
f 3390/1990/1306 3391/1991/1306 3392/1992/1306
f 3389/1989/1306 3393/1993/1306 3391/1991/1306
f 3387/1987/1306 3394/1994/1306 3389/1989/1306
f 3393/1993/1306 3389/1989/1306 3394/1994/1306
f 3394/1994/1306 3387/1987/1306 3388/1988/1306
f 3394/1994/1306 3395/1995/1306 3393/1993/1306
f 3395/1995/1306 3394/1994/1306 3396/1996/1306
f 3388/1988/1306 3396/1996/1306 3394/1994/1306
f 3396/1996/1306 3397/1997/1306 3395/1995/1306
f 3396/1996/1306 3388/1988/1306 3398/1998/1306
f 3386/1986/1306 3398/1998/1306 3388/1988/1306
f 3397/1997/1306 3396/1996/1306 3399/1999/1306
f 3398/1998/1306 3399/1999/1306 3396/1996/1306
f 3399/1999/1306 3400/2000/1306 3397/1997/1306
f 3398/1998/1306 3386/1986/1306 3401/2001/1306
f 3386/1986/1306 3376/1970/1306 3401/2001/1306
f 3399/1999/1306 3398/1998/1306 3402/2002/1306
f 3401/2001/1306 3402/2002/1306 3398/1998/1306
f 3400/2000/1306 3399/1999/1306 3403/2003/1306
f 3402/2002/1306 3403/2003/1306 3399/1999/1306
f 3403/2003/1306 3404/2004/1306 3400/2000/1306
f 3402/2002/1306 3401/2001/1306 3405/2005/1306
f 3376/1970/1306 3405/2005/1306 3401/2001/1306
f 3403/2003/1306 3402/2002/1306 3406/2006/1306
f 3405/2005/1306 3406/2006/1306 3402/2002/1306
f 3404/2004/1306 3403/2003/1306 3407/2007/1306
f 3406/2006/1306 3407/2007/1306 3403/2003/1306
f 3407/2007/1306 3408/2008/1306 3404/2004/1306
f 3408/2008/1306 3407/2007/1306 3409/2009/1306
f 3410/2010/1306 3409/2009/1306 3407/2007/1306
f 3407/2007/1306 3406/2006/1306 3410/2010/1306
f 3409/2009/1306 3410/2010/1306 3411/2011/1306
f 3406/2006/1306 3405/2005/1306 3412/2012/1306
f 3412/2012/1306 3410/2010/1306 3406/2006/1306
f 3405/2005/1306 3376/1970/1306 3413/2015/1306
f 3413/2015/1306 3412/2012/1306 3405/2005/1306
f 3376/1970/1306 3374/1973/1306 3413/2015/1306
f 3414/2013/1306 3411/2011/1306 3410/2010/1306
f 3410/2010/1306 3412/2012/1306 3414/2013/1306
f 3411/2011/1306 3414/2013/1306 3415/2014/1306
f 3412/2012/1306 3413/2015/1306 3416/2016/1306
f 3416/2016/1306 3414/2013/1306 3412/2012/1306
f 3417/2019/1306 3413/2015/1306 3374/1973/1306
f 3413/2015/1306 3417/2019/1306 3416/2016/1306
f 3374/1973/1306 3375/1974/1306 3417/2019/1306
f 3414/2013/1306 3416/2016/1306 3418/2017/1306
f 3418/2017/1306 3415/2014/1306 3414/2013/1306
f 3417/2019/1306 3418/2017/1306 3416/2016/1306
f 3415/2014/1306 3418/2017/1306 3419/2018/1306
f 3375/1974/1306 3420/2020/1306 3417/2019/1306
f 3418/2017/1306 3417/2019/1306 3420/2020/1306
f 3420/2020/1306 3419/2018/1306 3418/2017/1306
f 3420/2020/1306 3375/1974/1306 3421/2022/1306
f 3419/2018/1306 3420/2020/1306 3422/2021/1306
f 3421/2022/1306 3422/2021/1306 3420/2020/1306
f 3422/2021/1306 3421/2022/1306 3423/2023/1306
f 3424/2024/2501 3425/2025/2502 3426/2026/2503
f 3426/2026/2503 3425/2025/2502 3427/2027/2504
f 3427/2027/2504 3425/2025/2502 3428/2028/2505
f 3425/2025/2502 3429/2029/2506 3428/2028/2505
f 3425/2025/2502 3424/2024/2501 3430/2030/2507
f 3431/2031/2508 3429/2029/2506 3425/2025/2502
f 3425/2025/2502 3430/2030/2507 3432/2032/2509
f 3432/2032/2509 3431/2031/2508 3425/2025/2502
f 3431/2031/2508 3432/2032/2509 3433/2033/2510
f 3434/2034/2511 3432/2032/2509 3430/2030/2507
f 3435/2035/2512 3433/2033/2510 3432/2032/2509
f 3432/2032/2509 3434/2034/2511 3435/2035/2512
f 3434/2034/2511 3436/2036/2513 3435/2035/2512
f 3436/2036/2513 3434/2034/2511 3437/2037/2514
f 3438/2038/2302 3436/2036/2513 3437/2037/2514
f 3436/2036/2513 3438/2038/2302 3439/2039/2515
f 3440/2040/2306 3439/2039/2515 3438/2038/2302
f 3439/2039/2515 3440/2040/2306 3441/2041/2516
f 3440/2040/2306 3442/2042/2517 3441/2041/2516
f 3442/2042/2517 3440/2040/2306 3443/2043/2307
f 3443/2043/2307 3444/2044/2518 3442/2042/2517
f 3444/2044/2518 3443/2043/2307 3445/2045/2519
f 3446/2046/2520 3444/2044/2518 3445/2045/2519
f 3447/2024/2521 3448/2025/2522 3449/2030/2523
f 3448/2025/2522 3447/2024/2521 3450/2026/2524
f 3451/2027/2505 3448/2025/2522 3450/2026/2524
f 3451/2027/2505 3452/2028/2525 3448/2025/2522
f 3448/2025/2522 3452/2028/2525 3453/2029/2526
f 3454/2031/2527 3448/2025/2522 3453/2029/2526
f 3449/2030/2523 3448/2025/2522 3455/2032/2528
f 3454/2031/2527 3455/2032/2528 3448/2025/2522
f 3455/2032/2528 3454/2031/2527 3456/2033/2529
f 3455/2032/2528 3457/2034/2333 3449/2030/2523
f 3458/2035/2530 3455/2032/2528 3456/2033/2529
f 3457/2034/2333 3455/2032/2528 3458/2035/2530
f 3459/2036/2531 3457/2034/2333 3458/2035/2530
f 3457/2034/2333 3459/2036/2531 3460/2037/2532
f 3461/2038/2533 3460/2037/2532 3459/2036/2531
f 3459/2036/2531 3462/2039/2534 3461/2038/2533
f 3463/2040/2535 3461/2038/2533 3462/2039/2534
f 3462/2039/2534 3464/2041/2536 3463/2040/2535
f 3465/2042/2537 3463/2040/2535 3464/2041/2536
f 3463/2040/2535 3465/2042/2537 3466/2043/2538
f 3467/2044/2539 3466/2043/2538 3465/2042/2537
f 3466/2043/2538 3467/2044/2539 3468/2045/2540
f 3469/2046/2541 3468/2045/2540 3467/2044/2539
f 3470/2047/2542 3471/2048/2543 3472/2049/2544
f 3473/2050/2545 3471/2048/2543 3470/2047/2542
f 3474/2051/2546 3473/2050/2545 3470/2047/2542
f 3472/2049/2544 3474/2051/2546 3470/2047/2542
f 3473/2050/2545 3474/2051/2546 3475/2052/2547
f 3474/2051/2546 3472/2049/2544 3476/2053/2548
f 3472/2049/2544 3477/2054/2549 3476/2053/2548
f 3471/2048/2543 3473/2050/2545 3478/2055/2550
f 3477/2054/2549 3472/2049/2544 3479/2056/2551
f 3480/2057/2552 3471/2048/2543 3478/2055/2550
f 3478/2055/2550 3481/2058/2553 3480/2057/2552
f 3472/2049/2544 3471/2048/2543 3482/2059/2554
f 3472/2049/2544 3482/2059/2554 3479/2056/2551
f 3480/2057/2552 3482/2059/2554 3471/2048/2543
f 3482/2059/2554 3483/2060/2555 3479/2056/2551
f 3482/2059/2554 3480/2057/2552 3484/2061/2556
f 3484/2061/2556 3483/2060/2555 3482/2059/2554
f 3483/2060/2555 3484/2061/2556 3485/2062/2557
f 3486/2063/2558 3487/2064/2559 3488/2065/2558
f 3487/2064/2559 3486/2063/2558 3489/2066/2560
f 3490/2067/2561 3486/2063/2558 3488/2065/2558
f 3486/2063/2558 3490/2067/2561 3491/2068/2562
f 3490/2067/2561 3492/2069/2563 3491/2068/2562
f 3493/2070/2564 3491/2068/2562 3492/2069/2563
f 3494/2071/2565 3495/2072/2566 3496/2073/2567
f 3497/2074/2568 3494/2071/2565 3496/2073/2567
f 3495/2072/2566 3494/2071/2565 3498/2075/2569
f 3494/2071/2565 3497/2074/2568 3499/2076/2570
f 3500/2077/2571 3495/2072/2566 3498/2075/2569
f 3501/2078/2572 3499/2076/2570 3497/2074/2568
f 3498/2075/2569 3502/2079/2573 3500/2077/2571
f 3499/2076/2570 3501/2078/2572 3503/2080/2574
f 3504/2081/2575 3500/2077/2571 3502/2079/2573
f 3505/2082/2576 3503/2080/2574 3501/2078/2572
f 3502/2079/2573 3506/2083/2575 3504/2081/2575
f 3503/2080/2574 3505/2082/2576 3507/2084/2576
f 3508/2085/2577 3504/2081/2575 3506/2083/2575
f 3505/2082/2576 3509/2086/2578 3507/2084/2576
f 3504/2081/2575 3508/2085/2577 3510/2087/2579
f 3509/2086/2578 3505/2082/2576 3511/2088/2580
f 3512/2089/2581 3510/2087/2579 3508/2085/2577
f 3511/2088/2580 3513/2090/2582 3509/2086/2578
f 3510/2087/2579 3512/2089/2581 3514/2091/2583
f 3513/2090/2582 3511/2088/2580 3515/2092/2584
f 3516/2093/2585 3514/2091/2583 3512/2089/2581
f 3516/2093/2585 3513/2090/2582 3515/2092/2584
f 3514/2091/2583 3516/2093/2585 3517/2094/2586
f 3515/2092/2584 3517/2094/2586 3516/2093/2585
f 3518/2095/2587 3519/2096/2468 3520/2097/2588
f 3519/2096/2468 3518/2095/2587 3521/2098/2589
f 3518/2095/2587 3522/2099/2590 3521/2098/2589
f 3518/2095/2587 3523/2100/2591 3522/2099/2590
f 3522/2099/2590 3523/2100/2591 3524/2101/2592
f 3523/2100/2591 3525/2102/2593 3524/2101/2592
f 3526/2103/2594 3527/2104/2595 3528/2105/2596
f 3527/2104/2595 3529/2106/2597 3528/2105/2596
f 3527/2104/2595 3530/2107/2598 3529/2106/2597
f 3530/2107/2598 3531/2108/2598 3529/2106/2597
f 3530/2107/2598 3532/2109/2599 3531/2108/2598
f 3532/2109/2599 3530/2107/2598 3533/2110/2600
f 3534/2111/2601 3535/2112/2602 3536/2113/2603
f 3535/2112/2602 3534/2111/2601 3537/2114/2604
f 3538/2115/2605 3536/2113/2603 3535/2112/2602
f 3536/2113/2603 3538/2115/2605 3539/2116/2606
f 3539/2116/2606 3538/2115/2605 3540/2117/2202
f 3540/2117/2202 3538/2115/2605 3541/2118/2607
f 3542/2119/2608 3543/2120/2609 3544/2121/2610
f 3543/2120/2609 3542/2119/2608 3545/2122/2611
f 3545/2122/2611 3546/2123/2612 3543/2120/2609
f 3546/2123/2612 3545/2122/2611 3547/2124/2613
f 3547/2124/2613 3548/2125/2614 3546/2123/2612
f 3548/2125/2614 3549/2126/2615 3546/2123/2612
f 3550/2127/2616 3551/2128/2617 3552/2129/2618
f 3551/2128/2617 3550/2127/2616 3553/2130/2619
f 3553/2130/2619 3554/2131/2620 3551/2128/2617
f 3554/2131/2620 3553/2130/2619 3555/2132/2620
f 3555/2132/2620 3556/2133/2621 3554/2131/2620
f 3556/2133/2621 3557/2134/2622 3554/2131/2620
f 3558/2135/2623 3559/1880/2624 3560/2136/2625
f 3561/1878/2626 3560/2136/2625 3559/1880/2624
f 3559/1880/2624 3558/2135/2623 3562/1882/2627
f 3560/2136/2625 3561/1878/2626 3563/2137/2628
f 3564/1885/2629 3562/1882/2627 3558/2135/2623
f 3565/1876/2630 3563/2137/2628 3561/1878/2626
f 3558/2135/2623 3566/2138/2631 3564/1885/2629
f 3563/2137/2628 3565/1876/2630 3567/2139/2632
f 3568/1889/2633 3564/1885/2629 3566/2138/2631
f 3569/1874/2634 3567/2139/2632 3565/1876/2630
f 3570/2140/2635 3568/1889/2633 3566/2138/2631
f 3567/2139/2632 3569/1874/2634 3571/2141/2636
f 3572/1875/2637 3571/2141/2636 3569/1874/2634
f 3571/2141/2636 3572/1875/2637 3573/2142/2637
f 3574/1894/2638 3568/1889/2633 3570/2140/2635
f 3575/2143/2639 3574/1894/2638 3570/2140/2635
f 3576/1900/2640 3574/1894/2638 3575/2143/2639
f 3576/1900/2640 3575/2143/2639 3577/2144/2641
f 3578/2135/2642 3579/1880/2643 3580/1882/2644
f 3581/1885/2645 3578/2135/2642 3580/1882/2644
f 3579/1880/2643 3578/2135/2642 3582/2136/2646
f 3583/2138/2647 3578/2135/2642 3581/1885/2645
f 3582/2136/2646 3584/1878/2648 3579/1880/2643
f 3585/1889/2649 3583/2138/2647 3581/1885/2645
f 3584/1878/2648 3582/2136/2646 3586/2137/2650
f 3587/2140/2651 3583/2138/2647 3585/1889/2649
f 3586/2137/2650 3588/1876/2652 3584/1878/2648
f 3589/1894/2653 3587/2140/2651 3585/1889/2649
f 3588/1876/2652 3586/2137/2650 3590/2139/2654
f 3591/2143/2655 3587/2140/2651 3589/1894/2653
f 3592/1900/2656 3591/2143/2655 3589/1894/2653
f 3593/2144/2657 3591/2143/2655 3592/1900/2656
f 3590/2139/2654 3594/1874/2658 3588/1876/2652
f 3594/1874/2658 3590/2139/2654 3595/2141/2659
f 3595/2141/2659 3596/1875/2660 3594/1874/2658
f 3596/1875/2660 3595/2141/2659 3597/2142/2660
f 3598/2145/2661 3599/2146/2662 3600/2147/2663
f 3599/2146/2662 3598/2145/2661 3601/2148/2664
f 3601/2148/2664 3602/2149/2665 3599/2146/2662
f 3602/2149/2665 3601/2148/2664 3603/2150/2613
f 3603/2150/2613 3604/2151/2666 3602/2149/2665
f 3604/2151/2666 3605/2152/2667 3602/2149/2665
f 3606/2153/2668 3607/2154/2669 3608/2155/2670
f 3607/2154/2669 3609/2156/2671 3608/2155/2670
f 3607/2154/2669 3610/2157/2672 3609/2156/2671
f 3610/2157/2672 3611/2158/2673 3609/2156/2671
f 3610/2157/2672 3612/2159/2674 3611/2158/2673
f 3612/2159/2674 3610/2157/2672 3613/2160/2675
f 3614/2161/2676 3615/2162/2677 3616/2163/2678
f 3615/2162/2677 3617/2164/2679 3616/2163/2678
f 3615/2162/2677 3618/2165/2680 3617/2164/2679
f 3618/2165/2680 3619/2166/2681 3617/2164/2679
f 3618/2165/2680 3620/2167/2682 3619/2166/2681
f 3620/2167/2682 3618/2165/2680 3621/2168/2683
f 3622/2169/2684 3623/2170/2685 3624/2171/2686
f 3623/2170/2685 3622/2169/2684 3625/2172/2687
f 3625/2172/2687 3626/2173/2688 3623/2170/2685
f 3626/2173/2688 3625/2172/2687 3627/2174/2689
f 3627/2174/2689 3628/2175/2690 3626/2173/2688
f 3628/2175/2690 3629/2176/2691 3626/2173/2688
f 3630/2177/2692 3631/2178/2693 3632/2179/2694
f 3631/2178/2693 3630/2177/2692 3633/2180/2695
f 3633/2180/2695 3634/2181/2696 3631/2178/2693
f 3634/2181/2696 3633/2180/2695 3635/2182/2697
f 3635/2182/2697 3636/2183/2698 3634/2181/2696
f 3636/2183/2698 3637/2184/2699 3634/2181/2696
f 3638/2185/2700 3639/2186/2701 3640/2187/2702
f 3639/2186/2701 3638/2185/2700 3641/2188/2703
f 3641/2188/2703 3642/2189/2704 3639/2186/2701
f 3642/2189/2704 3641/2188/2703 3643/2190/2705
f 3643/2190/2705 3644/2191/2706 3642/2189/2704
f 3644/2191/2706 3645/2192/2707 3642/2189/2704
f 3646/2193/2708 3647/2194/2709 3648/2195/2710
f 3647/2194/2709 3646/2193/2708 3649/2196/2711
f 3650/2197/2712 3646/2193/2708 3648/2195/2710
f 3646/2193/2708 3650/2197/2712 3651/2198/2713
f 3650/2197/2712 3652/2199/2714 3651/2198/2713
f 3653/2200/2715 3651/2198/2713 3652/2199/2714
f 3654/2201/2716 3655/2202/2717 3656/2203/2718
f 3657/2204/2719 3656/2203/2718 3655/2202/2717
f 3655/2202/2717 3654/2201/2716 3658/2205/2720
f 3655/2202/2717 3659/2206/2721 3657/2204/2719
f 3660/2207/2722 3658/2205/2720 3654/2201/2716
f 3659/2206/2721 3661/2208/2723 3657/2204/2719
f 3658/2205/2720 3660/2207/2722 3662/2209/2724
f 3659/2206/2721 3663/2210/2725 3661/2208/2723
f 3664/2211/2726 3662/2209/2724 3660/2207/2722
f 3663/2210/2725 3665/2212/2727 3661/2208/2723
f 3662/2209/2724 3664/2211/2726 3666/2213/2726
f 3665/2212/2727 3663/2210/2725 3667/2214/2727
f 3668/2215/2728 3666/2213/2726 3664/2211/2726
f 3669/2216/2729 3665/2212/2727 3667/2214/2727
f 3664/2211/2726 3670/2217/2730 3668/2215/2728
f 3665/2212/2727 3669/2216/2729 3671/2218/2731
f 3672/2219/2732 3668/2215/2728 3670/2217/2730
f 3673/2220/2733 3671/2218/2731 3669/2216/2729
f 3670/2217/2730 3674/2221/2734 3672/2219/2732
f 3671/2218/2731 3673/2220/2733 3675/2222/2735
f 3674/2221/2734 3676/2223/2736 3672/2219/2732
f 3676/2223/2736 3675/2222/2735 3673/2220/2733
f 3676/2223/2736 3674/2221/2734 3677/2224/2737
f 3675/2222/2735 3676/2223/2736 3677/2224/2737
f 3678/2225/2738 3679/2226/2739 3680/2227/2740
f 3679/2226/2739 3681/2228/2741 3680/2227/2740
f 3679/2226/2739 3682/2229/2742 3681/2228/2741
f 3682/2229/2742 3683/2230/2743 3681/2228/2741
f 3682/2229/2742 3684/2231/2744 3683/2230/2743
f 3684/2231/2744 3682/2229/2742 3685/2232/2745
f 3686/2233/2746 3687/2234/2747 3688/2235/2748
f 3687/2234/2747 3689/2236/2749 3688/2235/2748
f 3687/2234/2747 3690/2237/2750 3689/2236/2749
f 3690/2237/2750 3691/2238/2751 3689/2236/2749
f 3690/2237/2750 3692/2239/2752 3691/2238/2751
f 3692/2239/2752 3690/2237/2750 3693/2240/2753
f 3694/2241/2754 3695/2242/2755 3696/2243/2756
f 3695/2242/2755 3694/2241/2754 3697/2244/2757
f 3698/2245/2758 3696/2243/2756 3695/2242/2755
f 3696/2243/2756 3698/2245/2758 3699/2246/2759
f 3699/2246/2759 3698/2245/2758 3700/2247/2240
f 3700/2247/2240 3698/2245/2758 3701/2248/2760
f 3702/2249/2761 3703/2250/2762 3704/2251/2763
f 3703/2250/2762 3702/2249/2761 3705/2252/2764
f 3704/2251/2763 3706/2253/2023 3702/2249/2761
f 3705/2252/2764 3707/2254/2765 3703/2250/2762
f 3707/2254/2765 3705/2252/2764 3708/2255/2766
f 3709/2256/2767 3704/2251/2763 3703/2250/2762
f 3710/2257/2768 3703/2250/2762 3707/2254/2765
f 3703/2250/2762 3710/2257/2768 3709/2256/2767
f 3708/2255/2766 3711/2258/2769 3707/2254/2765
f 3711/2258/2769 3708/2255/2766 3712/2259/2770
f 3712/2259/2770 3713/2260/2771 3711/2258/2769
f 3713/2260/2771 3712/2259/2770 3714/2261/2772
f 3715/2262/2773 3711/2258/2769 3713/2260/2771
f 3716/2263/2774 3707/2254/2765 3711/2258/2769
f 3711/2258/2769 3715/2262/2773 3716/2263/2774
f 3707/2254/2765 3716/2263/2774 3710/2257/2768
f 3716/2263/2774 3715/2262/2773 3717/2264/2409
f 3717/2264/2409 3715/2262/2773 3718/2265/2775
f 3719/2266/2411 3716/2263/2774 3717/2264/2409
f 3710/2257/2768 3716/2263/2774 3719/2266/2411
f 3720/2267/2776 3710/2257/2768 3719/2266/2411
f 3709/2256/2767 3710/2257/2768 3720/2267/2776
f 3721/2268/2777 3709/2256/2767 3720/2267/2776
f 3722/2269/2778 3709/2256/2767 3721/2268/2777
f 3704/2251/2763 3709/2256/2767 3722/2269/2778
f 3723/2270/2779 3722/2269/2778 3721/2268/2777
f 3722/2269/2778 3724/2271/2780 3704/2251/2763
f 3706/2253/2023 3704/2251/2763 3724/2271/2780
f 3725/2272/2781 3722/2269/2778 3723/2270/2779
f 3724/2271/2780 3722/2269/2778 3725/2272/2781
f 3724/2271/2780 3726/2273/2024 3706/2253/2023
f 3727/2274/2782 3725/2272/2781 3723/2270/2779
f 3726/2273/2024 3724/2271/2780 3728/2275/2783
f 3725/2272/2781 3728/2275/2783 3724/2271/2780
f 3725/2272/2781 3727/2274/2782 3729/2276/2784
f 3728/2275/2783 3725/2272/2781 3729/2276/2784
f 3727/2274/2782 3730/2277/2785 3729/2276/2784
f 3730/2277/2785 3728/2275/2783 3729/2276/2784
f 3730/2277/2785 3727/2274/2782 3731/2278/2786
f 3732/2279/2787 3726/2273/2024 3728/2275/2783
f 3732/2279/2787 3728/2275/2783 3730/2277/2785
f 3733/2280/2788 3726/2273/2024 3732/2279/2787
f 3734/2281/2789 3730/2277/2785 3731/2278/2786
f 3735/2282/2790 3733/2280/2788 3732/2279/2787
f 3730/2277/2785 3735/2282/2790 3732/2279/2787
f 3736/2283/2791 3733/2280/2788 3735/2282/2790
f 3735/2282/2790 3737/2284/2045 3736/2283/2791
f 3738/2285/2792 3730/2277/2785 3734/2281/2789
f 3735/2282/2790 3730/2277/2785 3738/2285/2792
f 3739/2286/2793 3738/2285/2792 3734/2281/2789
f 3737/2284/2045 3735/2282/2790 3740/2287/2794
f 3738/2285/2792 3740/2287/2794 3735/2282/2790
f 3740/2287/2794 3741/2288/2795 3737/2284/2045
f 3742/2289/2796 3738/2285/2792 3739/2286/2793
f 3740/2287/2794 3738/2285/2792 3742/2289/2796
f 3743/2290/2437 3742/2289/2796 3739/2286/2793
f 3741/2288/2795 3740/2287/2794 3744/2291/2797
f 3742/2289/2796 3744/2291/2797 3740/2287/2794
f 3744/2291/2797 3745/2292/2798 3741/2288/2795
f 3746/2293/2799 3742/2289/2796 3743/2290/2437
f 3744/2291/2797 3742/2289/2796 3746/2293/2799
f 3747/2294/2440 3746/2293/2799 3743/2290/2437
f 3745/2292/2798 3744/2291/2797 3748/2295/2800
f 3746/2293/2799 3748/2295/2800 3744/2291/2797
f 3749/2296/2801 3746/2293/2799 3747/2294/2440
f 3748/2295/2800 3746/2293/2799 3749/2296/2801
f 3750/2297/2802 3749/2296/2801 3747/2294/2440
f 3745/2292/2798 3748/2295/2800 3751/2298/2803
f 3749/2296/2801 3751/2298/2803 3748/2295/2800
f 3752/2299/2804 3745/2292/2798 3751/2298/2803
f 3751/2298/2803 3753/2300/2805 3752/2299/2804
f 3754/2301/2806 3749/2296/2801 3750/2297/2802
f 3751/2298/2803 3749/2296/2801 3754/2301/2806
f 3755/2302/2446 3754/2301/2806 3750/2297/2802
f 3753/2300/2805 3751/2298/2803 3756/2303/2807
f 3754/2301/2806 3756/2303/2807 3751/2298/2803
f 3755/2302/2446 3757/2304/2808 3754/2301/2806
f 3756/2303/2807 3754/2301/2806 3757/2304/2808
f 3758/2305/2809 3757/2304/2808 3755/2302/2446
f 3753/2300/2805 3756/2303/2807 3759/2306/2810
f 3757/2304/2808 3759/2306/2810 3756/2303/2807
f 3760/2307/2811 3753/2300/2805 3759/2306/2810
f 3761/2308/2812 3757/2304/2808 3758/2305/2809
f 3759/2306/2810 3757/2304/2808 3761/2308/2812
f 3762/2309/2813 3761/2308/2812 3758/2305/2809
f 3762/2309/2813 3763/2310/2814 3761/2308/2812
f 3764/2311/2815 3761/2308/2812 3763/2310/2814
f 3761/2308/2812 3764/2311/2815 3759/2306/2810
f 3760/2307/2811 3759/2306/2810 3764/2311/2815
f 3764/2311/2815 3765/2312/2063 3760/2307/2811
f 3766/2313/2816 3767/2314/2817 3768/2315/2818
f 3767/2314/2817 3766/2313/2816 3769/2316/2819
f 3769/2316/2819 3770/2317/2820 3767/2314/2817
f 3770/2317/2820 3769/2316/2819 3771/2318/2821
f 3771/2318/2821 3772/2319/2822 3770/2317/2820
f 3772/2319/2822 3773/2320/2823 3770/2317/2820
f 3774/2321/2824 3775/2322/2825 3776/2323/2826
f 3774/2321/2824 3776/2323/2826 3777/2324/2827
f 3774/2321/2824 3777/2324/2827 3778/2325/2828
f 3779/2326/2829 3778/2325/2828 3777/2324/2827
f 3776/2323/2826 3779/2326/2829 3777/2324/2827
f 3779/2326/2829 3780/2327/2830 3778/2325/2828
f 3779/2326/2829 3781/2328/2831 3780/2327/2830
f 3779/2326/2829 3776/2323/2826 3782/2329/2832
f 3783/2330/2833 3782/2329/2832 3776/2323/2826
f 3781/2328/2831 3779/2326/2829 3784/2331/2834
f 3782/2329/2832 3784/2331/2834 3779/2326/2829
f 3781/2328/2831 3784/2331/2834 3785/2332/2835
f 3784/2331/2834 3786/2333/2836 3785/2332/2835
f 3784/2331/2834 3782/2329/2832 3787/2334/2837
f 3786/2333/2836 3784/2331/2834 3787/2334/2837
f 3783/2330/2833 3787/2334/2837 3782/2329/2832
f 3788/2335/2838 3786/2333/2836 3787/2334/2837
f 3787/2334/2837 3783/2330/2833 3788/2335/2838
f 3789/2336/2839 3790/236/2840 3791/2337/2841
f 3790/236/2840 3789/2336/2839 3792/2338/2842
f 3793/2339/2843 3792/2338/2842 3789/2336/2839
f 3792/2338/2842 3793/2339/2843 3794/2340/2844
f 3795/1265/170 3794/2340/2844 3793/2339/2843
f 3794/2340/2844 3795/1265/170 3796/2341/169
f 3797/2336/2839 3798/236/2840 3799/2338/2842
f 3798/236/2840 3797/2336/2839 3800/2337/2841
f 3799/2338/2842 3801/2339/2843 3797/2336/2839
f 3801/2339/2843 3799/2338/2842 3802/2340/2844
f 3802/2340/2844 3803/1265/170 3801/2339/2843
f 3803/1265/170 3802/2340/2844 3804/2341/169
f 3805/2342/2845 3806/2343/2846 3807/2344/2847
f 3808/2345/2848 3805/2342/2845 3807/2344/2847
f 3806/2343/2846 3805/2342/2845 3809/2346/2849
f 3805/2342/2845 3808/2345/2848 3810/2347/2850
f 3811/2348/2851 3806/2343/2846 3809/2346/2849
f 3812/2349/2852 3810/2347/2850 3808/2345/2848
f 3809/2346/2849 3813/2350/2853 3811/2348/2851
f 3810/2347/2850 3812/2349/2852 3814/2351/2854
f 3815/2352/2855 3811/2348/2851 3813/2350/2853
f 3816/2353/2856 3814/2351/2854 3812/2349/2852
f 3813/2350/2853 3817/2354/2855 3815/2352/2855
f 3814/2351/2854 3816/2353/2856 3818/2355/2857
f 3819/2356/2858 3815/2352/2855 3817/2354/2855
f 3816/2353/2856 3820/2357/2859 3818/2355/2857
f 3815/2352/2855 3819/2356/2858 3821/2358/2860
f 3820/2357/2859 3816/2353/2856 3822/2359/2861
f 3823/2360/2862 3821/2358/2860 3819/2356/2858
f 3822/2359/2861 3824/2361/2863 3820/2357/2859
f 3821/2358/2860 3823/2360/2862 3825/2362/2864
f 3824/2361/2863 3822/2359/2861 3826/2363/2865
f 3827/2364/2866 3825/2362/2864 3823/2360/2862
f 3827/2364/2866 3824/2361/2863 3826/2363/2865
f 3825/2362/2864 3827/2364/2866 3828/2365/2866
f 3826/2363/2865 3828/2365/2866 3827/2364/2866
f 3829/2366/1905 3830/2367/2867 3831/2368/2868
f 3831/2368/2868 3830/2367/2867 3832/2369/2869
f 3831/2368/2868 3832/2369/2869 3833/2370/2870
f 3833/2370/2870 3832/2369/2869 3834/2371/2871
f 3835/2372/2872 3833/2370/2870 3834/2371/2871
f 3833/2370/2870 3835/2372/2872 3836/2373/2873
f 3837/2374/2874 3838/2375/2875 3839/2376/2876
f 3839/2376/2876 3838/2375/2875 3840/2377/2877
f 3839/2376/2876 3840/2377/2877 3841/2378/2878
f 3841/2378/2878 3840/2377/2877 3842/2379/2879
f 3843/2380/2880 3841/2378/2878 3842/2379/2879
f 3841/2378/2878 3843/2380/2880 3844/2381/2881
f 3845/2382/2882 3846/2383/1914 3847/2384/2883
f 3847/2384/2883 3846/2383/1914 3848/2385/2884
f 3847/2384/2883 3848/2385/2884 3849/2386/2885
f 3849/2386/2885 3848/2385/2884 3850/2387/2886
f 3851/2388/2887 3849/2386/2885 3850/2387/2886
f 3849/2386/2885 3851/2388/2887 3852/2389/2888
f 3853/2390/2889 3854/2391/2181 3855/2392/2890
f 3854/2391/2181 3853/2390/2889 3856/2393/2891
f 3853/2390/2889 3857/2394/2892 3856/2393/2891
f 3853/2390/2889 3858/2395/2893 3857/2394/2892
f 3858/2395/2893 3859/2396/2894 3857/2394/2892
f 3858/2395/2893 3860/2397/2895 3859/2396/2894
f 3861/2398/1891 3862/2399/2896 3863/2400/2897
f 3862/2399/2896 3861/2398/1891 3864/2401/2898
f 3865/2402/2899 3863/2400/2897 3862/2399/2896
f 3863/2400/2897 3865/2402/2899 3866/2403/2900
f 3866/2403/2900 3865/2402/2899 3867/2404/2901
f 3867/2404/2901 3865/2402/2899 3868/2405/2902
f 3869/2406/2903 3870/2407/2904 3871/2408/2905
f 3871/2408/2905 3870/2407/2904 3872/2409/2906
f 3871/2408/2905 3872/2409/2906 3873/2410/2907
f 3873/2410/2907 3872/2409/2906 3874/2411/2908
f 3875/2412/2909 3873/2410/2907 3874/2411/2908
f 3873/2410/2907 3875/2412/2909 3876/2413/2910
f 3877/2414/1961 3878/2415/2911 3879/2416/2912
f 3878/2415/2911 3877/2414/1961 3880/2417/2913
f 3881/2418/2914 3879/2416/2912 3878/2415/2911
f 3879/2416/2912 3881/2418/2914 3882/2419/2915
f 3882/2419/2915 3881/2418/2914 3883/2420/2916
f 3883/2420/2916 3881/2418/2914 3884/2421/2917
f 3885/2422/2918 3886/2423/2919 3887/2424/2920
f 3886/2423/2919 3885/2422/2918 3888/2425/1845
f 3889/2426/2878 3887/2424/2920 3886/2423/2919
f 3887/2424/2920 3889/2426/2878 3890/2427/2921
f 3890/2427/2921 3889/2426/2878 3891/2428/2922
f 3891/2428/2922 3889/2426/2878 3892/2429/2227
f 3893/2430/2923 3894/2431/2924 3895/2432/2925
f 3894/2431/2924 3893/2430/2923 3896/2433/1968
f 3897/2434/2926 3895/2432/2925 3894/2431/2924
f 3895/2432/2925 3897/2434/2926 3898/2435/2927
f 3898/2435/2927 3897/2434/2926 3899/2436/2928
f 3899/2436/2928 3897/2434/2926 3900/2437/2929
f 3901/2438/2930 3902/2439/2931 3903/2440/2932
f 3902/2439/2931 3901/2438/2930 3904/2441/2933
f 3905/2442/2934 3903/2440/2932 3902/2439/2931
f 3903/2440/2932 3905/2442/2934 3906/2443/2935
f 3907/2444/2936 3906/2443/2935 3905/2442/2934
f 3906/2443/2935 3907/2444/2936 3908/2445/2937
f 3909/2446/2938 3908/2445/2937 3907/2444/2936
f 3908/2445/2937 3909/2446/2938 3910/2447/2939
f 3911/2448/2940 3910/2447/2939 3909/2446/2938
f 3910/2447/2939 3911/2448/2940 3912/2449/2941
f 3913/2450/346 3912/2449/2941 3911/2448/2940
f 3912/2449/2941 3913/2450/346 3914/2451/345
f 3915/2438/2930 3916/2439/2931 3917/2441/2933
f 3916/2439/2931 3915/2438/2930 3918/2440/2932
f 3918/2440/2932 3919/2442/2934 3916/2439/2931
f 3919/2442/2934 3918/2440/2932 3920/2443/2935
f 3920/2443/2935 3921/2444/2936 3919/2442/2934
f 3921/2444/2936 3920/2443/2935 3922/2445/2937
f 3922/2445/2937 3923/2446/2938 3921/2444/2936
f 3923/2446/2938 3922/2445/2937 3924/2447/2939
f 3924/2447/2939 3925/2448/2940 3923/2446/2938
f 3925/2448/2940 3924/2447/2939 3926/2449/2942
f 3926/2449/2942 3927/2450/346 3925/2448/2940
f 3927/2450/346 3926/2449/2942 3928/2451/345
f 3929/2452/1946 3930/2453/2943 3931/2454/2944
f 3930/2453/2943 3929/2452/1946 3932/2455/2945
f 3933/2456/2946 3931/2454/2944 3930/2453/2943
f 3931/2454/2944 3933/2456/2946 3934/2457/2946
f 3934/2457/2946 3933/2456/2946 3935/2458/2947
f 3935/2458/2947 3933/2456/2946 3936/2459/2948
f 3937/2460/2949 3938/2461/2950 3939/2462/2951
f 3938/2461/2950 3937/2460/2949 3940/2463/2952
f 3941/2464/2953 3940/2463/2952 3937/2460/2949
f 3940/2463/2952 3941/2464/2953 3942/2465/2954
f 3942/2465/2954 3941/2464/2953 3943/2466/2955
f 3944/2467/2369 3943/2466/2955 3941/2464/2953
f 3945/2468/2956 3946/2469/2957 3947/2470/2958
f 3946/2469/2957 3945/2468/2956 3948/2471/2959
f 3948/2471/2959 3949/2472/2960 3946/2469/2957
f 3949/2472/2960 3948/2471/2959 3950/2473/2961
f 3950/2473/2961 3951/2474/2962 3949/2472/2960
f 3951/2474/2962 3950/2473/2961 3952/2475/2963
f 3953/2469/2964 3954/2468/2965 3955/2470/2966
f 3954/2468/2965 3953/2469/2964 3956/2471/2967
f 3957/2472/2968 3956/2471/2967 3953/2469/2964
f 3956/2471/2967 3957/2472/2968 3958/2473/2969
f 3959/2474/2970 3958/2473/2969 3957/2472/2968
f 3958/2473/2969 3959/2474/2970 3960/2475/2971
f 3961/2476/2972 3962/2477/2973 3963/2478/2974
f 3962/2477/2973 3961/2476/2972 3964/2479/2975
f 3964/2479/2975 3965/2480/2976 3962/2477/2973
f 3965/2480/2976 3964/2479/2975 3966/2481/2977
f 3966/2481/2977 3967/2482/2978 3965/2480/2976
f 3967/2482/2978 3968/2483/2979 3965/2480/2976
f 3969/2484/2980 3970/2485/250 3971/2486/2981
f 3971/2486/2981 3970/2485/250 3972/2487/2982
f 3970/2485/250 3969/2484/2980 3973/2488/2983
f 3973/2488/2983 3974/2489/2984 3970/2485/250
f 3974/2489/2984 3973/2488/2983 3975/2490/2985
f 3975/2490/2985 3976/2491/2986 3974/2489/2984
f 3977/2070/2987 3978/2492/2988 3979/2493/2989
f 3979/2493/2989 3978/2492/2988 3980/2494/2990
f 3979/2493/2989 3980/2494/2990 3981/2495/2991
f 3981/2495/2991 3980/2494/2990 3982/2496/2992
f 3983/2497/2385 3981/2495/2991 3982/2496/2992
f 3981/2495/2991 3983/2497/2385 3984/2498/2993
f 3985/2499/2994 3986/2500/2995 3987/2501/2996
f 3986/2500/2995 3985/2499/2994 3988/2502/2997
f 3989/2503/2998 3985/2499/2994 3987/2501/2996
f 3985/2499/2994 3989/2503/2998 3990/2504/2999
f 3989/2503/2998 3991/2505/3000 3990/2504/2999
f 3992/2506/3001 3990/2504/2999 3991/2505/3000
f 3993/2507/3002 3994/2508/3003 3995/2509/3004
f 3994/2508/3003 3993/2507/3002 3996/2510/3002
f 3993/2507/3002 3997/2511/3005 3996/2510/3002
f 3993/2507/3002 3998/2512/3006 3997/2511/3005
f 3997/2511/3005 3998/2512/3006 3999/2513/3007
f 3998/2512/3006 4000/1421/1781 3999/2513/3007
f 4001/2514/3008 4002/2515/3009 4003/2516/3010
f 4003/2516/3010 4002/2515/3009 4004/2517/3011
f 4005/2518/3012 4006/2519/3013 4001/2514/3008
f 4006/2519/3013 4007/2520/3014 4001/2514/3008
f 4002/2515/3009 4001/2514/3008 4007/2520/3014
f 4007/2520/3014 4008/2521/3015 4002/2515/3009
f 4004/2517/3011 4002/2515/3009 4009/2522/3016
f 4002/2515/3009 4008/2521/3015 4010/2523/3017
f 4009/2522/3016 4002/2515/3009 4010/2523/3017
f 4011/2524/3018 4004/2517/3011 4009/2522/3016
f 4004/2517/3011 4011/2524/3018 4012/2525/3019
f 4011/2524/3018 4013/2526/3020 4012/2525/3019
f 4014/2527/3021 4015/2528/3022 4013/2526/3020
f 4016/2468/3023 4014/2527/3021 4013/2526/3020
f 4013/2526/3020 4011/2524/3018 4016/2468/3023
f 4011/2524/3018 4017/2471/3024 4016/2468/3023
f 4017/2471/3024 4011/2524/3018 4018/2529/3025
f 4009/2522/3016 4018/2529/3025 4011/2524/3018
f 4018/2529/3025 4019/2473/3026 4017/2471/3024
f 4018/2529/3025 4009/2522/3016 4020/2530/3027
f 4009/2522/3016 4010/2523/3017 4020/2530/3027
f 4019/2473/3026 4018/2529/3025 4021/2531/3028
f 4020/2530/3027 4021/2531/3028 4018/2529/3025
f 4021/2531/3028 4022/2475/3029 4019/2473/3026
f 4010/2523/3017 4023/2532/3030 4020/2530/3027
f 4021/2531/3028 4020/2530/3027 4023/2532/3030
f 4022/2475/3029 4021/2531/3028 4024/2335/3031
f 4023/2532/3030 4024/2335/3031 4021/2531/3028
f 4024/2335/3031 4025/2333/3032 4022/2475/3029
f 4023/2532/3030 4010/2523/3017 4026/2533/3033
f 4008/2521/3015 4026/2533/3033 4010/2523/3017
f 4026/2533/3033 4008/2521/3015 4027/2534/3034
f 4026/2533/3033 4028/2330/3035 4023/2532/3030
f 4024/2335/3031 4023/2532/3030 4028/2330/3035
f 4027/2534/3034 4029/2535/3036 4026/2533/3033
f 4028/2330/3035 4026/2533/3033 4029/2535/3036
f 4029/2535/3036 4027/2534/3034 4030/2536/3037
f 4030/2536/3037 4031/2322/3038 4029/2535/3036
f 4029/2535/3036 4031/2322/3038 4032/2323/3039
f 4029/2535/3036 4032/2323/3039 4028/2330/3035
f 4031/2322/3038 4033/2321/3040 4032/2323/3039
f 4032/2323/3039 4033/2321/3040 4034/2324/3041
f 4033/2321/3040 4035/2325/3042 4034/2324/3041
f 4036/2326/3043 4034/2324/3041 4035/2325/3042
f 4036/2326/3043 4032/2323/3039 4034/2324/3041
f 4036/2326/3043 4035/2325/3042 4037/2327/3044
f 4038/2328/3045 4036/2326/3043 4037/2327/3044
f 4032/2323/3039 4036/2326/3043 4039/2329/3046
f 4028/2330/3035 4032/2323/3039 4039/2329/3046
f 4036/2326/3043 4038/2328/3045 4040/2331/3047
f 4040/2331/3047 4039/2329/3046 4036/2326/3043
f 4038/2328/3045 4041/2332/3048 4040/2331/3047
f 4041/2332/3048 4025/2333/3032 4040/2331/3047
f 4039/2329/3046 4040/2331/3047 4042/2334/3049
f 4042/2334/3049 4028/2330/3035 4039/2329/3046
f 4042/2334/3049 4040/2331/3047 4025/2333/3032
f 4028/2330/3035 4042/2334/3049 4024/2335/3031
f 4025/2333/3032 4024/2335/3031 4042/2334/3049
f 4043/2537/3050 4044/2538/3051 4045/2539/3051
f 4046/2540/3052 4045/2539/3051 4044/2538/3051
f 4045/2539/3051 4046/2540/3052 4047/2541/3053
f 4044/2538/3051 4043/2537/3050 4048/2542/3050
f 4049/2543/3054 4048/2542/3050 4043/2537/3050
f 4048/2542/3050 4049/2543/3054 4050/2544/3054
f 4051/2545/3055 4050/2544/3054 4049/2543/3054
f 4050/2544/3054 4051/2545/3055 4052/2546/3055
f 4053/2547/3056 4052/2546/3055 4051/2545/3055
f 4052/2546/3055 4053/2547/3056 4054/2548/3056
f 4055/2537/3050 4056/2539/3051 4057/2542/3050
f 4057/2542/3050 4056/2539/3051 4058/2538/3051
f 4056/2539/3051 4059/2541/3052 4058/2538/3051
f 4058/2538/3051 4059/2541/3052 4060/2540/3057
f 4061/2544/3054 4055/2537/3050 4057/2542/3050
f 4062/2543/3054 4055/2537/3050 4061/2544/3054
f 4063/2546/3055 4062/2543/3054 4061/2544/3054
f 4064/2545/3055 4062/2543/3054 4063/2546/3055
f 4065/2548/3056 4064/2545/3055 4063/2546/3055
f 4066/2547/3056 4064/2545/3055 4065/2548/3056
f 4067/2515/3058 4068/2514/3059 4069/2516/3060
f 4069/2516/3060 4070/2517/3061 4067/2515/3058
f 4071/2518/3062 4068/2514/3059 4072/2519/3063
f 4072/2519/3063 4068/2514/3059 4073/2520/3064
f 4068/2514/3059 4067/2515/3058 4073/2520/3064
f 4073/2520/3064 4067/2515/3058 4074/2521/3065
f 4070/2517/3061 4075/2522/3066 4067/2515/3058
f 4067/2515/3058 4076/2523/3067 4074/2521/3065
f 4067/2515/3058 4075/2522/3066 4076/2523/3067
f 4070/2517/3061 4077/2524/3068 4075/2522/3066
f 4077/2524/3068 4070/2517/3061 4078/2525/3069
f 4079/2526/3070 4077/2524/3068 4078/2525/3069
f 4080/2527/3071 4079/2526/3070 4081/2528/3072
f 4082/2468/3073 4079/2526/3070 4080/2527/3071
f 4077/2524/3068 4079/2526/3070 4082/2468/3073
f 4083/2471/3074 4077/2524/3068 4082/2468/3073
f 4077/2524/3068 4083/2471/3074 4084/2529/3075
f 4084/2529/3075 4075/2522/3066 4077/2524/3068
f 4085/2473/3076 4084/2529/3075 4083/2471/3074
f 4075/2522/3066 4084/2529/3075 4086/2530/3077
f 4086/2530/3077 4076/2523/3067 4075/2522/3066
f 4084/2529/3075 4085/2473/3076 4087/2531/3078
f 4087/2531/3078 4086/2530/3077 4084/2529/3075
f 4088/2475/3079 4087/2531/3078 4085/2473/3076
f 4089/2532/3080 4076/2523/3067 4086/2530/3077
f 4086/2530/3077 4087/2531/3078 4089/2532/3080
f 4087/2531/3078 4088/2475/3079 3788/2335/2838
f 3788/2335/2838 4089/2532/3080 4087/2531/3078
f 3786/2333/2836 3788/2335/2838 4088/2475/3079
f 4076/2523/3067 4089/2532/3080 4090/2533/3081
f 4090/2533/3081 4074/2521/3065 4076/2523/3067
f 4074/2521/3065 4090/2533/3081 4091/2534/3082
f 3783/2330/2833 4090/2533/3081 4089/2532/3080
f 4089/2532/3080 3788/2335/2838 3783/2330/2833
f 4092/2535/3083 4091/2534/3082 4090/2533/3081
f 4090/2533/3081 3783/2330/2833 4092/2535/3083
f 4091/2534/3082 4092/2535/3083 4093/2536/3084
f 3775/2322/2825 4093/2536/3084 4092/2535/3083
f 4092/2535/3083 3776/2323/2826 3775/2322/2825
f 3776/2323/2826 4092/2535/3083 3783/2330/2833
f 4094/2549/3085 4095/2550/3086 4096/2551/3087
f 4095/2550/3086 4097/2552/3088 4096/2551/3087
f 4094/2549/3085 4096/2551/3087 4098/2553/3089
f 4094/2549/3085 4099/2554/3090 4095/2550/3086
f 4100/2555/3091 4094/2549/3085 4098/2553/3089
f 4100/2555/3091 4098/2553/3089 4101/2556/2553
f 4101/2556/2553 4102/2557/3092 4100/2555/3091
f 4099/2554/3090 4094/2549/3085 4103/2558/3093
f 4100/2555/3091 4103/2558/3093 4094/2549/3085
f 4103/2558/3093 4104/2559/3094 4099/2554/3090
f 4104/2559/3094 4103/2558/3093 4105/2560/3095
f 4103/2558/3093 4100/2555/3091 4106/2561/3096
f 4102/2557/3092 4106/2561/3096 4100/2555/3091
f 4106/2561/3096 4105/2560/3095 4103/2558/3093
f 4106/2561/3096 4102/2557/3092 4107/2562/3097
f 4105/2560/3095 4106/2561/3096 4108/2563/3098
f 4107/2562/3097 4108/2563/3098 4106/2561/3096
f 4108/2563/3098 4107/2562/3097 4109/2564/3099
f 4110/2565/3100 4111/2566/2217 4112/2567/3101
f 4113/2568/3102 4112/2567/3101 4111/2566/2217
f 4110/2565/3100 4112/2567/3101 4114/2569/3103
f 4114/2569/3103 4115/2570/3104 4110/2565/3100
f 4115/2570/3104 4114/2569/3103 4116/2571/3105
f 4116/2571/3105 4117/2572/3106 4115/2570/3104
f 4118/2573/3107 4119/2574/3108 4120/2575/3107
f 4119/2574/3108 4118/2573/3107 4121/2576/3109
f 4122/2577/3110 4118/2573/3107 4120/2575/3107
f 4118/2573/3107 4122/2577/3110 4123/2578/3111
f 4122/2577/3110 4124/2579/3112 4123/2578/3111
f 4125/2580/3113 4123/2578/3111 4124/2579/3112
f 4126/2581/3114 4127/2582/3115 4128/2583/3116
f 4129/2584/3117 4128/2583/3116 4127/2582/3115
f 4126/2581/3114 4128/2583/3116 4130/2585/3118
f 4130/2585/3118 4131/2586/3119 4126/2581/3114
f 4131/2586/3119 4130/2585/3118 4132/2587/3120
f 4132/2587/3120 4133/2588/3121 4131/2586/3119
f 4134/2589/3122 4135/2590/3123 4136/2591/3124
f 4137/2592/2666 4136/2591/3124 4135/2590/3123
f 4138/2593/3125 4134/2589/3122 4136/2591/3124
f 4134/2589/3122 4138/2593/3125 4139/2594/3126
f 4140/2595/3127 4139/2594/3126 4138/2593/3125
f 4139/2594/3126 4140/2595/3127 4141/2596/3128
f 4142/2597/3129 4143/2598/3130 4144/2599/3131
f 4145/2600/3132 4144/2599/3131 4143/2598/3130
f 4146/2601/3133 4142/2597/3129 4144/2599/3131
f 4142/2597/3129 4146/2601/3133 4147/2602/3134
f 4148/2603/3135 4147/2602/3134 4146/2601/3133
f 4147/2602/3134 4148/2603/3135 4149/2604/3136
f 4150/2605/3137 4151/2606/3138 4152/2607/3139
f 4151/2606/3138 4150/2605/3137 4153/2608/3140
f 4153/2608/3140 4154/2609/3141 4151/2606/3138
f 4154/2609/3141 4153/2608/3140 4155/2610/3142
f 4155/2610/3142 4156/2611/3143 4154/2609/3141
f 4156/2611/3143 4155/2610/3142 4157/2612/3144
f 4158/2613/2690 4159/2614/3145 4160/2615/3146
f 4159/2614/3145 4161/2616/3147 4160/2615/3146
f 4162/2617/3148 4161/2616/3147 4159/2614/3145
f 4161/2616/3147 4162/2617/3148 4163/2618/3149
f 4164/2619/3150 4163/2618/3149 4162/2617/3148
f 4163/2618/3149 4164/2619/3150 4165/2620/3151
f 4166/2621/3152 4167/2622/3153 4168/2623/3154
f 4169/2624/3155 4168/2623/3154 4167/2622/3153
f 4170/2625/3156 4166/2621/3152 4168/2623/3154
f 4170/2625/3156 4171/2626/3157 4166/2621/3152
f 4172/2627/3158 4171/2626/3157 4170/2625/3156
f 4171/2626/3157 4172/2627/3158 4173/2628/3159
f 4174/2629/2600 4175/2630/3160 4176/2631/3161
f 4175/2630/3160 4174/2629/2600 4177/2632/3162
f 4177/2632/3162 4178/2633/3163 4175/2630/3160
f 4178/2633/3163 4177/2632/3162 4179/2634/3164
f 4180/2635/3165 4178/2633/3163 4179/2634/3164
f 4178/2633/3163 4180/2635/3165 4181/2636/3166
f 4182/2637/3167 4183/2638/3168 4184/2639/3169
f 4183/2638/3168 4182/2637/3167 4185/2640/3170
f 4186/2641/3171 4185/2640/3170 4182/2637/3167
f 4185/2640/3170 4186/2641/3171 4187/2642/3172
f 4187/2642/3172 4186/2641/3171 4188/2643/2476
f 4188/2643/2476 4186/2641/3171 4189/2644/3173
f 4190/2645/3174 4191/2646/3175 4192/2647/3176
f 4191/2646/3175 4190/2645/3174 4193/2648/3177
f 4193/2648/3177 4194/2649/3178 4191/2646/3175
f 4194/2649/3178 4193/2648/3177 4195/2650/3179
f 4196/2651/3180 4194/2649/3178 4195/2650/3179
f 4194/2649/3178 4196/2651/3180 4197/1563/3181
f 4198/2652/3182 4199/2653/3183 4200/2654/3184
f 4199/2653/3183 4198/2652/3182 4201/2655/3185
f 4201/2655/3185 4202/2656/3186 4199/2653/3183
f 4202/2656/3186 4201/2655/3185 4203/2657/3187
f 4204/2658/3188 4202/2656/3186 4203/2657/3187
f 4202/2656/3186 4204/2658/3188 4205/2659/3189
f 4206/2660/3190 4207/2661/3191 4208/2662/3192
f 4207/2661/3191 4209/2663/3193 4208/2662/3192
f 4210/2664/3194 4209/2663/3193 4207/2661/3191
f 4209/2663/3193 4210/2664/3194 4211/2665/3195
f 4212/2666/3196 4211/2665/3195 4210/2664/3194
f 4211/2665/3195 4212/2666/3196 4213/2667/3197
f 4214/2668/2822 4215/2669/3198 4216/2670/2823
f 4215/2669/3198 4217/2671/3199 4216/2670/2823
f 4218/2672/3200 4217/2671/3199 4215/2669/3198
f 4217/2671/3199 4218/2672/3200 4219/2673/3201
f 4220/2674/3202 4219/2673/3201 4218/2672/3200
f 4219/2673/3201 4220/2674/3202 4221/2675/3203
f 4222/2676/3204 4223/2677/3205 4224/2678/3206
f 4223/2677/3205 4222/2676/3204 4225/2679/3207
f 4225/2679/3207 4226/2680/3208 4223/2677/3205
f 4226/2680/3208 4225/2679/3207 4227/2681/3209
f 4227/2681/3209 4228/2682/3210 4226/2680/3208
f 4228/2682/3210 4227/2681/3209 4229/2683/3211
f 4230/2684/3212 4231/2685/3213 4232/2686/3214
f 4231/2685/3213 4230/2684/3212 4233/2687/3215
f 4233/2687/3215 4234/2688/3216 4231/2685/3213
f 4234/2688/3216 4233/2687/3215 4235/2689/3217
f 4235/2689/3217 4236/2690/3218 4234/2688/3216
f 4236/2690/3218 4235/2689/3217 4237/2691/3219
f 4238/2692/3220 4239/2693/3221 4240/2694/3222
f 4239/2693/3221 4238/2692/3220 4241/2695/3223
f 4241/2695/3223 4242/2696/3224 4239/2693/3221
f 4242/2696/3224 4241/2695/3223 4243/2697/3225
f 4243/2697/3225 4244/2698/3226 4242/2696/3224
f 4244/2698/3226 4243/2697/3225 4245/2699/3227
f 4246/2700/3228 4247/2701/3229 4248/2702/3230
f 4247/2701/3229 4249/2703/3231 4248/2702/3230
f 4250/2704/3232 4249/2703/3231 4247/2701/3229
f 4249/2703/3231 4250/2704/3232 4251/2705/3233
f 4252/2706/3234 4251/2705/3233 4250/2704/3232
f 4251/2705/3233 4252/2706/3234 4253/2707/3235
f 4254/2708/3236 4255/2709/3237 4256/2710/2709
f 4255/2709/3237 4254/2708/3236 4257/2711/3238
f 4257/2711/3238 4258/2712/3239 4255/2709/3237
f 4258/2712/3239 4257/2711/3238 4259/2713/3240
f 4259/2713/3240 4260/2714/3241 4258/2712/3239
f 4260/2714/3241 4259/2713/3240 4261/2715/3242
f 4262/2716/2997 4263/2717/3243 4264/2718/3244
f 4263/2717/3243 4262/2716/2997 4265/2719/3245
f 4265/2719/3245 4266/2720/3246 4263/2717/3243
f 4266/2720/3246 4265/2719/3245 4267/2721/3247
f 4267/2721/3247 4268/2722/3248 4266/2720/3246
f 4268/2722/3248 4267/2721/3247 4269/2723/3249
f 4269/2723/3249 4270/2724/3250 4268/2722/3248
f 4270/2724/3250 4269/2723/3249 4271/2725/3251
f 4272/2726/3252 4273/2727/3253 4274/2728/3254
f 4275/2729/3255 4274/2728/3254 4273/2727/3253
f 4273/2727/3253 4272/2726/3252 4276/2730/3256
f 4273/2727/3253 4277/2731/3257 4275/2729/3255
f 4278/2732/3258 4276/2730/3256 4272/2726/3252
f 4277/2731/3257 4279/2733/3259 4275/2729/3255
f 4276/2730/3256 4278/2732/3258 4280/2734/3260
f 4279/2733/3259 4277/2731/3257 4281/2735/3261
f 4282/2736/3262 4280/2734/3260 4278/2732/3258
f 4281/2735/3261 4283/2737/3263 4279/2733/3259
f 4280/2734/3260 4282/2736/3262 4284/2738/3262
f 4283/2737/3263 4281/2735/3261 4285/2739/3263
f 4286/2740/3264 4284/2738/3262 4282/2736/3262
f 4287/2741/3265 4283/2737/3263 4285/2739/3263
f 4282/2736/3262 4288/2742/3266 4286/2740/3264
f 4283/2737/3263 4287/2741/3265 4289/2743/3267
f 4290/2744/3268 4286/2740/3264 4288/2742/3266
f 4291/2745/3269 4289/2743/3267 4287/2741/3265
f 4288/2742/3266 4292/2746/3270 4290/2744/3268
f 4289/2743/3267 4291/2745/3269 4293/2747/3271
f 4292/2746/3270 4294/2748/3272 4290/2744/3268
f 4294/2748/3272 4293/2747/3271 4291/2745/3269
f 4294/2748/3272 4292/2746/3270 4295/2749/3273
f 4293/2747/3271 4294/2748/3272 4295/2749/3273
f 4296/2750/3274 4297/2751/3275 4298/2752/3276
f 4297/2751/3275 4296/2750/3274 4299/2753/3277
f 4299/2753/3277 4300/2754/3278 4297/2751/3275
f 4300/2754/3278 4299/2753/3277 4301/2755/3278
f 4301/2755/3278 4302/2756/3279 4300/2754/3278
f 4302/2756/3279 4303/2757/3280 4300/2754/3278
f 4304/2758/3281 4305/2759/3282 4306/2760/3283
f 4305/2759/3282 4304/2758/3281 4307/2761/3284
f 4306/2760/3283 4308/2762/3285 4304/2758/3281
f 4308/2762/3285 4306/2760/3283 4309/2763/3286
f 4309/2763/3286 4310/2764/3287 4308/2762/3285
f 4310/2764/3287 4309/2763/3286 4311/2765/3288
f 4310/2764/3287 4312/2766/3289 4308/2762/3285
f 4313/2767/3290 4308/2762/3285 4312/2766/3289
f 4304/2758/3281 4308/2762/3285 4313/2767/3290
f 4314/2768/3291 4313/2767/3290 4312/2766/3289
f 4313/2767/3290 4314/2768/3291 4315/2769/3292
f 4316/2770/3293 4304/2758/3281 4313/2767/3290
f 4315/2769/3292 4316/2770/3293 4313/2767/3290
f 4307/2761/3284 4304/2758/3281 4316/2770/3293
f 4316/2770/3293 4315/2769/3292 4317/2771/3294
f 4318/2772/3295 4307/2761/3284 4316/2770/3293
f 4317/2771/3294 4318/2772/3295 4316/2770/3293
f 4318/2772/3295 4317/2771/3294 4319/2773/3296
f 4320/2774/3297 4321/2775/3298 4322/2776/3299
f 4321/2775/3298 4320/2774/3297 4323/2777/3300
f 4323/2777/3300 4324/2778/3301 4321/2775/3298
f 4324/2778/3301 4323/2777/3300 4325/2779/3302
f 4325/2779/3302 4326/2780/3303 4324/2778/3301
f 4326/2780/3303 4325/2779/3302 4327/2781/3304
f 4328/2782/3305 4329/2783/3306 4330/2784/3307
f 4328/2782/3305 4330/2784/3307 4331/2785/3308
f 4332/2786/3309 4329/2783/3306 4328/2782/3305
f 4332/2786/3309 4333/2787/3310 4329/2783/3306
f 4334/2788/3311 4333/2787/3310 4332/2786/3309
f 4334/2788/3311 4335/2789/3312 4333/2787/3310
f 4336/2790/3313 4337/2791/3314 4338/2792/3315
f 4339/2793/3316 4338/2792/3315 4337/2791/3314
f 4340/2794/3317 4336/2790/3313 4338/2792/3315
f 4340/2794/3317 4341/2795/3318 4336/2790/3313
f 4341/2795/3318 4340/2794/3317 4342/2796/3319
f 4342/2796/3319 4343/2797/3112 4341/2795/3318
f 4344/2798/3320 4345/2799/3321 4346/2800/3322
f 4347/2801/3323 4346/2800/3322 4345/2799/3321
f 4348/2802/3324 4344/2798/3320 4346/2800/3322
f 4344/2798/3320 4348/2802/3324 4349/2803/3325
f 4350/2804/3326 4349/2803/3325 4348/2802/3324
f 4349/2803/3325 4350/2804/3326 4351/2805/3327
f 4352/2806/3328 4353/2807/3329 4354/2808/3330
f 4353/2807/3329 4352/2806/3328 4355/2809/3331
f 4355/2809/3331 4356/2810/3332 4353/2807/3329
f 4356/2810/3332 4355/2809/3331 4357/2811/3333
f 4357/2811/3333 4358/2812/3334 4356/2810/3332
f 4358/2812/3334 4357/2811/3333 4359/2813/3335
f 4360/2814/3336 4361/2815/3337 4362/2816/3338
f 4361/2815/3337 4360/2814/3336 4363/2817/3339
f 4363/2817/3339 4364/2818/3340 4361/2815/3337
f 4365/2819/3341 4361/2815/3337 4364/2818/3340
f 4364/2818/3340 4366/2820/3342 4365/2819/3341
f 4367/2821/2678 4365/2819/3341 4366/2820/3342
f 4368/2822/3343 4369/2823/3344 4370/2824/3345
f 4369/2823/3344 4368/2822/3343 4371/2825/3346
f 4371/2825/3346 4372/2826/3347 4369/2823/3344
f 4372/2826/3347 4371/2825/3346 4373/2827/3348
f 4373/2827/3348 4374/2828/3349 4372/2826/3347
f 4374/2828/3349 4373/2827/3348 4375/2829/3350
f 4376/2830/3351 4377/2831/3352 4378/2832/3353
f 4377/2831/3352 4376/2830/3351 4379/2833/3354
f 4379/2833/3354 4380/2834/3355 4377/2831/3352
f 4380/2834/3355 4379/2833/3354 4381/2835/3356
f 4381/2835/3356 4382/2836/3357 4380/2834/3355
f 4382/2836/3357 4381/2835/3356 4383/2837/3358
f 4384/2838/3359 4385/2839/3360 4386/2840/3361
f 4385/2839/3360 4384/2838/3359 4387/2841/3362
f 4387/2841/3362 4388/2842/3363 4385/2839/3360
f 4388/2842/3363 4387/2841/3362 4389/2843/3364
f 4389/2843/3364 4390/2844/2702 4388/2842/3363
f 4390/2844/2702 4389/2843/3364 4391/2845/3365
f 4392/2846/3366 4393/2847/3367 4394/2848/3368
f 4393/2847/3367 4392/2846/3366 4395/2849/3369
f 4395/2849/3369 4396/2850/3370 4393/2847/3367
f 4396/2850/3370 4395/2849/3369 4397/2851/3371
f 4397/2851/3371 4398/2852/2594 4396/2850/3370
f 4398/2852/2594 4399/2102/3372 4396/2850/3370
f 4400/2853/3373 4401/2854/3374 4402/2855/3375
f 4402/2855/3375 4401/2854/3374 4403/2856/3376
f 4402/2855/3375 4404/2857/3377 4400/2853/3373
f 4405/2858/3378 4400/2853/3373 4404/2857/3377
f 4404/2857/3377 4406/2859/3379 4405/2858/3378
f 4407/2860/3380 4405/2858/3378 4406/2859/3379
f 4408/2861/3381 4409/2862/3382 4410/2863/3383
f 4409/2862/3382 4408/2861/3381 4411/2864/3384
f 4411/2864/3384 4412/2865/3385 4409/2862/3382
f 4412/2865/3385 4411/2864/3384 4413/2866/3386
f 4413/2866/3386 4414/2867/3387 4412/2865/3385
f 4414/2867/3387 4413/2866/3386 4415/990/3388
f 4416/2868/3389 4417/2869/3390 4418/2870/3391
f 4417/2869/3390 4416/2868/3389 4419/2871/3392
f 4419/2871/3392 4420/2872/3393 4417/2869/3390
f 4420/2872/3393 4419/2871/3392 4421/2873/3394
f 4421/2873/3394 4422/2874/3395 4420/2872/3393
f 4422/2874/3395 4421/2873/3394 4423/2875/3396
f 4424/2876/3397 4425/2877/3398 4426/1409/3399
f 4425/2877/3398 4424/2876/3397 4427/2878/3400
f 4427/2878/3400 4428/2879/3401 4425/2877/3398
f 4428/2879/3401 4427/2878/3400 4429/2880/3402
f 4429/2880/3402 4430/2881/3403 4428/2879/3401
f 4431/2882/3404 4428/2879/3401 4430/2881/3403
f 4432/2883/3405 4433/2884/3406 4434/2885/3407
f 4433/2884/3406 4432/2883/3405 4435/2886/3408
f 4435/2886/3408 4436/2887/3409 4433/2884/3406
f 4436/2887/3409 4435/2886/3408 4437/2888/3410
f 4437/2888/3410 4438/2889/3411 4436/2887/3409
f 4438/2889/3411 4437/2888/3410 4439/2890/3412
f 4440/2891/3413 4441/2892/3414 4442/2893/3415
f 4441/2892/3414 4440/2891/3413 4443/2894/3416
f 4443/2894/3416 4444/2895/3417 4441/2892/3414
f 4444/2895/3417 4443/2894/3416 4445/2896/3418
f 4445/2896/3418 4446/2897/3419 4444/2895/3417
f 4446/2897/3419 4445/2896/3418 4447/2898/3420
f 4448/2899/3421 4449/2900/3422 4450/2901/3423
f 4451/2902/3424 4450/2901/3423 4449/2900/3422
f 4450/2901/3423 4452/2903/3425 4448/2899/3421
f 4450/2901/3423 4451/2902/3424 4453/2904/3426
f 4452/2903/3425 4454/2905/3427 4448/2899/3421
f 4455/2906/3428 4453/2904/3426 4451/2902/3424
f 4454/2905/3427 4452/2903/3425 4456/2907/3429
f 4453/2904/3426 4455/2906/3428 4457/2908/3430
f 4456/2907/3429 4458/2909/3431 4454/2905/3427
f 4459/2910/3432 4457/2908/3430 4455/2906/3428
f 4458/2909/3431 4456/2907/3429 4460/2911/3431
f 4457/2908/3430 4459/2910/3432 4461/2912/3432
f 4462/2913/3433 4458/2909/3431 4460/2911/3431
f 4463/2914/3434 4461/2912/3432 4459/2910/3432
f 4458/2909/3431 4462/2913/3433 4464/2915/3435
f 4459/2910/3432 4465/2916/3436 4463/2914/3434
f 4466/2917/3437 4464/2915/3435 4462/2913/3433
f 4467/2918/3438 4463/2914/3434 4465/2916/3436
f 4464/2915/3435 4466/2917/3437 4468/2919/3439
f 4465/2916/3436 4469/2920/3440 4467/2918/3438
f 4470/2921/3441 4468/2919/3439 4466/2917/3437
f 4469/2920/3440 4470/2921/3441 4467/2918/3438
f 4468/2919/3439 4470/2921/3441 4471/2922/3442
f 4470/2921/3441 4469/2920/3440 4471/2922/3442
f 4472/2923/3443 4473/2924/3444 4474/2925/3445
f 4473/2924/3444 4472/2923/3443 4475/2926/3446
f 4475/2926/3446 4476/2927/3447 4473/2924/3444
f 4476/2927/3447 4475/2926/3446 4477/2928/3448
f 4477/2928/3448 4478/2929/3449 4476/2927/3447
f 4479/2930/3450 4476/2927/3447 4478/2929/3449
f 4480/2931/3451 4481/2932/3452 4482/2933/3453
f 4481/2932/3452 4480/2931/3451 4483/2934/3454
f 4483/2934/3454 4484/2935/3455 4481/2932/3452
f 4484/2935/3455 4483/2934/3454 4485/2936/3456
f 4485/2936/3456 4486/2937/2694 4484/2935/3455
f 4486/2937/2694 4485/2936/3456 4487/2938/3457
f 4488/2939/3458 4489/2940/3459 4490/2941/3460
f 4489/2940/3459 4488/2939/3458 4491/2942/3461
f 4492/2943/3462 4490/2941/3460 4489/2940/3459
f 4492/2943/3462 4493/2944/3463 4490/2941/3460
f 4494/2945/3464 4493/2944/3463 4492/2943/3462
f 4493/2944/3463 4494/2945/3464 4495/2946/3465
f 4496/2023/3466 4497/2947/3467 4498/2022/3468
f 4496/2023/3466 4499/2948/3466 4497/2947/3467
f 4498/2022/3468 4497/2947/3467 4500/2949/3469
f 4500/2949/3469 4501/1974/3470 4498/2022/3468
f 4501/1974/3470 4500/2949/3469 4502/2950/3471
f 4502/2950/3471 4503/1971/3472 4501/1974/3470
f 4502/2950/3471 4504/2951/3473 4503/1971/3472
f 4504/2951/3473 4505/1972/3474 4503/1971/3472
f 4504/2951/3473 4506/1976/3475 4505/1972/3474
f 4506/1976/3475 4504/2951/3473 4507/2952/3476
f 4507/2952/3476 4508/1978/3477 4506/1976/3475
f 4508/1978/3477 4507/2952/3476 4509/2953/3478
f 4509/2953/3478 4510/1980/3479 4508/1978/3477
f 4510/1980/3479 4509/2953/3478 4511/2954/3479
f 4512/2023/3480 4513/2022/3481 4514/2947/3482
f 4514/2947/3482 4515/2948/3483 4512/2023/3480
f 4513/2022/3481 4516/2949/3484 4514/2947/3482
f 4516/2949/3484 4513/2022/3481 4517/1974/3485
f 4517/1974/3485 4518/2950/3486 4516/2949/3484
f 4518/2950/3486 4517/1974/3485 4519/1971/3487
f 4519/1971/3487 4520/2951/3488 4518/2950/3486
f 4520/2951/3488 4519/1971/3487 4521/1972/3489
f 4522/1976/3490 4520/2951/3488 4521/1972/3489
f 4520/2951/3488 4522/1976/3490 4523/2952/3491
f 4524/1978/3492 4523/2952/3491 4522/1976/3490
f 4523/2952/3491 4524/1978/3492 4525/2953/3493
f 4526/1980/3494 4525/2953/3493 4524/1978/3492
f 4525/2953/3493 4526/1980/3494 4527/2954/3494
f 4528/2955/3495 4529/2956/3496 4530/2957/3497
f 4531/2958/3498 4530/2957/3497 4529/2956/3496
f 4529/2956/3496 4528/2955/3495 4532/2959/3499
f 4529/2956/3496 4533/2960/3500 4531/2958/3498
f 4534/2961/3501 4532/2959/3499 4528/2955/3495
f 4533/2960/3500 4535/2962/3502 4531/2958/3498
f 4532/2959/3499 4534/2961/3501 4536/2963/3503
f 4535/2962/3502 4533/2960/3500 4537/2964/3504
f 4538/2965/3505 4536/2963/3503 4534/2961/3501
f 4537/2964/3504 4539/2966/3506 4535/2962/3502
f 4536/2963/3503 4538/2965/3505 4540/2967/3505
f 4539/2966/3506 4537/2964/3504 4541/2968/3506
f 4542/2969/3507 4540/2967/3505 4538/2965/3505
f 4543/2970/3508 4539/2966/3506 4541/2968/3506
f 4538/2965/3505 4544/2971/3509 4542/2969/3507
f 4539/2966/3506 4543/2970/3508 4545/2972/3510
f 4546/2973/3511 4542/2969/3507 4544/2971/3509
f 4547/2974/3512 4545/2972/3510 4543/2970/3508
f 4544/2971/3509 4548/2975/3513 4546/2973/3511
f 4545/2972/3510 4547/2974/3512 4549/2976/3514
f 4548/2975/3513 4550/2977/3515 4546/2973/3511
f 4550/2977/3515 4549/2976/3514 4547/2974/3512
f 4550/2977/3515 4548/2975/3513 4551/2978/3516
f 4549/2976/3514 4550/2977/3515 4551/2978/3516
f 4552/2979/3517 4553/2980/3518 4554/2981/3519
f 4555/2982/3520 4552/2979/3517 4554/2981/3519
f 4553/2980/3518 4552/2979/3517 4556/2983/3521
f 4552/2979/3517 4555/2982/3520 4557/2984/3522
f 4558/2985/3523 4553/2980/3518 4556/2983/3521
f 4559/2986/3524 4557/2984/3522 4555/2982/3520
f 4556/2983/3521 4560/2987/3525 4558/2985/3523
f 4557/2984/3522 4559/2986/3524 4561/2988/3526
f 4562/2989/3527 4558/2985/3523 4560/2987/3525
f 4563/2990/3528 4561/2988/3526 4559/2986/3524
f 4560/2987/3525 4564/2991/3527 4562/2989/3527
f 4561/2988/3526 4563/2990/3528 4565/2992/3528
f 4566/2993/3529 4562/2989/3527 4564/2991/3527
f 4563/2990/3528 4567/2994/3530 4565/2992/3528
f 4562/2989/3527 4566/2993/3529 4568/2995/3531
f 4567/2994/3530 4563/2990/3528 4569/2996/3532
f 4570/2997/3533 4568/2995/3531 4566/2993/3529
f 4569/2996/3532 4571/2998/3534 4567/2994/3530
f 4568/2995/3531 4570/2997/3533 4572/2999/3535
f 4571/2998/3534 4569/2996/3532 4573/3000/3536
f 4574/3001/3537 4572/2999/3535 4570/2997/3533
f 4574/3001/3537 4571/2998/3534 4573/3000/3536
f 4572/2999/3535 4574/3001/3537 4575/3002/3538
f 4573/3000/3536 4575/3002/3538 4574/3001/3537
f 4576/3003/3539 4577/3004/3540 4578/3005/3541
f 4578/3005/3541 4577/3004/3540 4579/3006/3542
f 4580/3007/3543 4576/3003/3539 4578/3005/3541
f 4580/3007/3543 4581/3008/3544 4576/3003/3539
f 4582/3009/2564 4581/3008/3544 4580/3007/3543
f 4582/3009/2564 4583/3010/3545 4581/3008/3544
f 4584/3011/3546 4585/3012/3547 4586/3013/3548
f 4585/3012/3547 4584/3011/3546 4587/3014/3549
f 4588/3015/3550 4587/3014/3549 4584/3011/3546
f 4587/3014/3549 4588/3015/3550 4589/3016/3550
f 4590/3011/3551 4591/3012/3548 4592/3014/3549
f 4591/3012/3548 4590/3011/3551 4593/3013/3547
f 4592/3014/3549 4594/3015/3550 4590/3011/3551
f 4594/3015/3550 4592/3014/3549 4595/3016/3550
f 4596/3017/3552 4597/3018/3553 4598/3019/3554
f 4597/3018/3553 4596/3017/3552 4599/149/3555
f 4600/3020/195 4598/3019/3554 4597/3018/3553
f 4598/3019/3554 4600/3020/195 4601/3021/3556
f 4602/3018/3553 4603/3017/3552 4604/3019/3554
f 4603/3017/3552 4602/3018/3553 4605/149/3555
f 4604/3019/3554 4606/3020/195 4602/3018/3553
f 4606/3020/195 4604/3019/3554 4607/3021/3556
f 4608/3022/3557 4609/3023/3558 4610/2520/3559
f 4611/2519/3560 4608/3022/3557 4610/2520/3559
f 4612/3024/3561 4608/3022/3557 4611/2519/3560
f 4610/2520/3559 4609/3023/3558 4613/2521/3562
f 4609/3023/3558 4614/2534/3563 4613/2521/3562
f 4614/2534/3563 4609/3023/3558 4615/3025/3564
f 4615/3025/3564 4616/2536/3565 4614/2534/3563
f 4616/2536/3565 4615/3025/3564 4617/3026/3566
f 4617/3026/3566 4618/2322/3567 4616/2536/3565
f 4618/2322/3567 4617/3026/3566 4619/3027/3568
f 4619/3027/3568 4620/2321/3569 4618/2322/3567
f 4620/2321/3569 4619/3027/3568 4621/3028/3570
f 4622/3023/3571 4623/3022/3572 4624/2520/3573
f 4625/2519/3574 4624/2520/3573 4623/3022/3572
f 4626/3024/3575 4625/2519/3574 4623/3022/3572
f 4624/2520/3573 4627/2521/3576 4622/3023/3571
f 4628/2534/3577 4622/3023/3571 4627/2521/3576
f 4622/3023/3571 4628/2534/3577 4629/3025/3578
f 4630/2536/3579 4629/3025/3578 4628/2534/3577
f 4629/3025/3578 4630/2536/3579 4631/3026/3580
f 4632/2322/3581 4631/3026/3580 4630/2536/3579
f 4631/3026/3580 4632/2322/3581 4633/3027/3582
f 4634/2321/3583 4633/3027/3582 4632/2322/3581
f 4633/3027/3582 4634/2321/3583 4635/3028/3584
f 4636/3029/3585 4637/3029/3586 4638/3030/3587
f 4638/3030/3587 4639/3030/3587 4636/3029/3585
f 4636/3029/3585 4640/3031/3588 4637/3029/3586
f 4640/3031/3588 4636/3029/3585 4641/3031/3589
f 4641/3031/3589 4642/3032/3590 4640/3031/3588
f 4642/3032/3590 4641/3031/3589 4643/3032/3591
f 4643/3032/3591 4644/3033/3592 4642/3032/3590
f 4644/3033/3592 4643/3032/3591 4645/3033/3593
f 4646/3029/3594 4647/3029/3595 4648/3030/3596
f 4649/3030/3596 4648/3030/3596 4647/3029/3595
f 4650/3031/3597 4647/3029/3595 4646/3029/3594
f 4647/3029/3595 4650/3031/3597 4651/3031/3598
f 4652/3032/3599 4651/3031/3598 4650/3031/3597
f 4651/3031/3598 4652/3032/3599 4653/3032/3600
f 4654/3033/231 4653/3032/3600 4652/3032/3599
f 4653/3032/3600 4654/3033/231 4655/3033/3601
f 4656/3033/220 4657/3034/3602 4658/3032/1169
f 4657/3034/3602 4656/3033/220 4659/3035/220
f 4660/3036/3603 4658/3032/1169 4657/3034/3602
f 4658/3032/1169 4660/3036/3603 4661/3031/3604
f 4662/3037/3605 4661/3031/3604 4660/3036/3603
f 4661/3031/3604 4662/3037/3605 4663/3029/3606
f 4664/238/3607 4663/3029/3606 4662/3037/3605
f 4663/3029/3606 4664/238/3607 4665/3030/3607
f 4666/3033/3608 4667/3034/3602 4668/3035/220
f 4667/3034/3602 4666/3033/3608 4669/3032/1169
f 4669/3032/1169 4670/3036/3603 4667/3034/3602
f 4670/3036/3603 4669/3032/1169 4671/3031/3604
f 4671/3031/3604 4672/3037/3605 4670/3036/3603
f 4672/3037/3605 4671/3031/3604 4673/3029/3606
f 4673/3029/3606 4674/238/3607 4672/3037/3605
f 4674/238/3607 4673/3029/3606 4675/3030/3607
f 4676/3038/3609 4677/3039/3610 4678/3040/3611
f 4679/3041/3612 4676/3038/3609 4678/3040/3611
f 4677/3039/3610 4676/3038/3609 4680/3042/3613
f 4676/3038/3609 4679/3041/3612 4681/3043/3614
f 4682/3044/3615 4677/3039/3610 4680/3042/3613
f 4683/3045/3616 4681/3043/3614 4679/3041/3612
f 4680/3042/3613 4684/3046/3617 4682/3044/3615
f 4681/3043/3614 4683/3045/3616 4685/3047/3618
f 4686/3048/3619 4682/3044/3615 4684/3046/3617
f 4687/3049/3620 4685/3047/3618 4683/3045/3616
f 4684/3046/3617 4688/3050/3619 4686/3048/3619
f 4685/3047/3618 4687/3049/3620 4689/3051/3620
f 4690/3052/3621 4686/3048/3619 4688/3050/3619
f 4687/3049/3620 4691/3053/3622 4689/3051/3620
f 4686/3048/3619 4690/3052/3621 4692/3054/3623
f 4691/3053/3622 4687/3049/3620 4693/3055/3624
f 4694/3056/3625 4692/3054/3623 4690/3052/3621
f 4693/3055/3624 4695/3057/3626 4691/3053/3622
f 4692/3054/3623 4694/3056/3625 4696/3058/3627
f 4695/3057/3626 4693/3055/3624 4697/3059/3628
f 4698/3060/3629 4696/3058/3627 4694/3056/3625
f 4698/3060/3629 4695/3057/3626 4697/3059/3628
f 4696/3058/3627 4698/3060/3629 4699/3061/3630
f 4697/3059/3628 4699/3061/3630 4698/3060/3629
f 4700/3062/3631 4701/3063/3632 4702/3064/3631
f 4701/3063/3632 4700/3062/3631 4703/3065/3297
f 4704/3066/3633 4700/3062/3631 4702/3064/3631
f 4700/3062/3631 4704/3066/3633 4705/3067/3634
f 4705/3067/3634 4704/3066/3633 4706/3068/3312
f 4707/3069/3635 4705/3067/3634 4706/3068/3312
f 4708/3070/3636 4709/3071/3637 4710/3072/3638
f 4711/3073/3639 4710/3072/3638 4709/3071/3637
f 4709/3071/3637 4708/3070/3636 4712/3074/3640
f 4709/3071/3637 4713/3075/3641 4711/3073/3639
f 4714/3076/3642 4712/3074/3640 4708/3070/3636
f 4713/3075/3641 4715/3077/3643 4711/3073/3639
f 4712/3074/3640 4714/3076/3642 4716/3078/3644
f 4715/3077/3643 4713/3075/3641 4717/3079/3645
f 4718/3080/3646 4716/3078/3644 4714/3076/3642
f 4717/3079/3645 4719/3081/3647 4715/3077/3643
f 4716/3078/3644 4718/3080/3646 4720/3082/3648
f 4719/3081/3647 4717/3079/3645 4721/3083/3647
f 4722/3084/3649 4720/3082/3648 4718/3080/3646
f 4723/3085/3650 4719/3081/3647 4721/3083/3647
f 4718/3080/3646 4724/3086/3651 4722/3084/3649
f 4719/3081/3647 4723/3085/3650 4725/3087/3652
f 4726/3088/3653 4722/3084/3649 4724/3086/3651
f 4727/3089/3654 4725/3087/3652 4723/3085/3650
f 4724/3086/3651 4728/3090/3655 4726/3088/3653
f 4725/3087/3652 4727/3089/3654 4729/3091/3656
f 4728/3090/3655 4730/3092/3657 4726/3088/3653
f 4730/3092/3657 4729/3091/3656 4727/3089/3654
f 4730/3092/3657 4728/3090/3655 4731/3093/3658
f 4729/3091/3656 4730/3092/3657 4731/3093/3658
f 4732/3094/3659 4733/3095/3660 4734/3096/3661
f 4735/3097/3662 4732/3094/3659 4734/3096/3661
f 4733/3095/3660 4732/3094/3659 4736/3098/3663
f 4732/3094/3659 4735/3097/3662 4737/3099/3664
f 4738/3100/3665 4733/3095/3660 4736/3098/3663
f 4739/3101/3666 4737/3099/3664 4735/3097/3662
f 4736/3098/3663 4740/3102/3667 4738/3100/3665
f 4737/3099/3664 4739/3101/3666 4741/3103/3668
f 4742/3104/3669 4738/3100/3665 4740/3102/3667
f 4743/3105/3670 4741/3103/3668 4739/3101/3666
f 4740/3102/3667 4744/3106/3669 4742/3104/3669
f 4741/3103/3668 4743/3105/3670 4745/3107/3670
f 4746/3108/3671 4742/3104/3669 4744/3106/3669
f 4743/3105/3670 4747/3109/3672 4745/3107/3670
f 4742/3104/3669 4746/3108/3671 4748/3110/3673
f 4747/3109/3672 4743/3105/3670 4749/3111/3674
f 4750/3112/3675 4748/3110/3673 4746/3108/3671
f 4749/3111/3674 4751/3113/3676 4747/3109/3672
f 4748/3110/3673 4750/3112/3675 4752/3114/3677
f 4751/3113/3676 4749/3111/3674 4753/3115/3678
f 4754/3116/3679 4752/3114/3677 4750/3112/3675
f 4754/3116/3679 4751/3113/3676 4753/3115/3678
f 4752/3114/3677 4754/3116/3679 4755/3117/3680
f 4753/3115/3678 4755/3117/3680 4754/3116/3679
f 4756/3118/3681 4757/3119/3682 4758/3120/3683
f 4757/3119/3682 4756/3118/3681 4759/3121/3684
f 4760/3122/3685 4756/3118/3681 4758/3120/3683
f 4756/3118/3681 4760/3122/3685 4761/3123/3686
f 4761/3123/3686 4760/3122/3685 4762/3124/3687
f 4763/3125/3688 4761/3123/3686 4762/3124/3687
f 4764/3126/3689 4765/3127/3690 4766/3128/3691
f 4765/3127/3690 4764/3126/3689 4767/3129/3692
f 4768/3130/3693 4764/3126/3689 4766/3128/3691
f 4764/3126/3689 4768/3130/3693 4769/3131/3694
f 4769/3131/3694 4768/3130/3693 4770/3132/3695
f 4771/3133/3696 4769/3131/3694 4770/3132/3695
f 4772/3134/3697 4773/3135/3698 4774/3136/3699
f 4775/3137/3700 4774/3136/3699 4773/3135/3698
f 4773/3135/3698 4772/3134/3697 4776/3138/3701
f 4773/3135/3698 4777/3139/3702 4775/3137/3700
f 4778/3140/3703 4776/3138/3701 4772/3134/3697
f 4777/3139/3702 4779/3141/3704 4775/3137/3700
f 4776/3138/3701 4778/3140/3703 4780/3142/3705
f 4779/3141/3704 4777/3139/3702 4781/3143/3706
f 4782/3144/3707 4780/3142/3705 4778/3140/3703
f 4781/3143/3706 4783/3145/3708 4779/3141/3704
f 4780/3142/3705 4782/3144/3707 4784/3146/3709
f 4783/3145/3708 4781/3143/3706 4785/3147/3708
f 4786/3148/3710 4784/3146/3709 4782/3144/3707
f 4787/3149/3711 4783/3145/3708 4785/3147/3708
f 4782/3144/3707 4788/3150/3712 4786/3148/3710
f 4783/3145/3708 4787/3149/3711 4789/3151/3713
f 4790/3152/3714 4786/3148/3710 4788/3150/3712
f 4791/3153/3715 4789/3151/3713 4787/3149/3711
f 4788/3150/3712 4792/3154/3716 4790/3152/3714
f 4789/3151/3713 4791/3153/3715 4793/3155/3717
f 4792/3154/3716 4794/3156/3718 4790/3152/3714
f 4794/3156/3718 4793/3155/3717 4791/3153/3715
f 4794/3156/3718 4792/3154/3716 4795/3157/3719
f 4793/3155/3717 4794/3156/3718 4795/3157/3719
f 4796/3158/3720 4797/3159/3288 4798/3160/3721
f 4797/3159/3288 4796/3158/3720 4799/3161/3722
f 4796/3158/3720 4798/3160/3721 4800/3162/3723
f 4801/3163/3724 4799/3161/3722 4796/3158/3720
f 4802/3164/3725 4799/3161/3722 4801/3163/3724
f 4801/3163/3724 4803/3165/3291 4802/3164/3725
f 4803/3165/3291 4801/3163/3724 4804/3166/3726
f 4801/3163/3724 4805/3167/3727 4804/3166/3726
f 4800/3162/3723 4806/3168/3728 4796/3158/3720
f 4806/3168/3728 4801/3163/3724 4796/3158/3720
f 4806/3168/3728 4800/3162/3723 4807/3169/3729
f 4807/3169/3729 4808/3170/3730 4806/3168/3728
f 4801/3163/3724 4806/3168/3728 4809/3171/3731
f 4808/3170/3730 4809/3171/3731 4806/3168/3728
f 4805/3167/3727 4801/3163/3724 4809/3171/3731
f 4809/3171/3731 4808/3170/3730 4810/3172/3732
f 4810/3172/3732 4805/3167/3727 4809/3171/3731
f 4805/3167/3727 4810/3172/3732 4811/3173/3733
f 4812/3174/3734 4813/3175/3735 4814/3176/3736
f 4813/3175/3735 4812/3174/3734 4815/3177/3737
f 4816/3178/3738 4812/3174/3734 4814/3176/3736
f 4812/3174/3734 4816/3178/3738 4817/3179/3739
f 4817/3179/3739 4816/3178/3738 4818/3180/3740
f 4819/3181/3741 4817/3179/3739 4818/3180/3740
f 4820/3182/3742 4821/3183/3743 4822/3184/3744
f 4821/3183/3743 4823/3185/3745 4822/3184/3744
f 4822/3184/3744 4824/3186/3746 4820/3182/3742
f 4824/3186/3746 4822/3184/3744 4825/3187/3747
f 4824/3186/3746 4825/3187/3747 4826/3188/3748
f 4827/3189/3749 4824/3186/3746 4826/3188/3748
f 4828/3190/3750 4829/3191/3751 4830/3192/3752
f 4829/3191/3751 4831/3193/3753 4830/3192/3752
f 4830/3192/3752 4832/3194/3754 4828/3190/3750
f 4832/3194/3754 4830/3192/3752 4833/3195/3755
f 4833/3195/3755 4834/3196/3756 4832/3194/3754
f 4834/3196/3756 4833/3195/3755 4835/3197/3757
f 4836/3198/3758 4837/3199/3759 4838/3200/3760
f 4837/3199/3759 4836/3198/3758 4839/3201/3761
f 4840/3202/3762 4836/3198/3758 4838/3200/3760
f 4836/3198/3758 4840/3202/3762 4841/3203/3763
f 4841/3203/3763 4840/3202/3762 4842/3204/3203
f 4843/3205/3764 4841/3203/3763 4842/3204/3203
f 4844/3206/3765 4845/3207/3766 4846/3208/3767
f 4845/3207/3766 4844/3206/3765 4847/3209/3768
f 4848/3210/3769 4844/3206/3765 4846/3208/3767
f 4844/3206/3765 4848/3210/3769 4849/3211/3770
f 4849/3211/3770 4848/3210/3769 4850/3212/3166
f 4851/3213/3771 4849/3211/3770 4850/3212/3166
f 4852/3214/3772 4853/3215/3773 4854/3216/3774
f 4853/3215/3773 4852/3214/3772 4855/3217/3775
f 4856/3218/3776 4852/3214/3772 4854/3216/3774
f 4852/3214/3772 4856/3218/3776 4857/3219/3777
f 4857/3219/3777 4856/3218/3776 4858/3220/3778
f 4859/1038/3779 4857/3219/3777 4858/3220/3778
f 4860/3221/3227 4861/3222/3780 4862/3181/3781
f 4861/3222/3780 4860/3221/3227 4863/3223/3782
f 4863/3223/3782 4864/3224/3783 4861/3222/3780
f 4864/3224/3783 4863/3223/3782 4865/3225/3783
f 4865/3225/3783 4866/3226/3784 4864/3224/3783
f 4866/3226/3784 4867/3227/3785 4864/3224/3783
f 4868/3228/3736 4869/3229/3786 4870/3230/3736
f 4869/3229/3786 4868/3228/3736 4871/3231/3787
f 4872/3232/3788 4868/3228/3736 4870/3230/3736
f 4868/3228/3736 4872/3232/3788 4873/3233/3789
f 4873/3233/3789 4872/3232/3788 4874/3234/3790
f 4875/3235/3791 4873/3233/3789 4874/3234/3790
f 4876/3236/3792 4877/3237/3793 4878/3238/3794
f 4877/3237/3793 4876/3236/3792 4879/3239/3795
f 4880/3240/3796 4876/3236/3792 4878/3238/3794
f 4876/3236/3792 4880/3240/3796 4881/3241/3797
f 4881/3241/3797 4880/3240/3796 4882/3242/3798
f 4883/3243/3799 4881/3241/3797 4882/3242/3798
f 4884/3244/3800 4885/3245/3801 4886/3246/3802
f 4885/3245/3801 4887/3247/3453 4886/3246/3802
f 4886/3246/3802 4888/3248/3803 4884/3244/3800
f 4888/3248/3803 4886/3246/3802 4889/3249/3804
f 4888/3248/3803 4889/3249/3804 4890/3250/3805
f 4891/3251/3806 4888/3248/3803 4890/3250/3805
f 4892/727/3807 4893/729/3808 4894/727/3809
f 4893/729/3808 4895/3252/3810 4894/727/3809
f 4893/729/3808 4892/727/3807 4896/729/3811
f 4897/730/3812 4895/3252/3810 4893/729/3808
f 4895/3252/3810 4897/730/3812 4898/3253/3813
f 4899/731/3814 4898/3253/3813 4897/730/3812
f 4900/729/3815 4895/3252/3816 4901/730/3817
f 4902/730/3818 4900/729/3815 4901/730/3817
f 4900/729/3815 4902/730/3818 4903/729/3819
f 4904/731/3820 4901/730/3821 4905/731/3822
f 4905/731/3822 4906/733/3823 4904/731/3820
f 4906/733/3823 4905/731/3822 4907/733/3824
f 4908/3254/3825 4905/731/3826 4898/3253/3827
f 4909/3255/3828 4907/733/3824 4908/3254/3829
f 4910/733/3830 4908/3254/3829 4899/731/3814
f 4911/735/3831 4909/3255/3828 4910/733/3830
f 4899/731/3814 4912/733/3832 4910/733/3830
f 4912/733/3832 4899/731/3814 4913/731/3833
f 4914/735/3834 4910/733/3830 4912/733/3832
f 4910/733/3830 4914/735/3834 4911/735/3831
f 4915/1140/3835 4911/735/3831 4914/735/3834
f 4916/3256/3836 4917/735/3837 4909/3255/3828
f 4917/735/3837 4916/3256/3836 4918/1140/3838
f 4919/1140/3839 4917/735/3837 4918/1140/3838
f 4918/1140/3838 4920/1142/3840 4919/1140/3839
f 4916/3256/3836 4921/1140/3841 4922/3257/3842
f 4918/1140/3838 4922/3257/3843 4923/1142/3844
f 4921/1140/3845 4924/1142/3846 4925/1142/3847
f 4926/1144/3848 4925/1142/3847 4924/1142/3846
f 4922/3257/3849 4925/1142/3850 4927/3258/3851
f 4923/1142/3844 4927/3258/3852 4928/1144/3853
f 4929/1144/3854 4923/1142/3844 4928/1144/3853
f 4927/3258/3852 4930/1144/3855 4931/3259/3856
f 4930/1144/3857 4932/1146/3858 4933/1146/3859
f 4931/3259/3860 4933/1146/3859 4934/3260/3861
f 4928/1144/3862 4931/3259/3863 4935/1146/3864
f 4936/1146/3865 4928/1144/3862 4935/1146/3864
f 4935/1146/3864 4937/1148/3866 4936/1146/3865
f 4935/1146/3864 4934/3260/3867 4938/1148/3868
f 4938/1148/3869 4939/3261/3870 4940/1150/3871
f 4934/3260/3867 4941/1148/3872 4939/3261/3873
f 4939/3261/3873 4942/1150/3874 4943/3262/3875
f 4941/1148/3876 4944/1150/3877 4942/1150/213
f 4944/1150/3877 4941/1148/3876 4945/1148/3878
f 4946/3263/3879 4947/3264/3880 4948/3265/3881
f 4947/3264/3880 4949/3266/3882 4948/3265/3881
f 4948/3265/3881 4950/3267/3883 4946/3263/3879
f 4950/3267/3883 4948/3265/3881 4951/3268/3884
f 4950/3267/3883 4951/3268/3884 4952/3269/3189
f 4953/3270/3885 4950/3267/3883 4952/3269/3189
f 4954/3271/3886 4955/3272/3887 4956/3273/3886
f 4957/3274/3888 4954/3271/3886 4956/3273/3886
f 4955/3272/3887 4954/3271/3886 4958/3275/3889
f 4954/3271/3886 4957/3274/3888 4959/3276/3890
f 4960/3277/3891 4955/3272/3887 4958/3275/3889
f 4961/3278/3892 4959/3276/3890 4957/3274/3888
f 4958/3275/3889 4962/3279/3893 4960/3277/3891
f 4959/3276/3890 4961/3278/3892 4963/3280/3894
f 4964/3281/3895 4960/3277/3891 4962/3279/3893
f 4965/3282/3896 4963/3280/3894 4961/3278/3892
f 4962/3279/3893 4966/3283/3895 4964/3281/3895
f 4963/3280/3894 4965/3282/3896 4967/3284/3896
f 4968/3285/3897 4964/3281/3895 4966/3283/3895
f 4965/3282/3896 4969/3286/3898 4967/3284/3896
f 4964/3281/3895 4968/3285/3897 4970/3287/3899
f 4969/3286/3898 4965/3282/3896 4971/3288/3900
f 4972/3289/3901 4970/3287/3899 4968/3285/3897
f 4971/3288/3900 4973/3290/3902 4969/3286/3898
f 4970/3287/3899 4972/3289/3901 4974/3291/3903
f 4973/3290/3902 4971/3288/3900 4975/3292/3904
f 4976/3293/3905 4974/3291/3903 4972/3289/3901
f 4976/3293/3905 4973/3290/3902 4975/3292/3904
f 4974/3291/3903 4976/3293/3905 4977/3294/3906
f 4975/3292/3904 4977/3294/3906 4976/3293/3905
f 4978/3295/3907 4979/3296/3908 4980/3297/3909
f 4979/3296/3908 4978/3295/3907 4981/3298/3910
f 4981/3298/3910 4982/3299/3911 4979/3296/3908
f 4982/3299/3911 4981/3298/3910 4983/3300/3911
f 4983/3300/3911 4984/3301/3912 4982/3299/3911
f 4984/3301/3912 4985/3302/3913 4982/3299/3911
f 4986/3303/3914 4987/3303/3915 4988/3304/3916
f 4986/3303/3914 4989/3305/3917 4987/3303/3915
f 4989/3305/3917 4986/3303/3914 4990/3305/3918
f 4990/3305/3918 4991/3306/3919 4989/3305/3917
f 4991/3306/3919 4990/3305/3918 4992/3306/3919
f 4993/3303/3920 4994/3304/3916 4995/3303/3921
f 4996/3305/3922 4993/3303/3920 4995/3303/3921
f 4993/3303/3920 4996/3305/3922 4997/3305/3923
f 4998/3306/3924 4997/3305/3923 4996/3305/3922
f 4997/3305/3923 4998/3306/3924 4999/3306/3925
f 5000/3307/3926 5001/3308/3927 5002/3309/3926
f 5001/3308/3927 5000/3307/3926 5003/3310/3928
f 5004/3311/3929 5000/3307/3926 5002/3309/3926
f 5000/3307/3926 5004/3311/3929 5005/3312/3930
f 5004/3311/3929 5006/3313/3931 5005/3312/3930
f 5007/2683/3932 5005/3312/3930 5006/3313/3931
f 5008/3305/3933 5009/3314/3933 5010/3306/3933
f 5009/3314/3933 5011/3315/3933 5010/3306/3933
f 5012/3304/3933 5009/3314/3933 5008/3305/3933
f 5013/3303/3933 5012/3304/3933 5008/3305/3933
f 5014/3305/3933 5015/3306/3933 5016/3314/3933
f 5016/3314/3933 5015/3306/3933 5017/3315/3933
f 5016/3314/3933 5018/3303/3933 5014/3305/3933
f 5018/3303/3933 5016/3314/3933 5019/3304/3933
f 5020/3316/3934 5021/3317/3935 5022/3318/3936
f 5023/3319/3937 5022/3318/3936 5021/3317/3935
f 5021/3317/3935 5020/3316/3934 5024/3320/3938
f 5022/3318/3936 5023/3319/3937 5025/3321/3939
f 5026/3322/3940 5024/3320/3938 5020/3316/3934
f 5027/3323/3941 5025/3321/3939 5023/3319/3937
f 5020/3316/3934 5028/3324/3942 5026/3322/3940
f 5025/3321/3939 5027/3323/3941 5029/3325/3941
f 5028/3324/3942 5030/3326/3943 5026/3322/3940
f 5031/3327/3944 5029/3325/3941 5027/3323/3941
f 5028/3324/3942 5032/3328/3945 5030/3326/3943
f 5027/3323/3941 5033/3329/3946 5031/3327/3944
f 5032/3328/3945 5034/3330/3947 5030/3326/3943
f 5035/3331/3948 5031/3327/3944 5033/3329/3946
f 5034/3330/3947 5032/3328/3945 5036/3332/3949
f 5033/3329/3946 5037/3333/3950 5035/3331/3948
f 5038/3334/3951 5034/3330/3947 5036/3332/3949
f 5039/3335/3952 5035/3331/3948 5037/3333/3950
f 5034/3330/3947 5038/3334/3951 5040/3336/3953
f 5039/3335/3952 5037/3333/3950 5041/3337/3954
f 5042/3338/3955 5040/3336/3953 5038/3334/3951
f 5043/3339/3956 5039/3335/3952 5041/3337/3954
f 5040/3336/3953 5042/3338/3955 5043/3339/3956
f 5039/3335/3952 5043/3339/3956 5042/3338/3955
f 5044/3340/3957 5045/3341/3958 5046/3342/3959
f 5047/3343/3960 5046/3342/3959 5045/3341/3958
f 5045/3341/3958 5044/3340/3957 5048/3344/3961
f 5045/3341/3958 5049/3345/3962 5047/3343/3960
f 5050/3346/3963 5048/3344/3961 5044/3340/3957
f 5049/3345/3962 5051/3347/3964 5047/3343/3960
f 5048/3344/3961 5050/3346/3963 5052/3348/3965
f 5051/3347/3964 5049/3345/3962 5053/3349/3966
f 5054/3350/3967 5052/3348/3965 5050/3346/3963
f 5053/3349/3966 5055/3351/3968 5051/3347/3964
f 5052/3348/3965 5054/3350/3967 5056/3352/3969
f 5055/3351/3968 5053/3349/3966 5057/3353/3968
f 5058/3354/3970 5056/3352/3969 5054/3350/3967
f 5059/3355/3971 5055/3351/3968 5057/3353/3968
f 5054/3350/3967 5060/3356/3972 5058/3354/3970
f 5055/3351/3968 5059/3355/3971 5061/3357/3973
f 5062/3358/3974 5058/3354/3970 5060/3356/3972
f 5063/3359/3975 5061/3357/3973 5059/3355/3971
f 5060/3356/3972 5064/3360/3976 5062/3358/3974
f 5061/3357/3973 5063/3359/3975 5065/3361/3977
f 5064/3360/3976 5066/3362/3978 5062/3358/3974
f 5066/3362/3978 5065/3361/3977 5063/3359/3975
f 5066/3362/3978 5064/3360/3976 5067/3363/3979
f 5065/3361/3977 5066/3362/3978 5067/3363/3979
f 5068/3364/3980 5069/3365/3981 5070/3366/3982
f 5069/3365/3981 5068/3364/3980 5071/3367/3983
f 5071/3367/3983 5072/3368/3984 5069/3365/3981
f 5072/3368/3984 5071/3367/3983 5073/3369/3985
f 5073/3369/3985 5074/3370/3986 5072/3368/3984
f 5074/3370/3986 5075/3371/3987 5072/3368/3984
f 506/250/408 508/252/410 5076/3372/3988
f 5077/874/3989 5076/3372/3988 508/252/410
f 5076/3372/3988 5077/874/3989 5078/3373/3990
f 5079/874/3991 508/252/410 5080/252/3992
f 5081/873/3993 5080/252/3992 508/252/410
f 5078/3373/3994 5082/724/3995 5083/3374/3996
f 5084/724/3997 5085/725/3998 5082/724/3999
f 5085/725/3998 5086/3375/4000 5082/724/3999
f 5086/3375/4000 5087/724/4001 5083/3374/4002
f 5088/3376/4003 5086/3375/4000 5085/725/3998
f 5089/725/4004 5090/727/3809 5085/725/3998
f 5078/3373/3994 5087/724/4001 5091/874/4005
f 5092/724/4006 5091/874/4005 5087/724/4001
f 5093/725/4007 5092/724/4006 5087/724/4001
f 5091/874/4005 5092/724/4006 5094/874/4008
f 5095/252/4009 5094/874/4008 5096/252/4010
f 5097/873/4011 5095/252/4009 5096/252/4010
f 5098/3252/3816 5099/727/4012 5088/3376/4013
f 5099/727/4012 5098/3252/3816 5100/729/3815
f 5100/729/3815 5101/727/4014 5099/727/4012
f 5099/727/4012 5101/727/4014 5102/725/4015
f 5100/729/3815 5103/729/3819 5101/727/4014
f 5104/3253/3813 5105/730/3821 5098/3252/3810
f 5105/730/3821 5104/3253/3813 5106/731/3826
f 5105/730/4016 5107/731/4017 5108/730/3818
f 5104/3253/3827 5109/731/3814 5110/3254/3825
f 5106/731/3822 5110/3254/3829 5111/733/3824
f 5110/3254/3829 5112/733/3830 5113/3255/3828
f 5111/733/4018 5113/3255/4019 5114/735/4020
f 5115/735/4021 5111/733/4018 5114/735/4020
f 5111/733/4018 5115/735/4021 5116/733/3823
f 5114/735/4020 5117/1140/4022 5115/735/4021
f 5118/730/3812 5119/731/4023 5109/731/4024
f 5119/731/4023 5118/730/3812 5120/730/4025
f 5121/729/4026 5120/730/4025 5118/730/3812
f 5120/730/4025 5121/729/4026 5122/729/4027
f 5113/3255/3828 5123/735/3831 5124/3256/3836
f 5125/1140/3841 5124/3256/3836 5123/735/3831
f 5123/735/3831 5126/1140/4028 5125/1140/3841
f 5127/1142/3846 5125/1140/3841 5126/1140/4028
f 5128/3257/4029 5129/1140/4030 5124/3256/3836
f 5130/1142/3850 5128/3257/3843 5125/1140/3845
f 5131/1142/3840 5129/1140/3838 5132/1142/3844
f 5132/1142/3844 5133/1144/3854 5131/1142/3840
f 5134/3258/3851 5132/1142/3844 5128/3257/3843
f 5135/1144/3862 5136/1146/3865 5133/1144/4031
f 5137/3259/3856 5135/1144/3853 5134/3258/3852
f 5138/1144/4032 5134/3258/3852 5130/1142/4033
f 5130/1142/4033 5139/1144/4034 5138/1144/4032
f 5140/1146/3858 5138/1144/4032 5139/1144/4034
f 5141/1146/3859 5137/3259/3860 5138/1144/3857
f 5142/1148/4035 5141/1146/4036 5140/1146/3858
f 5141/1146/4036 5142/1148/4035 5143/1148/3872
f 5143/1148/3872 5144/3260/3867 5141/1146/4036
f 5144/3260/3861 5145/1146/3864 5137/3259/3863
f 5146/1150/213 5147/3261/3873 5143/1148/4037
f 5147/3261/3873 5148/1148/3868 5144/3260/3867
f 5149/1148/3866 5145/1146/3864 5148/1148/3869
f 5148/1148/3869 5150/1150/4038 5149/1148/3866
f 5150/1150/4038 5148/1148/3869 5151/1150/3871
f 5152/3262/4039 5151/1150/210 5147/3261/3870
f 5153/3377/4040 5154/3378/4041 5155/3379/4042
f 5156/3380/4043 5153/3377/4040 5155/3379/4042
f 5154/3378/4041 5153/3377/4040 5157/3381/4044
f 5153/3377/4040 5156/3380/4043 5158/3382/4045
f 5159/3383/4046 5154/3378/4041 5157/3381/4044
f 5160/3384/4047 5158/3382/4045 5156/3380/4043
f 5157/3381/4044 5161/3385/4048 5159/3383/4046
f 5158/3382/4045 5160/3384/4047 5162/3386/4049
f 5163/3387/4050 5159/3383/4046 5161/3385/4048
f 5164/3388/4051 5162/3386/4049 5160/3384/4047
f 5161/3385/4048 5165/3389/4050 5163/3387/4050
f 5162/3386/4049 5164/3388/4051 5166/3390/4051
f 5167/3391/4052 5163/3387/4050 5165/3389/4050
f 5164/3388/4051 5168/3392/4053 5166/3390/4051
f 5163/3387/4050 5167/3391/4052 5169/3393/4054
f 5168/3392/4053 5164/3388/4051 5170/3394/4055
f 5171/3395/4056 5169/3393/4054 5167/3391/4052
f 5170/3394/4055 5172/3396/4057 5168/3392/4053
f 5169/3393/4054 5171/3395/4056 5173/3397/4058
f 5172/3396/4057 5170/3394/4055 5174/3398/4059
f 5175/3399/4060 5173/3397/4058 5171/3395/4056
f 5175/3399/4060 5172/3396/4057 5174/3398/4059
f 5173/3397/4058 5175/3399/4060 5176/3400/4061
f 5174/3398/4059 5176/3400/4061 5175/3399/4060
f 5177/3401/4062 5178/3402/4063 5179/3403/4064
f 5178/3402/4063 5180/3404/3321 5179/3403/4064
f 5179/3403/4064 5181/3405/4065 5177/3401/4062
f 5181/3405/4065 5179/3403/4064 5182/3406/4066
f 5183/1149/4067 5184/1151/4068 5185/1149/4069
f 5186/3407/4070 5187/1143/4071 5188/3408/4072
f 5186/3407/4070 5189/1143/4073 5190/1141/4074
f 5191/1145/4075 5187/1143/4076 5192/1143/4077
f 5192/1143/4078 5193/1141/4079 5194/1141/4080
f 5195/3409/4081 5193/1141/4082 5186/3407/4083
f 5195/3409/4084 5190/1141/4085 5196/734/4086
f 5190/1141/4085 5197/1141/4087 5196/734/4086
f 5196/734/4086 5198/1518/2077 5195/3409/4084
f 5197/1141/4087 5199/734/4088 5196/734/4086
f 5196/734/4086 5199/734/4088 5200/732/2079
f 5199/734/4088 5201/732/2082 5200/732/2079
f 5200/732/2079 5201/732/2082 5202/728/2081
f 5200/732/2079 5203/1517/2080 5198/1518/2073
f 5204/734/4089 5198/1518/2077 5205/732/4090
f 5205/732/2069 5203/1517/2072 5206/728/2071
f 5207/726/2086 5203/1517/2074 5202/728/2084
f 5202/728/2084 5208/726/2085 5207/726/2086
f 5209/711/4091 5207/726/2086 5208/726/2085
f 5210/732/4092 5206/728/2071 5211/728/4093
f 5206/728/2071 5212/726/2076 5211/728/4093
f 5209/711/4091 5213/712/2097 5214/712/2093
f 5214/712/2093 5213/712/2097 5215/713/2095
f 5216/1522/2094 5214/712/2093 5215/713/2095
f 5217/1521/2091 5218/711/4094 5214/712/4095
f 5216/1522/2094 5219/712/4096 5217/1521/2091
f 5220/1523/4097 5221/713/4098 5216/1522/2094
f 5222/716/2099 5220/1523/4099 5215/713/4100
f 5223/713/2098 5222/716/2099 5215/713/4100
f 5224/711/4101 5217/1521/2091 5219/712/4096
f 5217/1521/2091 5224/711/4101 5225/1520/2089
f 5224/711/4101 5219/712/4096 5226/711/4102
f 5224/711/4101 5227/1519/2087 5225/1520/2089
f 5226/711/4102 5228/726/2075 5224/711/4101
f 5227/1519/2087 5224/711/4101 5228/726/2075
f 5228/726/2075 5226/711/4102 5212/726/2076
f 5228/726/2075 5203/1517/2072 5227/1519/2087
f 5229/720/4103 5230/1524/2109 5222/716/4104
f 5231/719/4105 5230/1524/2109 5229/720/4103
f 5230/1524/4106 5232/716/4107 5220/1523/2102
f 5233/719/2107 5229/720/4108 5234/720/4109
f 5233/719/4110 5235/721/4111 5231/719/4112
f 5235/721/4111 5233/719/4110 5236/721/4113
f 5232/716/4107 5237/716/4114 5238/713/4115
f 5239/720/4116 5237/716/4114 5232/716/4107
f 5239/720/4117 5240/719/4118 5241/720/4119
f 5242/719/4120 5230/1524/2109 5243/1525/2111
f 5244/1526/2112 5242/719/4120 5243/1525/2111
f 5245/721/4121 5240/719/4122 5242/719/4120
f 5242/719/4120 5244/1526/2112 5245/721/4121
f 5245/721/4121 5244/1526/2112 5246/723/4123
f 5247/723/2122 5245/721/4121 5246/723/4123
f 5245/721/4121 5247/723/2122 5248/721/4124
f 5249/722/2121 5246/723/4125 5250/722/4126
f 5250/722/4126 5251/718/4127 5249/722/2121
f 5244/1526/2112 5252/723/4128 5253/1527/4129
f 5254/722/4130 5253/1527/4129 5252/723/4128
f 5253/1527/4129 5254/722/4130 5255/1528/2127
f 5252/723/4128 5256/722/4131 5254/722/4130
f 5256/722/4131 5252/723/4128 5257/723/4132
f 5258/718/4133 5255/1528/2127 5254/722/4130
f 5259/718/2125 5255/1528/2124 5260/1529/2129
f 5259/718/4134 5261/717/2140 5251/718/4135
f 5251/718/4135 5261/717/2140 5262/717/4136
f 5261/717/2140 1018/494/2141 5262/717/4136
f 5261/717/2131 5260/1529/2130 995/493/2137
f 5263/717/2136 5260/1529/2130 5258/718/4137
f 5258/718/4137 5264/718/4138 5263/717/2136
f 5264/718/4138 5265/717/4139 5263/717/2136
f 5266/494/4140 5263/717/2136 5265/717/4139
f 5263/717/2136 5266/494/4140 996/494/837
f 996/494/837 995/493/836 5263/717/2136
f 5267/3410/4141 5268/3411/3415 5269/3412/4142
f 5268/3411/3415 5267/3410/4141 5270/3413/3413
f 5271/3414/4143 5267/3410/4141 5269/3412/4142
f 5267/3410/4141 5271/3414/4143 5272/3415/4144
f 5271/3414/4143 5273/3416/4145 5272/3415/4144
f 5274/3417/3105 5272/3415/4144 5273/3416/4145
f 5275/872/4146 5276/871/4147 5277/871/4148
f 5276/871/4147 5275/872/4146 5278/872/4149
f 5279/361/4150 5278/872/4149 5275/872/4146
f 5278/872/4149 5279/361/4150 1389/361/4151
f 1389/361/4151 5280/3418/4152 5278/872/4149
f 5281/871/4153 5282/363/4154 5283/871/4148
f 5284/871/4155 5285/871/4156 5286/363/4157
f 5278/872/4149 770/362/650 5276/871/4147
f 5280/3418/4152 5287/872/4158 770/362/650
f 5276/871/4147 770/362/650 5288/363/4159
f 5289/363/4154 5276/871/4147 5288/363/4159
f 5288/363/4159 5290/365/1607 5289/363/4154
f 1394/771/4160 768/361/4161 5280/3418/4162
f 5291/361/4163 5287/872/4158 768/361/648
f 5287/872/4158 5291/361/4163 5292/872/4164
f 768/361/648 767/360/647 5291/361/4163
f 5293/3419/4165 5294/3420/4166 5295/3421/4167
f 5296/3422/4168 5295/3421/4167 5294/3420/4166
f 5294/3420/4166 5293/3419/4165 5297/3423/4169
f 5295/3421/4167 5296/3422/4168 5298/3424/4170
f 5293/3419/4165 5299/3425/4171 5297/3423/4169
f 5300/3426/4172 5298/3424/4170 5296/3422/4168
f 5299/3425/4171 5293/3419/4165 5301/3427/4173
f 5298/3424/4170 5300/3426/4172 5302/3428/4174
f 5303/3429/4175 5299/3425/4171 5301/3427/4173
f 5300/3426/4172 5304/3430/4176 5302/3428/4174
f 5301/3427/4173 5305/3431/4177 5303/3429/4175
f 5304/3430/4176 5300/3426/4172 5306/3432/4178
f 5307/3433/4179 5303/3429/4175 5305/3431/4177
f 5306/3432/4178 5308/3434/4180 5304/3430/4176
f 5305/3431/4177 5309/3435/4179 5307/3433/4179
f 5308/3434/4180 5306/3432/4178 5310/3436/4181
f 5311/3437/4182 5307/3433/4179 5309/3435/4179
f 5312/3438/4183 5308/3434/4180 5310/3436/4181
f 5307/3433/4179 5311/3437/4182 5313/3439/4184
f 5310/3436/4181 5314/3440/4185 5312/3438/4183
f 5315/3441/4186 5313/3439/4184 5311/3437/4182
f 5316/3442/4187 5312/3438/4183 5314/3440/4185
f 5313/3439/4184 5315/3441/4186 5316/3442/4187
f 5312/3438/4183 5316/3442/4187 5315/3441/4186
f 5317/3443/4188 5318/3444/4189 5319/3445/4190
f 5320/3446/4191 5319/3445/4190 5318/3444/4189
f 5318/3444/4189 5317/3443/4188 5321/3447/4192
f 5318/3444/4189 5322/3448/4193 5320/3446/4191
f 5323/3449/4194 5321/3447/4192 5317/3443/4188
f 5322/3448/4193 5324/3450/4195 5320/3446/4191
f 5321/3447/4192 5323/3449/4194 5325/3451/4196
f 5322/3448/4193 5326/3452/4197 5324/3450/4195
f 5327/3453/4198 5325/3451/4196 5323/3449/4194
f 5326/3452/4197 5328/3454/4199 5324/3450/4195
f 5325/3451/4196 5327/3453/4198 5329/3455/4198
f 5328/3454/4199 5326/3452/4197 5330/3456/4199
f 5331/3457/4200 5329/3455/4198 5327/3453/4198
f 5332/3458/4201 5328/3454/4199 5330/3456/4199
f 5327/3453/4198 5333/3459/4202 5331/3457/4200
f 5328/3454/4199 5332/3458/4201 5334/3460/4203
f 5335/3461/4204 5331/3457/4200 5333/3459/4202
f 5336/3462/4205 5334/3460/4203 5332/3458/4201
f 5333/3459/4202 5337/3463/4206 5335/3461/4204
f 5334/3460/4203 5336/3462/4205 5338/3464/4207
f 5337/3463/4206 5339/3465/4208 5335/3461/4204
f 5339/3465/4208 5338/3464/4207 5336/3462/4205
f 5339/3465/4208 5337/3463/4206 5340/3466/4209
f 5338/3464/4207 5339/3465/4208 5340/3466/4209
f 5341/1149/4210 5342/1147/4211 5343/1147/4212
f 5344/3467/4213 5345/1149/4214 5343/1147/4212
f 5344/3467/4215 5185/1149/4069 5346/3468/4216
f 5343/1147/4212 5342/1147/4211 5347/1145/4217
f 5342/1147/4211 5348/1145/4218 5347/1145/4217
f 5349/3469/4219 5343/1147/4212 5347/1145/4217
f 5347/1145/4217 5348/1145/4218 5189/1143/4220
f 5349/3469/4221 5350/1147/4222 5344/3467/4215
f 5188/3408/4072 5347/1145/4217 5189/1143/4220
f 5188/3408/4072 5351/1145/4223 5349/3469/4221
f 5350/1147/4222 5351/1145/4224 5352/1147/4225
f 5183/1149/4067 5350/1147/4222 5352/1147/4225
f 5185/1149/4069 5350/1147/4222 5183/1149/4067
f 5353/3470/4226 5354/3471/4227 5355/3472/4228
f 5356/3473/4229 5355/3472/4228 5354/3471/4227
f 5355/3472/4228 5357/3474/4230 5353/3470/4226
f 5355/3472/4228 5356/3473/4229 5358/3475/4231
f 5357/3474/4230 5359/3476/4232 5353/3470/4226
f 5360/3477/4233 5358/3475/4231 5356/3473/4229
f 5359/3476/4232 5357/3474/4230 5361/3478/4234
f 5358/3475/4231 5360/3477/4233 5362/3479/4235
f 5361/3478/4234 5363/3480/4236 5359/3476/4232
f 5364/3481/4237 5362/3479/4235 5360/3477/4233
f 5363/3480/4236 5361/3478/4234 5365/3482/4236
f 5362/3479/4235 5364/3481/4237 5366/3483/4237
f 5367/3484/4238 5363/3480/4236 5365/3482/4236
f 5368/3485/4239 5366/3483/4237 5364/3481/4237
f 5363/3480/4236 5367/3484/4238 5369/3486/4240
f 5364/3481/4237 5370/3487/4241 5368/3485/4239
f 5371/3488/4242 5369/3486/4240 5367/3484/4238
f 5372/3489/4243 5368/3485/4239 5370/3487/4241
f 5369/3486/4240 5371/3488/4242 5373/3490/4244
f 5370/3487/4241 5374/3491/4245 5372/3489/4243
f 5375/3492/4246 5373/3490/4244 5371/3488/4242
f 5375/3492/4246 5372/3489/4243 5374/3491/4245
f 5373/3490/4244 5375/3492/4246 5376/3493/4247
f 5375/3492/4246 5374/3491/4245 5376/3493/4247
f 5377/3494/4248 5378/3495/4249 5379/3496/4250
f 5380/3497/4251 5379/3496/4250 5378/3495/4249
f 5378/3495/4249 5377/3494/4248 5381/3498/4252
f 5379/3496/4250 5380/3497/4251 5382/3499/4253
f 5377/3494/4248 5383/3500/4254 5381/3498/4252
f 5384/3501/4255 5382/3499/4253 5380/3497/4251
f 5383/3500/4254 5377/3494/4248 5385/3502/4256
f 5382/3499/4253 5384/3501/4255 5386/3503/4255
f 5387/3504/4257 5383/3500/4254 5385/3502/4256
f 5384/3501/4255 5388/3505/4258 5386/3503/4255
f 5385/3502/4256 5389/3506/4259 5387/3504/4257
f 5388/3505/4258 5384/3501/4255 5390/3507/4260
f 5391/3508/4261 5387/3504/4257 5389/3506/4259
f 5392/3509/4262 5388/3505/4258 5390/3507/4260
f 5389/3506/4259 5393/3510/4261 5391/3508/4261
f 5392/3509/4262 5390/3507/4260 5394/3511/4263
f 5395/3512/4264 5391/3508/4261 5393/3510/4261
f 5396/3513/4265 5392/3509/4262 5394/3511/4263
f 5391/3508/4261 5395/3512/4264 5397/3514/4266
f 5394/3511/4263 5398/3515/4267 5396/3513/4265
f 5399/3516/4268 5397/3514/4266 5395/3512/4264
f 5400/3517/4269 5396/3513/4265 5398/3515/4267
f 5397/3514/4266 5399/3516/4268 5400/3517/4269
f 5396/3513/4265 5400/3517/4269 5399/3516/4268
f 5401/3518/4270 5402/3519/4271 5403/620/4270
f 5402/3519/4271 5401/3518/4270 5404/3520/4272
f 5405/620/4273 5406/3519/4271 5407/3518/4273
f 5406/3519/4271 5408/3520/4272 5407/3518/4273
f 5409/3521/4274 5410/3522/4275 5411/3523/4276
f 5410/3522/4275 5412/3524/4277 5411/3523/4276
f 5411/3523/4276 5413/3525/4278 5409/3521/4274
f 5412/3524/4277 5410/3522/4275 5414/3526/4279
f 5415/3527/4280 5409/3521/4274 5413/3525/4278
f 5414/3526/4279 5416/3528/4281 5412/3524/4277
f 5409/3521/4274 5415/3527/4280 5417/3529/4282
f 5414/3526/4279 5418/3530/4281 5416/3528/4281
f 5419/3531/4283 5417/3529/4282 5415/3527/4280
f 5420/3532/4284 5416/3528/4281 5418/3530/4281
f 5417/3529/4282 5419/3531/4283 5421/3533/4285
f 5416/3528/4281 5420/3532/4284 5422/3534/4286
f 5423/3535/4287 5421/3533/4285 5419/3531/4283
f 5424/3536/4288 5422/3534/4286 5420/3532/4284
f 5421/3533/4285 5423/3535/4287 5425/3537/4289
f 5422/3534/4286 5424/3536/4288 5426/3538/4290
f 5427/3539/4291 5425/3537/4289 5423/3535/4287
f 5428/3540/4292 5426/3538/4290 5424/3536/4288
f 5423/3535/4287 5429/3541/4293 5427/3539/4291
f 5426/3538/4290 5428/3540/4292 5430/3542/4294
f 5431/3543/4295 5427/3539/4291 5429/3541/4293
f 5428/3540/4292 5432/3544/4296 5430/3542/4294
f 5431/3543/4295 5429/3541/4293 5432/3544/4296
f 5428/3540/4292 5431/3543/4295 5432/3544/4296
f 5433/936/4297 5434/856/4298 5435/936/4299
f 5436/240/4300 5437/241/4301 5438/241/4302
f 5439/3545/4303 5440/3545/4303 5441/3546/4303
f 5441/3546/4303 5442/3546/4303 5439/3545/4303
f 5443/3545/4304 5444/3545/4304 5445/3546/4304
f 5446/3546/4304 5445/3546/4304 5444/3545/4304
f 5447/241/4305 5448/241/390 5449/240/4306
f 5450/248/4307 5448/241/390 5447/241/4305
f 5448/241/390 5450/248/4307 5451/248/406
f 5451/248/406 5450/248/4307 5452/251/409
f 5453/873/4308 5452/251/409 5450/248/4307
f 5452/251/409 5453/873/4308 5454/252/4309
f 5454/252/4309 5455/874/4310 5456/874/4311
f 5457/724/4312 5456/874/4311 5455/874/4310
f 5456/874/4311 5457/724/4312 5458/724/3995
f 5458/724/3995 5459/3373/3990 5456/874/4311
f 5460/725/3998 5457/724/4312 5461/725/4004
f 5462/3374/4313 5458/724/4314 5463/3375/4000
f 5464/724/4315 5459/3373/3994 5462/3374/4313
f 5464/724/4001 5463/3375/4316 5465/725/4317
f 5466/3376/4003 5465/725/4317 5463/3375/4316
f 5465/725/4317 5466/3376/4003 5467/727/4012
f 5467/727/4012 5468/725/4015 5465/725/4317
f 5465/725/4317 5468/725/4015 5469/724/4006
f 4894/727/3809 5466/3376/4013 5460/725/3998
f 4894/727/3809 5461/725/4004 4892/727/3807
f 5466/3376/4013 4894/727/3809 4895/3252/3810
f 5470/3546/4318 5471/3547/4318 5472/3548/4318
f 5471/3547/4318 5470/3546/4318 5473/3545/4318
f 5474/3546/4318 5475/3548/4318 5476/3547/4318
f 5474/3546/4318 5476/3547/4318 5477/3545/4318
f 5478/712/4096 5479/713/4098 5480/712/4319
f 5481/711/4320 5478/712/4096 5480/712/4319
f 5478/712/4096 2579/1522/2094 5479/713/4098
f 5480/712/4319 5479/713/4098 5482/713/4115
f 5483/716/4107 5482/713/4115 5479/713/4098
f 5479/713/4098 2581/1523/2102 5483/716/4107
f 5483/716/4107 2586/1524/2109 5484/720/4321
f 2586/1524/2109 5485/719/4322 5484/720/4321
f 5486/719/4323 5484/720/4321 5485/719/4322
f 5484/720/4116 5487/720/4324 5488/716/4325
f 5489/721/4326 5490/721/4327 5486/719/4122
f 5491/3549/4328 5492/3550/4329 5493/3551/4330
f 5492/3550/4329 5491/3549/4328 5494/3552/4331
f 5494/3552/4331 5495/3553/4332 5492/3550/4329
f 5495/3553/4332 5494/3552/4331 5496/3554/4333
f 5496/3554/4333 5497/3555/4334 5495/3553/4332
f 5497/3555/4334 5496/3554/4333 5498/3556/4335
f 5498/3556/4335 5499/3557/4336 5497/3555/4334
f 5499/3557/4336 5498/3556/4335 5500/3558/4337
f 5500/3558/4337 5501/3559/4338 5499/3557/4336
f 5499/3557/4336 5501/3559/4338 5502/3560/4339
f 5501/3559/4338 5503/3561/3570 5502/3560/4339
f 5503/3561/3570 5501/3559/4338 5504/3562/4340
f 5505/3550/4341 5506/3549/4342 5507/3551/4343
f 5506/3549/4342 5505/3550/4341 5508/3552/4344
f 5509/3553/4345 5508/3552/4344 5505/3550/4341
f 5508/3552/4344 5509/3553/4345 5510/3554/4346
f 5511/3555/4347 5510/3554/4346 5509/3553/4345
f 5510/3554/4346 5511/3555/4347 5512/3556/4348
f 5513/3557/4349 5512/3556/4348 5511/3555/4347
f 5512/3556/4348 5513/3557/4349 5514/3558/4350
f 5513/3557/4349 5515/3559/4351 5514/3558/4350
f 5513/3557/4349 5516/3560/4352 5515/3559/4351
f 5517/3561/3584 5515/3559/4351 5516/3560/4352
f 5515/3559/4351 5517/3561/3584 5518/3562/4353
f 5519/3563/4354 5520/3564/4355 5521/3565/4356
f 5522/3563/4354 5523/3565/4356 5524/3564/4357
f 5525/227/4358 433/226/343 432/226/341
f 433/226/343 5525/227/4358 5526/227/4359
f 5527/1158/4360 5526/227/4359 5525/227/4358
f 5526/227/4359 5527/1158/4360 5528/1158/4361
f 427/225/4362 5526/227/4363 5529/3566/4364
f 5529/3566/4364 5528/1158/4365 5530/3567/4366
f 429/227/4367 5529/3566/4368 5531/1158/4369
f 5531/1158/4369 5530/3567/4366 5532/1156/4370
f 5531/1158/4369 5533/1156/4371 5534/1158/4372
f 5530/3567/4366 5535/1156/4373 5536/3568/4374
f 5532/1156/4375 5536/3568/4376 5537/1154/4377
f 5538/1154/4378 5532/1156/4375 5537/1154/4377
f 5535/1156/4379 5539/1154/4380 5540/1154/4381
f 5536/3568/4376 5540/1154/4381 5541/3569/4382
f 5541/3569/4382 5542/1153/4383 5537/1154/4377
f 5537/1154/4377 5542/1153/4383 5538/1154/4378
f 5538/1154/4378 5542/1153/4383 5543/1153/4384
f 5539/1154/4385 5544/1153/4386 5545/1153/4387
f 5546/1151/4388 5545/1153/4387 5544/1153/4386
f 5541/3569/4382 5545/1153/4389 5547/3570/4390
f 5547/3570/4391 5548/1151/4392 5542/1153/4393
f 5549/1151/4394 5542/1153/4393 5548/1151/4392
f 5548/1151/4392 5550/1149/4395 5549/1151/4394
f 5548/1151/4392 5547/3570/4391 5551/3571/4396
f 5551/3571/4396 5552/1149/4069 5548/1151/4392
f 5552/1149/4069 5551/3571/4396 5553/3468/4216
f 5554/1149/4214 5555/3467/4213 5553/3468/4216
f 5552/1149/4069 5555/3467/4215 5556/1147/4222
f 5554/1149/4397 5557/1149/4210 5558/1147/4212
f 5558/1147/4212 5559/3469/4219 5555/3467/4213
f 5556/1147/4222 5559/3469/4221 5560/1145/4223
f 5561/1145/4217 5562/3408/4072 5559/3469/4398
f 5560/1145/4224 5562/3408/4072 5563/1143/4076
f 5560/1145/4224 5563/1143/4076 5564/1145/4075
f 5565/1147/4225 5560/1145/4224 5564/1145/4075
f 5566/1143/4078 5563/1143/4071 5567/1141/4399
f 5563/1143/4071 5568/3407/4070 5567/1141/4399
f 5569/1143/4073 5568/3407/4070 5562/3408/2704
f 5570/1145/4218 5571/1143/4400 5569/1143/4073
f 5569/1143/4073 5571/1143/4400 5572/1141/4074
f 5573/1141/4401 5572/1141/4074 5571/1143/4400
f 5572/1141/4402 5574/3409/4084 5568/3407/4083
f 5567/1141/4403 5574/3409/4084 5575/734/4404
f 5567/1141/4403 5575/734/4404 5576/1141/4405
f 2563/1518/2077 5575/734/4404 5574/3409/4084
f 5576/1141/4405 5575/734/4404 2558/734/2068
f 5575/734/4404 2559/732/2069 2558/734/2068
f 5577/3572/4406 5578/3573/4356 5579/3574/4407
f 5578/3573/4356 5577/3572/4406 5580/3575/4406
f 5581/3576/3057 5580/3575/4406 5577/3572/4406
f 5580/3575/4406 5581/3576/3057 5582/3577/3052
f 5583/3572/4406 5584/3573/4356 5585/3575/4406
f 5584/3573/4356 5583/3572/4406 5586/3574/4407
f 5585/3575/4406 5587/3576/3052 5583/3572/4406
f 5587/3576/3052 5585/3575/4406 5588/3577/3057
f 5589/214/310 5590/215/4408 5591/215/321
f 5592/222/324 5590/215/312 5593/217/314
f 5593/217/314 5594/214/311 5595/218/4409
f 5596/216/4410 5597/220/313 5594/214/311
f 5594/214/311 5597/220/313 5598/219/4411
f 5599/214/4412 5594/214/311 5598/219/4411
f 5592/222/4413 5600/215/325 5601/221/4414
f 5593/217/314 5602/214/315 5600/215/4415
f 5602/214/315 5603/214/4416 5600/215/4415
f 5604/215/4417 5600/215/4415 5603/214/4416
f 5603/214/4416 5602/214/315 5605/216/4418
f 5606/216/4419 5605/216/4418 5602/214/315
f 5607/223/333 5601/221/4420 5608/224/339
f 5607/223/330 5609/221/332 5592/222/4421
f 5608/224/339 5610/225/342 5607/223/333
f 5611/227/4359 5610/225/4362 5612/226/4422
f 5591/215/4423 5609/221/4424 5613/221/4425
f 5613/221/4425 5609/221/4424 5614/224/334
f 5613/221/4425 5614/224/334 5615/224/4426
f 5614/224/334 5616/226/4427 5615/224/4426
f 5616/226/4427 5614/224/334 5617/226/4428
f 5617/226/4428 5618/227/4429 5616/226/4427
f 5618/227/4429 5617/226/4428 5619/227/4367
f 5619/227/4367 5620/1158/4430 5618/227/4429
f 5620/1158/4430 5619/227/4367 5621/1158/4369
f 5619/227/4431 5610/225/4362 5622/3566/4368
f 5623/1158/4365 5622/3566/4368 5611/227/4359
f 5624/3567/4366 5621/1158/4369 5622/3566/4368
f 5625/1156/4373 5624/3567/4366 5623/1158/4432
f 5623/1158/4432 5626/1156/4433 5625/1156/4373
f 5626/1156/4433 5623/1158/4432 5627/1158/4434
f 5628/1154/4380 5625/1156/4373 5626/1156/4433
f 5629/1156/4435 5621/1158/4369 5630/1156/4370
f 5630/1156/4370 5631/1154/4378 5629/1156/4435
f 5632/3568/4374 5630/1156/4370 5624/3567/4366
f 5633/1154/4381 5632/3568/4376 5625/1156/4379
f 5633/1154/4436 5628/1154/4385 5634/1153/4389
f 5634/1153/4389 5635/3569/4382 5633/1154/4436
f 5635/3569/4382 5636/1154/4437 5632/3568/4376
f 5637/1153/4438 5635/3569/4382 5638/3570/4390
f 5637/1153/4393 5639/1151/4439 5640/1153/4440
f 5641/1151/4441 5638/3570/4391 5634/1153/4442
f 5634/1153/4442 5642/1151/4443 5641/1151/4441
f 5638/3570/4391 5641/1151/4441 5643/3571/4444
f 5341/1149/4445 5641/1151/4441 5642/1151/4443
f 5345/1149/4214 5643/3571/4444 5641/1151/4441
f 5641/1151/4441 5341/1149/4445 5345/1149/4214
f 5643/3571/4444 5345/1149/4214 5346/3468/4216
f 5644/3578/1495 5645/3579/4446 5646/3579/4447
f 5646/3579/4447 5647/3580/4448 5644/3578/1495
f 5648/3581/4449 5649/3582/4450 5646/3579/4451
f 5647/3580/4452 5649/3582/4450 5650/3579/4453
f 5649/3582/4450 5651/3583/555 5652/3581/553
f 5650/3579/4453 5653/3581/550 5654/3579/4454
f 5655/3578/1397 5654/3579/4455 5656/3578/4456
f 5657/3579/4446 5658/3578/4457 5659/3578/4458
f 5660/3581/565 5661/3579/4447 5657/3579/4446
f 5661/3579/4447 5660/3581/565 5662/3581/561
f 5663/3582/4459 5662/3581/561 5664/3583/555
f 5665/3580/4452 5661/3579/4451 5663/3582/4450
f 5666/3581/553 5667/3579/4453 5663/3582/4450
f 5668/3581/4460 5667/3579/4453 5666/3581/553
f 5667/3579/4461 5669/3578/1397 5665/3580/4452
f 5670/3579/4454 5669/3578/1397 5667/3579/4461
f 2649/511/890 2656/512/2165 5671/513/4462
f 5671/513/4462 2656/512/2165 5672/515/893
f 2656/512/2165 5673/514/1474 5672/515/893
f 2656/512/2165 5674/514/4463 5673/514/1474
f 1686/516/4464 5673/514/1474 5674/514/4463
f 5673/514/1474 1686/516/4464 1680/516/1349
f 1682/934/1351 5673/514/1474 1680/516/1349
f 1682/934/1351 5675/514/4465 5672/515/1476
f 5676/3584/4466 5677/3585/4467 5678/3586/4466
f 5677/3585/4467 5676/3584/4466 5679/3587/797
f 5680/3584/4466 5681/3586/4466 5682/3585/4468
f 5680/3584/4466 5682/3585/4468 5683/3587/4469
f 5684/514/4463 5685/512/4470 5686/512/4471
f 5687/3545/4472 5688/3588/4472 5689/3545/4472
f 5688/3588/4472 5687/3545/4472 5690/3588/4472
f 5691/3588/4473 5692/3545/4473 5693/3545/4474
f 5692/3545/4473 5691/3588/4473 5694/3588/4473
f 5695/3589/4475 5696/3589/4475 5697/3590/4476
f 5697/3590/4476 5698/3590/4476 5695/3589/4475
f 5699/3589/4477 5700/3589/4478 5701/3590/4477
f 5702/3590/4479 5701/3590/4477 5700/3589/4478
f 5703/3545/4480 5704/3033/4480 5705/3547/4480
f 5704/3033/4480 5703/3545/4480 5706/3588/4481
f 5707/3545/4480 5708/3547/4480 5709/3033/4480
f 5707/3545/4480 5709/3033/4480 5710/3588/4481
f 5711/3591/4482 5712/3592/34 5713/3593/4482
f 5712/3592/34 5711/3591/4482 5714/3594/4483
f 5713/3593/4482 5715/3595/4484 5711/3591/4482
f 5714/3594/4483 5716/3596/4485 5712/3592/34
f 5715/3595/4484 5713/3593/4482 5717/3597/4486
f 5717/3597/4486 5718/2450/4487 5715/3595/4484
f 5718/2450/4487 5717/3597/4486 5719/2451/4488
f 5716/3596/4485 5714/3594/4483 5720/3598/4485
f 5720/3598/4485 5721/3599/2930 5716/3596/4485
f 5721/3599/2930 5720/3598/4485 5722/3600/4489
f 5723/3591/4482 5724/3593/4482 5725/3592/34
f 5724/3593/4482 5723/3591/4482 5726/3595/4484
f 5723/3591/4482 5725/3592/34 5727/3594/4483
f 5728/3597/4486 5724/3593/4482 5726/3595/4484
f 5728/3597/4486 5726/3595/4484 5729/2450/4487
f 5730/2451/4488 5728/3597/4486 5729/2450/4487
f 5727/3594/4483 5725/3592/34 5731/3596/4485
f 5727/3594/4483 5731/3596/4485 5732/3598/4485
f 5732/3598/4485 5731/3596/4485 5733/3599/2930
f 5732/3598/4485 5733/3599/2930 5734/3600/4490
f 5735/3590/4491 5736/3020/4491 5737/3601/4491
f 5736/3020/4491 5735/3590/4491 5738/3589/4492
f 5739/3590/4492 5740/3601/4491 5741/3020/4491
f 5739/3590/4492 5741/3020/4491 5742/3589/4492
f 1393/770/4493 769/360/4494 1394/771/1170
f 5743/768/4495 769/360/4496 5744/768/4497
f 5745/3602/4498 5744/768/4499 1393/770/4493
f 5744/768/4499 5745/3602/4498 5746/769/4500
f 5745/3602/4501 1392/769/4502 5747/3603/4503
f 5746/769/4504 5747/3603/4505 5748/882/4506
f 5749/882/4507 5746/769/4504 5748/882/4506
f 5749/882/4508 5750/885/4509 5751/885/4510
f 5748/882/4511 5752/3604/4512 5750/885/4513
f 5752/3604/4512 5748/882/4511 5753/3605/4514
f 5747/3603/4503 5754/882/4515 5753/3605/4516
f 5755/3606/4517 5750/885/4513 5752/3604/4512
f 5750/885/4513 5755/3606/4517 5756/886/4518
f 1392/769/4502 5757/882/4519 5754/882/4515
f 5754/882/4515 5757/882/4519 5758/885/4520
f 5759/885/4521 5758/885/4520 5757/882/4519
f 5756/886/4522 5760/3607/4523 5761/889/4524
f 5762/886/4525 5760/3607/4523 5755/3606/4526
f 5759/885/4527 5763/886/4528 5762/886/4529
f 5763/886/4528 5764/889/4530 5765/889/4531
f 5765/889/4531 5764/889/4530 5766/890/4532
f 5767/890/4533 5766/890/4532 5764/889/4530
f 5768/3608/4534 5765/889/4531 5766/890/4532
f 5766/890/4532 5767/890/4533 5769/892/4535
f 5766/890/4532 5770/3609/4536 5768/3608/4534
f 5769/892/4537 5771/245/4538 5770/3609/4539
f 5771/245/4538 5769/892/4537 497/245/400
f 499/246/399 5772/245/4540 5771/245/4541
f 5773/892/4542 5772/245/4543 5774/245/4544
f 5775/890/4545 5770/3609/4546 5776/892/4547
f 5777/890/4548 5775/890/4545 5776/892/4547
f 5775/890/4545 5777/890/4548 5778/889/4549
f 5779/244/4550 5772/245/4540 5780/244/4551
f 5779/244/4550 5780/244/4551 501/242/4552
f 5779/244/4550 501/242/4552 5781/242/4553
f 1963/367/660 5782/366/659 1954/368/662
f 1962/365/1607 5783/363/4159 1961/365/1606
f 5783/363/4159 5784/364/4554 1961/365/1606
f 5784/364/652 5785/365/653 1963/367/660
f 5784/364/4554 5783/363/4159 5786/362/650
f 5785/365/654 5787/366/4555 5782/366/665
f 5782/366/665 5787/366/4555 5788/369/666
f 5789/363/4556 5790/365/4557 5785/365/654
f 5789/363/4556 5791/363/4157 5790/365/4557
f 5792/871/4155 5791/363/4157 5789/363/4556
f 5789/363/4556 5786/362/650 5792/871/4155
f 5792/871/4155 5786/362/650 5793/872/4158
f 5794/872/4164 5792/871/4155 5793/872/4158
f 5792/871/4155 5794/872/4164 5795/871/4156
f 5786/362/650 5796/872/4149 5797/3418/4558
f 5793/872/4158 5797/3418/4152 5798/361/4161
f 5797/3418/4558 5799/361/4151 5800/771/4160
f 5798/361/4559 5800/771/1170 5801/360/649
f 5802/360/1164 5799/361/1165 5803/361/4560
f 5800/771/1170 5804/360/4561 5805/770/4493
f 5801/360/4494 5805/770/4493 5806/768/4499
f 5801/360/649 5807/768/4495 5808/360/4562
f 5806/768/4563 5809/769/4564 5807/768/4565
f 5809/769/4564 5806/768/4563 5810/769/4504
f 5810/769/4504 5811/882/4507 5809/769/4564
f 5811/882/4508 5812/882/4511 5813/885/4509
f 5805/770/4493 5814/768/4566 5815/3602/4501
f 5816/3603/4503 5810/769/4500 5815/3602/4501
f 5817/769/4567 5815/3602/4501 5814/768/4566
f 5818/3605/4568 5812/882/4506 5816/3603/4505
f 5819/882/4515 5816/3603/4569 5817/769/4567
f 5819/882/4570 5820/3604/4512 5818/3605/4514
f 5821/882/4571 5817/769/4502 5822/769/1167
f 5820/3604/4512 5819/882/4570 5823/885/4572
f 5823/885/4572 5824/3606/4573 5820/3604/4512
f 5824/3606/4573 5823/885/4572 5825/886/4529
f 5823/885/4572 5826/885/4574 5825/886/4529
f 5825/886/4525 5827/886/4528 5828/889/4575
f 5829/3607/4523 5825/886/4525 5828/889/4575
f 5829/3607/4523 5830/886/4522 5824/3606/4576
f 5828/889/4575 5831/3608/4534 5829/3607/4523
f 5813/885/4577 5830/886/4578 5832/885/4510
f 5832/885/4510 5830/886/4578 5833/886/4579
f 5830/886/4578 5834/889/4580 5833/886/4579
f 5831/3608/4534 5834/889/4580 5829/3607/4523
f 5833/886/4579 5834/889/4580 5835/889/4549
f 5835/889/4549 5834/889/4580 5836/890/4545
f 5834/889/4580 5831/3608/4534 5836/890/4545
f 5837/3609/4536 5836/890/4545 5831/3608/4534
f 5837/3609/4536 5838/890/4532 5839/892/4581
f 5840/892/4582 5839/892/4583 5841/890/4533
f 5839/892/4583 5840/892/4582 5842/245/397
f 5840/892/4582 5843/245/4584 5842/245/397
f 5842/245/400 5844/244/4585 5845/244/394
f 5846/242/4586 5847/242/4587 5844/244/395
f 5848/247/401 5845/244/394 5847/242/392
f 5847/242/392 5849/243/393 5848/247/401
f 5842/245/400 5850/246/399 5851/245/4541
f 5851/245/4538 5852/892/4588 5837/3609/4539
f 5848/247/401 5853/244/4551 5850/246/399
f 5853/244/4551 5848/247/401 5854/242/402
f 5855/245/4589 5850/246/399 5853/244/4551
f 5852/892/4588 5851/245/4538 5855/245/4589
f 5852/892/4588 5855/245/4589 5856/892/4590
f 5857/890/4591 5852/892/4588 5856/892/4590
f 5855/245/4589 5858/244/4550 5859/245/4592
f 5854/242/402 5849/243/405 5860/240/404
f 5861/242/4553 5854/242/402 5860/240/404
f 5861/242/4553 5860/240/404 5862/240/4593
f 5862/240/4593 5860/240/404 5863/241/4594
f 5860/240/404 5864/241/403 5863/241/4594
f 5865/240/388 5864/241/4595 5849/243/405
f 5864/241/4595 5865/240/388 5448/241/4596
f 5864/241/403 5866/248/1339 5863/241/4594
f 5866/248/1339 5864/241/403 5867/249/407
f 5868/250/408 5866/248/1339 5867/249/407
f 5869/248/4597 5863/241/4594 5866/248/1339
f 5863/241/4594 5869/248/4597 5870/241/4598
f 5866/248/1339 5868/250/408 5871/251/4599
f 5869/248/1338 5871/251/4599 5872/873/4011
f 5871/251/4599 5873/252/4009 5872/873/4011
f 5868/250/408 5873/252/4009 5871/251/4599
f 5873/252/4009 5868/250/408 5874/3372/4600
f 5874/3372/4600 5875/874/4601 5873/252/4009
f 5876/874/4602 5873/252/4009 5875/874/4601
f 5875/874/4601 5874/3372/4600 5459/3373/3994
f 5877/3610/4603 5878/3611/4604 5879/3612/4605
f 5879/3612/4605 5880/3613/4606 5877/3610/4603
f 5880/3613/4606 5879/3612/4605 5881/3614/4607
f 5878/3611/4604 5877/3610/4603 5882/3615/4608
f 5882/3615/4608 5883/3616/4609 5878/3611/4604
f 5883/3616/4609 5882/3615/4608 5884/3617/4610
f 5884/3617/4610 5885/3618/4611 5883/3616/4609
f 5885/3618/4611 5884/3617/4610 5886/3619/4612
f 5886/3619/4612 5887/3620/4613 5885/3618/4611
f 5887/3620/4613 5886/3619/4612 5888/3621/4614
f 5889/3612/4605 5890/3611/4604 5891/3610/4603
f 5889/3612/4605 5891/3610/4603 5892/3613/4606
f 5893/3614/4607 5889/3612/4605 5892/3613/4606
f 5891/3610/4603 5890/3611/4604 5894/3615/4608
f 5890/3611/4604 5895/3616/4609 5894/3615/4608
f 5894/3615/4608 5895/3616/4609 5896/3617/4610
f 5895/3616/4609 5897/3618/4611 5896/3617/4610
f 5896/3617/4610 5897/3618/4611 5898/3619/4612
f 5897/3618/4611 5899/3620/4613 5898/3619/4612
f 5899/3620/4613 5900/3621/4614 5898/3619/4612
f 5901/3546/4615 5902/3584/4616 5903/3586/4616
f 5902/3584/4616 5901/3546/4615 5904/3622/4617
f 5905/3546/4615 5906/3584/4616 5907/3622/4618
f 5906/3584/4616 5905/3546/4615 5908/3586/4616
f 5909/177/4619 5910/3623/4619 5911/3624/4619
f 5910/3623/4619 5909/177/4619 5912/3625/4619
f 5913/177/4620 5914/3624/4620 5915/3623/4620
f 5913/177/4620 5915/3623/4620 5916/3625/4620
f 5917/3626/4621 5918/3627/4621 5919/3628/4621
f 5918/3627/4621 5917/3626/4621 5920/3629/4621
f 5921/3628/4621 5922/3627/4621 5923/3626/4621
f 5923/3626/4621 5922/3627/4621 5924/3629/4621
f 5925/3630/4622 5926/3631/4623 5927/3632/4624
f 5925/3630/4622 5928/3633/4623 5926/3631/4623
f 5927/3632/4624 5929/3634/4625 5925/3630/4622
f 5929/3634/4625 5927/3632/4624 5930/3635/4626
f 5930/3635/4626 5927/3632/4624 5931/3636/4627
f 5930/3635/4626 5932/3637/4628 5929/3634/4625
f 5932/3637/4628 5930/3635/4626 5933/3638/4629
f 5933/3638/4629 5934/3639/2958 5932/3637/4628
f 5934/3639/2958 5933/3638/4629 5935/3640/2956
f 5936/3630/4630 5937/3631/4623 5938/3633/4623
f 5936/3630/4630 5939/3632/4631 5937/3631/4623
f 5940/3634/4632 5939/3632/4631 5936/3630/4630
f 5939/3632/4631 5940/3634/4632 5941/3635/4633
f 5941/3635/4633 5942/3636/4634 5939/3632/4631
f 5943/3637/4635 5941/3635/4633 5940/3634/4632
f 5941/3635/4633 5943/3637/4635 5944/3638/4636
f 5945/3639/2966 5944/3638/4636 5943/3637/4635
f 5944/3638/4636 5945/3639/2966 5946/3640/2965
f 5947/3641/4637 5948/3642/4638 5949/3643/4639
f 5948/3642/4638 5947/3641/4637 5950/3644/4637
f 5949/3643/4639 5948/3642/4638 5951/3645/4640
f 5949/3643/4639 5951/3645/4640 5952/3646/4641
f 5949/3643/4639 5952/3646/4641 5953/3647/4642
f 5952/3646/4641 5951/3645/4640 5954/3648/4643
f 5952/3646/4641 5954/3648/4643 5955/3649/3560
f 5956/3641/4637 5957/3642/4644 5958/3644/4637
f 5957/3642/4644 5956/3641/4637 5959/3643/4645
f 5957/3642/4644 5959/3643/4645 5960/3645/4646
f 5961/3646/4647 5960/3645/4646 5959/3643/4645
f 5959/3643/4645 5962/3647/3059 5961/3646/4647
f 5960/3645/4646 5961/3646/4647 5963/3648/4648
f 5964/3649/4649 5963/3648/4648 5961/3646/4647
f 5965/3650/4650 5966/3651/4651 5967/3652/4651
f 5966/3651/4651 5965/3650/4650 5968/3653/4650
f 5969/3654/4652 5967/3652/4651 5966/3651/4651
f 5967/3652/4651 5969/3654/4652 5970/3655/4652
f 5969/3654/4652 5971/3656/4653 5970/3655/4652
f 5971/3656/4653 5969/3654/4652 5972/3657/4653
f 5973/3658/4654 5971/3656/4653 5972/3657/4653
f 5971/3656/4653 5973/3658/4654 5974/3659/4654
f 5975/3660/4655 5974/3659/4654 5973/3658/4654
f 5974/3659/4654 5975/3660/4655 5976/3661/4655
f 5977/3650/4650 5978/3652/4651 5979/3653/4650
f 5979/3653/4650 5978/3652/4651 5980/3651/4651
f 5978/3652/4651 5981/3655/4652 5980/3651/4651
f 5980/3651/4651 5981/3655/4652 5982/3654/4652
f 5981/3655/4652 5983/3657/4653 5982/3654/4652
f 5983/3657/4653 5981/3655/4652 5984/3656/4653
f 5984/3656/4653 5985/3659/4654 5983/3657/4653
f 5983/3657/4653 5985/3659/4654 5986/3658/4654
f 5985/3659/4654 5987/3661/4655 5986/3658/4654
f 5986/3658/4654 5987/3661/4655 5988/3660/4655
f 5989/3662/4656 5990/3663/4657 5991/3664/4658
f 5992/3665/4659 5989/3662/4656 5991/3664/4658
f 5993/3666/4659 5992/3665/4659 5991/3664/4658
f 5992/3665/4659 5993/3666/4659 5994/3667/4660
f 5995/3668/4660 5994/3667/4660 5993/3666/4659
f 5996/3669/4661 5994/3667/4660 5995/3668/4660
f 5994/3667/4660 5996/3669/4661 5997/3670/4661
f 5996/3669/4661 5998/3671/4662 5997/3670/4661
f 5998/3671/4662 5996/3669/4661 5999/3672/4662
f 5999/3672/4662 6000/3673/4663 5998/3671/4662
f 6000/3673/4663 5999/3672/4662 6001/3674/4663
f 6001/3674/4663 6002/3675/4664 6000/3673/4663
f 6002/3675/4664 6001/3674/4663 6003/3676/4664
f 6004/3662/4656 6005/3664/4658 6006/3663/4657
f 6004/3662/4656 6007/3666/4659 6005/3664/4658
f 6007/3666/4659 6004/3662/4656 6008/3665/4659
f 6008/3665/4659 6009/3668/4660 6007/3666/4659
f 6009/3668/4660 6008/3665/4659 6010/3667/4660
f 6009/3668/4660 6010/3667/4660 6011/3670/4661
f 6009/3668/4660 6011/3670/4661 6012/3669/4661
f 6011/3670/4661 6013/3672/4662 6012/3669/4661
f 6013/3672/4662 6011/3670/4661 6014/3671/4662
f 6014/3671/4662 6015/3674/4663 6013/3672/4662
f 6015/3674/4663 6014/3671/4662 6016/3673/4663
f 6016/3673/4663 6017/3676/4664 6015/3674/4663
f 6017/3676/4664 6016/3673/4663 6018/3675/4664
