# Blender 5.0.1
# www.blender.org
mtllib jyhafgvhagb.mtl
o PopBucket_Axe_LOD0
v -3.077783 5.575926 -0.539000
v -2.984270 5.145891 -0.445487
v -3.252183 5.575926 -0.277994
v -3.130001 5.145891 -0.227384
v -2.911361 4.853108 -0.372577
v -3.313424 5.575926 0.029885
v -3.034740 4.853108 -0.187925
v -2.871676 4.779418 -0.332892
v -3.181177 5.145891 0.029885
v -3.130002 5.145891 0.287154
v -3.252183 5.575926 0.337763
v -3.078068 4.853108 0.029886
v -2.982890 4.779418 -0.166448
v -2.803074 4.779431 -0.264291
v -2.893258 4.779431 -0.129321
v -2.924927 4.779431 0.029886
v -3.021945 4.779418 0.029886
v -2.982891 4.779418 0.226218
v -2.893259 4.779431 0.189091
v -3.034741 4.853108 0.247696
v -2.871677 4.779418 0.392661
v -2.803075 4.779431 0.324060
v -2.911362 4.853108 0.432346
v -2.705234 4.779418 0.503875
v -2.668107 4.779431 0.414243
v -2.726711 4.853108 0.555726
v -2.984271 5.145891 0.505256
v -3.077783 5.575926 0.598769
v -2.816777 5.575926 0.773168
v -2.766169 5.145891 0.650987
v -2.508899 5.575926 0.834410
v -2.508900 5.145891 0.702161
v -2.508901 4.853108 0.599050
v -2.508901 4.779417 0.542927
v -2.508901 4.779430 0.445910
v -2.312573 4.779418 0.503872
v -2.349698 4.779431 0.414241
v -2.214729 4.779431 0.324061
v -2.291095 4.853108 0.555723
v -2.146129 4.779418 0.392663
v -2.124542 4.779431 0.189093
v -2.251634 5.145891 0.650986
v -2.201021 5.575926 0.773168
v -2.106445 4.853108 0.432348
v -2.033532 5.145891 0.505257
v -1.940015 5.575926 0.598769
v -1.765615 5.575926 0.337763
v -1.887798 5.145891 0.287156
v -1.704373 5.575926 0.029885
v -1.983060 4.853108 0.247699
v -1.836620 5.145891 0.029886
v -2.034911 4.779418 0.226221
v -2.092869 4.779431 0.029886
v -1.939729 4.853108 0.029887
v -1.995852 4.779418 0.029887
v -2.034905 4.779418 -0.166450
v -2.124538 4.779431 -0.129323
v -1.983055 4.853108 -0.187927
v -2.146125 4.779418 -0.332894
v -2.214726 4.779431 -0.264293
v -1.887794 5.145891 -0.227385
v -1.765615 5.575926 -0.277993
v -2.106441 4.853108 -0.372579
v -2.033530 5.145891 -0.445488
v -1.940015 5.575926 -0.539000
v -2.201020 5.575926 -0.713399
v -2.251631 5.145891 -0.591217
v -2.508899 5.575926 -0.774641
v -2.291091 4.853108 -0.495956
v -2.508900 5.145891 -0.642391
v -2.766169 5.145891 -0.591218
v -2.816777 5.575926 -0.713399
v -2.984270 5.145891 -0.445487
v -3.077783 5.575926 -0.539000
v -2.911361 4.853108 -0.372577
v -2.726711 4.853108 -0.495957
v -2.871676 4.779418 -0.332892
v -2.508902 4.853108 -0.539280
v -2.705234 4.779418 -0.444106
v -2.668107 4.779431 -0.354474
v -2.803074 4.779431 -0.264291
v -2.508902 4.779418 -0.483158
v -2.508901 4.779431 -0.386141
v -2.312568 4.779418 -0.444105
v -2.349694 4.779431 -0.354473
v -2.749987 3.423191 -0.211204
v -2.639423 3.392889 -0.285228
v -2.750076 3.392888 -0.211292
v -2.639375 3.423191 -0.285112
v -2.814329 3.483396 -0.275545
v -2.508899 3.392888 -0.311191
v -2.674196 3.483397 -0.369178
v -2.508899 3.423191 -0.311065
v -2.378423 3.423191 -0.285112
v -2.378375 3.392888 -0.285228
v -2.508899 3.483397 -0.402058
v -2.680596 3.524653 -0.384628
v -2.826153 3.524652 -0.287370
v -2.508899 3.524653 -0.418781
v -2.343601 3.483397 -0.369178
v -2.267811 3.423191 -0.211203
v -2.267722 3.392888 -0.211292
v -2.193787 3.392888 -0.100639
v -2.337202 3.524653 -0.384628
v -2.193902 3.423191 -0.100591
v -2.167824 3.392889 0.029885
v -2.203469 3.483396 -0.275545
v -2.109836 3.483397 -0.135413
v -2.167949 3.423191 0.029885
v -2.193902 3.423191 0.160361
v -2.193787 3.392888 0.160409
v -2.076956 3.483397 0.029885
v -2.267811 3.423191 0.270973
v -2.267723 3.392888 0.271062
v -2.378375 3.392888 0.344997
v -2.109836 3.483397 0.195182
v -2.060234 3.524653 0.029885
v -2.378423 3.423191 0.344882
v -2.508899 3.392888 0.370960
v -2.203470 3.483397 0.335315
v -2.094386 3.524654 0.201582
v -2.094386 3.524653 -0.141812
v -2.053964 3.581678 0.029885
v -2.191645 3.524652 -0.287370
v -2.088594 3.581678 -0.144211
v -2.334803 3.581678 -0.390420
v -2.187211 3.581678 -0.291803
v -2.194598 4.673758 -0.284416
v -2.098245 4.673758 -0.140213
v -2.338800 4.673758 -0.380769
v -2.508899 3.581678 -0.425051
v -2.198320 4.731351 -0.280693
v -2.682995 3.581678 -0.390420
v -2.830587 3.581678 -0.291803
v -2.823200 4.673758 -0.284416
v -2.678998 4.673759 -0.380769
v -2.819478 4.731350 -0.280694
v -2.508899 4.673759 -0.414603
v -2.676982 4.731350 -0.375905
v -2.803074 4.779431 -0.264291
v -2.668107 4.779431 -0.354474
v -2.340815 4.731351 -0.375905
v -2.508899 4.731350 -0.409339
v -2.508901 4.779431 -0.386141
v -2.349694 4.779431 -0.354473
v -2.214726 4.779431 -0.264293
v -2.103109 4.731351 -0.138199
v -2.124538 4.779431 -0.129323
v -2.064411 4.673758 0.029885
v -2.069675 4.731351 0.029885
v -2.092869 4.779431 0.029886
v -2.124542 4.779431 0.189093
v -2.103109 4.731350 0.197968
v -2.214729 4.779431 0.324061
v -2.098245 4.673758 0.199983
v -2.198321 4.731351 0.340463
v -2.088594 3.581678 0.203981
v -2.194598 4.673758 0.344185
v -2.340815 4.731351 0.435675
v -2.349698 4.779431 0.414241
v -2.338801 4.673758 0.440538
v -2.187212 3.581678 0.351573
v -2.191645 3.524653 0.347139
v -2.334803 3.581678 0.450190
v -2.337203 3.524653 0.444398
v -2.343602 3.483397 0.428948
v -2.508899 3.581678 0.484820
v -2.508899 3.524653 0.478550
v -2.508899 3.483397 0.461828
v -2.508899 3.423191 0.370835
v -2.674197 3.483396 0.428948
v -2.639376 3.423191 0.344882
v -2.639423 3.392888 0.344997
v -2.680596 3.524652 0.444398
v -2.814329 3.483396 0.335314
v -2.749988 3.423191 0.270973
v -2.750076 3.392888 0.271062
v -2.824012 3.392888 0.160409
v -2.823896 3.423191 0.160361
v -2.849975 3.392889 0.029885
v -2.907962 3.483396 0.195182
v -2.849850 3.423191 0.029885
v -2.823896 3.423189 -0.100591
v -2.824012 3.392888 -0.100639
v -2.749987 3.423191 -0.211204
v -2.750076 3.392888 -0.211292
v -2.907962 3.483395 -0.135413
v -2.814329 3.483396 -0.275545
v -2.940843 3.483396 0.029885
v -2.957565 3.524652 0.029885
v -2.923412 3.524652 -0.141812
v -2.826153 3.524652 -0.287370
v -2.923412 3.524652 0.201581
v -2.929204 3.581680 -0.144212
v -2.830587 3.581678 -0.291803
v -2.823200 4.673758 -0.284416
v -2.963835 3.581678 0.029885
v -2.919553 4.673758 -0.140214
v -2.819478 4.731350 -0.280694
v -2.826154 3.524652 0.347139
v -2.914689 4.731351 -0.138199
v -2.803074 4.779431 -0.264291
v -2.893258 4.779431 -0.129321
v -2.953387 4.673758 0.029885
v -2.948123 4.731351 0.029885
v -2.924927 4.779431 0.029886
v -2.893259 4.779431 0.189091
v -2.914689 4.731351 0.197968
v -2.803075 4.779431 0.324060
v -2.919553 4.673758 0.199983
v -2.819478 4.731351 0.340463
v -2.929204 3.581678 0.203981
v -2.823200 4.673758 0.344185
v -2.830587 3.581678 0.351572
v -2.682996 3.581678 0.450190
v -2.678998 4.673758 0.440538
v -2.508899 4.673758 0.474373
v -2.676982 4.731351 0.435675
v -2.668107 4.779431 0.414243
v -2.508899 4.731351 0.469109
v -2.508901 4.779430 0.445910
v -2.824012 3.392888 -0.100639
v -2.750076 3.392888 -0.211292
v -2.764083 3.387768 -0.225300
v -2.842313 3.387768 -0.108220
v -2.849975 3.392889 0.029885
v -2.774107 3.374795 -0.235323
v -2.869784 3.387768 0.029885
v -2.824012 3.392888 0.160409
v -2.855409 3.374795 -0.113644
v -2.861245 3.352176 -0.116062
v -2.778574 3.352175 -0.239790
v -2.883959 3.374795 0.029885
v -2.880808 2.614996 -0.124165
v -2.793546 2.614996 -0.254762
v -2.890276 3.352175 0.029885
v -2.911451 2.614996 0.029885
v -2.912630 0.787797 -0.137346
v -2.817902 0.787796 -0.279118
v -2.945895 0.787797 0.029885
v -2.914668 -1.582141 -0.138191
v -2.819462 -1.582141 -0.280678
v -2.804158 -4.195651 -0.265375
v -2.948101 -1.582141 0.029885
v -2.894674 -4.195652 -0.129909
v -2.768955 -7.003321 -0.230172
v -2.848679 -7.003321 -0.110857
v -2.765093 -7.026402 -0.226310
v -2.926459 -4.195652 0.029885
v -2.843633 -7.026402 -0.108767
v -2.755684 -7.038620 -0.216900
v -2.876674 -7.003321 0.029885
v -2.831338 -7.038620 -0.103674
v -2.745451 -7.044208 -0.206668
v -2.817970 -7.044208 -0.098137
v -2.857905 -7.038620 0.029885
v -2.843435 -7.044208 0.029885
v -2.871212 -7.026402 0.029885
v -2.831338 -7.038620 0.163443
v -2.817969 -7.044208 0.157906
v -2.745451 -7.044208 0.266437
v -2.843633 -7.026402 0.168536
v -2.848679 -7.003321 0.170626
v -2.765093 -7.026402 0.286079
v -2.755684 -7.038620 0.276669
v -2.642458 -7.038620 0.352324
v -2.636920 -7.044208 0.338955
v -2.894674 -4.195651 0.189678
v -2.508899 -7.038620 0.378891
v -2.508899 -7.044208 0.364420
v -2.647550 -7.026402 0.364619
v -2.375340 -7.038620 0.352324
v -2.380878 -7.044208 0.338955
v -2.272347 -7.044208 0.266437
v -2.508899 -7.026402 0.392198
v -2.649641 -7.003321 0.369665
v -2.508899 -7.003321 0.397660
v -2.370248 -7.026402 0.364619
v -2.768955 -7.003321 0.289941
v -2.508899 -4.195652 0.447445
v -2.668693 -4.195652 0.415660
v -2.804158 -4.195652 0.325144
v -2.914669 -1.582141 0.197960
v -2.676974 -1.582141 0.435654
v -2.912632 0.787797 0.197116
v -2.819462 -1.582141 0.340447
v -2.817902 0.787796 0.338888
v -2.508899 -1.582141 0.469086
v -2.676131 0.787797 0.433617
v -2.793546 2.614996 0.314532
v -2.880809 2.614996 0.183934
v -2.662949 2.614996 0.401794
v -2.861246 3.352175 0.175831
v -2.778574 3.352175 0.299559
v -2.855409 3.374796 0.173414
v -2.774107 3.374798 0.295092
v -2.842314 3.387768 0.167989
v -2.764083 3.387769 0.285069
v -2.750076 3.392888 0.271062
v -2.654846 3.352176 0.382231
v -2.652429 3.374795 0.376395
v -2.647004 3.387769 0.363299
v -2.639423 3.392888 0.344997
v -2.508899 3.387769 0.390770
v -2.508899 3.392888 0.370960
v -2.508899 3.374796 0.404944
v -2.370795 3.387768 0.363299
v -2.378375 3.392888 0.344997
v -2.508899 3.352176 0.411262
v -2.365370 3.374798 0.376395
v -2.253715 3.387768 0.285069
v -2.267723 3.392888 0.271062
v -2.193787 3.392888 0.160409
v -2.508899 2.614996 0.432436
v -2.362953 3.352175 0.382231
v -2.243692 3.374796 0.295092
v -2.508899 0.787797 0.466881
v -2.354849 2.614996 0.401794
v -2.239225 3.352175 0.299559
v -2.341668 0.787797 0.433616
v -2.224252 2.614996 0.314532
v -2.156553 3.352176 0.175831
v -2.136990 2.614996 0.183935
v -2.199897 0.787797 0.338888
v -2.162389 3.374796 0.173414
v -2.105168 0.787797 0.197116
v -2.175485 3.387768 0.167990
v -2.133839 3.374796 0.029885
v -2.148014 3.387768 0.029885
v -2.167824 3.392889 0.029885
v -2.127522 3.352176 0.029885
v -2.162389 3.374796 -0.113644
v -2.175485 3.387768 -0.108220
v -2.193787 3.392888 -0.100639
v -2.267722 3.392888 -0.211292
v -2.106348 2.614996 0.029885
v -2.253715 3.387768 -0.225299
v -2.378375 3.392888 -0.285228
v -2.071903 0.787797 0.029885
v -2.156553 3.352175 -0.116062
v -2.136990 2.614996 -0.124165
v -2.243692 3.374795 -0.235322
v -2.239225 3.352175 -0.239790
v -2.370794 3.387768 -0.303529
v -2.365370 3.374796 -0.316625
v -2.508899 3.387768 -0.331000
v -2.508899 3.392888 -0.311191
v -2.639423 3.392889 -0.285228
v -2.362952 3.352176 -0.322462
v -2.647004 3.387768 -0.303529
v -2.750076 3.392888 -0.211292
v -2.764083 3.387768 -0.225300
v -2.508899 3.374796 -0.345175
v -2.652429 3.374796 -0.316625
v -2.774107 3.374795 -0.235323
v -2.508899 3.352176 -0.351492
v -2.654846 3.352176 -0.322462
v -2.778574 3.352175 -0.239790
v -2.508899 2.614996 -0.372667
v -2.662949 2.614996 -0.342024
v -2.793546 2.614996 -0.254762
v -2.354849 2.614996 -0.342024
v -2.508899 0.787797 -0.407111
v -2.676130 0.787797 -0.373847
v -2.817902 0.787796 -0.279118
v -2.224252 2.614996 -0.254762
v -2.341668 0.787797 -0.373847
v -2.508899 -1.582141 -0.409317
v -2.676974 -1.582141 -0.375884
v -2.819462 -1.582141 -0.280678
v -2.804158 -4.195651 -0.265375
v -2.668693 -4.195652 -0.355890
v -2.768955 -7.003321 -0.230172
v -2.649641 -7.003321 -0.309895
v -2.765093 -7.026402 -0.226310
v -2.508899 -4.195652 -0.387675
v -2.647551 -7.026402 -0.304849
v -2.755684 -7.038620 -0.216900
v -2.508899 -7.003321 -0.337890
v -2.642458 -7.038620 -0.292555
v -2.745451 -7.044208 -0.206668
v -2.636920 -7.044208 -0.279186
v -2.508899 -7.026402 -0.332428
v -2.508899 -7.038620 -0.319121
v -2.508899 -7.044208 -0.304651
v -2.380878 -7.044208 -0.279186
v -2.375340 -7.038620 -0.292555
v -2.272347 -7.044208 -0.206668
v -2.370248 -7.026402 -0.304849
v -2.262115 -7.038620 -0.216900
v -2.199829 -7.044208 -0.098136
v -2.368158 -7.003321 -0.309895
v -2.252705 -7.026402 -0.226309
v -2.186460 -7.038620 -0.103674
v -2.174364 -7.044208 0.029885
v -2.349106 -4.195652 -0.355890
v -2.248843 -7.003321 -0.230172
v -2.340824 -1.582141 -0.375884
v -2.213639 -4.195652 -0.265375
v -2.199896 0.787797 -0.279118
v -2.198337 -1.582143 -0.280678
v -2.103130 -1.582141 -0.138190
v -2.105167 0.787797 -0.137346
v -2.123124 -4.195652 -0.129909
v -2.069698 -1.582141 0.029885
v -2.169119 -7.003321 -0.110857
v -2.091339 -4.195652 0.029885
v -2.103130 -1.582143 0.197960
v -2.123124 -4.195651 0.189678
v -2.174165 -7.026402 -0.108767
v -2.141124 -7.003321 0.029885
v -2.146586 -7.026402 0.029885
v -2.159893 -7.038620 0.029885
v -2.199829 -7.044208 0.157906
v -2.174165 -7.026402 0.168536
v -2.186460 -7.038620 0.163444
v -2.262115 -7.038620 0.276669
v -2.169120 -7.003321 0.170626
v -2.252705 -7.026402 0.286079
v -2.248843 -7.003321 0.289941
v -2.368158 -7.003321 0.369665
v -2.349106 -4.195651 0.415660
v -2.213640 -4.195652 0.325144
v -2.340824 -1.582141 0.435654
v -2.198337 -1.582141 0.340447
v -2.687233 -9.123737 -0.977228
v -2.513641 -9.032745 -0.891903
v -2.513641 -9.089364 -0.977238
v -2.708878 -9.071416 -0.891796
v -2.513641 -9.004450 -0.359297
v -2.834381 -9.221608 -0.977202
v -2.719752 -9.045274 -0.359251
v -2.513641 -9.004450 0.419066
v -2.874392 -9.181543 -0.891676
v -2.984985 -9.346364 -0.891616
v -2.932685 -9.368060 -0.977175
v -2.894484 -9.161535 -0.359199
v -3.023820 -9.540780 -0.891667
v -2.967200 -9.540780 -0.977164
v -2.932684 -9.713504 -0.977175
v -3.011237 -9.335537 -0.359173
v -2.984985 -9.735199 -0.891616
v -2.834381 -9.859952 -0.977202
v -3.052234 -9.540780 -0.359195
v -2.874392 -9.900021 -0.891676
v -3.011237 -9.746027 -0.359173
v -2.708878 -10.010144 -0.891796
v -2.687233 -9.957823 -0.977228
v -2.894484 -9.920029 -0.359199
v -2.513641 -10.048816 -0.891903
v -2.513641 -9.992197 -0.977238
v -2.340049 -9.957823 -0.977228
v -2.719752 -10.036286 -0.359251
v -2.318404 -10.010144 -0.891796
v -2.192901 -9.859950 -0.977202
v -2.513640 -10.077111 -0.359297
v -2.152890 -9.900016 -0.891676
v -2.894484 -9.920029 0.418968
v -2.719752 -10.036286 0.419020
v -2.307530 -10.036286 -0.359251
v -3.011237 -9.746027 0.418942
v -2.873629 -9.899261 0.951445
v -3.052234 -9.540780 0.418964
v -2.983989 -9.734788 0.951386
v -3.011237 -9.335537 0.418942
v -2.834380 -9.859952 1.036971
v -2.894484 -9.161535 0.418968
v -2.932684 -9.713504 1.036944
v -2.719752 -9.045274 0.419020
v -3.022742 -9.540780 0.951436
v -2.967200 -9.540780 1.036933
v -2.932684 -9.368060 1.036944
v -2.983989 -9.346775 0.951386
v -2.834380 -9.221608 1.036971
v -2.873630 -9.182302 0.951445
v -2.708465 -9.072408 0.951566
v -2.687233 -9.123737 1.036997
v -2.513641 -9.033819 0.951672
v -2.513641 -9.089364 1.037008
v -2.708465 -10.009153 0.951566
v -2.687232 -9.957823 1.036997
v -2.513640 -10.077111 0.419066
v -2.513640 -10.047744 0.951672
v -2.513641 -9.992197 1.037008
v -2.340048 -9.957823 1.036998
v -2.318816 -10.009153 0.951566
v -2.192901 -9.859950 1.036972
v -2.307530 -10.036286 0.419020
v -2.153652 -9.899257 0.951445
v -2.132797 -9.920023 -0.359199
v -2.132797 -9.920023 0.418968
v -2.043293 -9.734788 0.951386
v -2.094597 -9.713504 1.036945
v -2.016045 -9.746027 0.418942
v -2.016045 -9.746027 -0.359173
v -1.975047 -9.540780 0.418964
v -2.004539 -9.540780 0.951436
v -2.060082 -9.540780 1.036933
v -2.094598 -9.368060 1.036945
v -2.043293 -9.346775 0.951386
v -2.192901 -9.221607 1.036971
v -2.016045 -9.335537 0.418942
v -2.153652 -9.182302 0.951446
v -2.318816 -9.072408 0.951566
v -2.340049 -9.123737 1.036997
v -2.513641 -9.033819 0.951672
v -2.513641 -9.089364 1.037008
v -2.513641 -9.004450 0.419066
v -2.307530 -9.045274 0.419020
v -2.132798 -9.161535 0.418968
v -2.307530 -9.045274 -0.359251
v -2.513641 -9.004450 -0.359297
v -2.132798 -9.161535 -0.359199
v -2.016045 -9.335537 -0.359173
v -2.318404 -9.071416 -0.891796
v -2.513641 -9.032745 -0.891903
v -2.152890 -9.181543 -0.891676
v -2.340049 -9.123737 -0.977228
v -2.513641 -9.089364 -0.977238
v -2.192901 -9.221607 -0.977202
v -2.042297 -9.346364 -0.891616
v -2.094598 -9.368060 -0.977175
v -1.975047 -9.540780 -0.359195
v -2.003462 -9.540780 -0.891667
v -2.060082 -9.540780 -0.977164
v -2.094597 -9.713504 -0.977175
v -2.042297 -9.735199 -0.891616
v -5.866397 5.630872 0.469791
v -5.866398 5.587120 0.029886
v -5.659401 5.431229 0.029886
v -5.659401 5.478005 0.500199
v -5.866397 5.758796 0.892954
v -5.317328 5.352854 0.029886
v -5.659401 5.614771 0.952612
v -5.866397 5.967561 1.282631
v -5.317328 5.401150 0.515487
v -3.672652 5.281526 0.029886
v -5.659401 5.837967 1.369224
v -5.866397 6.247685 1.624628
v -5.317328 5.542363 0.982605
v -3.672651 5.331206 0.529399
v -1.345146 5.281526 0.029886
v -5.317328 5.772814 1.412759
v -3.672651 5.476464 1.009901
v -1.345145 5.331206 0.529399
v 0.299532 5.401150 0.515486
v 0.299531 5.352854 0.029886
v -1.345145 5.476464 1.009901
v 0.641604 5.478005 0.500199
v 0.641604 5.431229 0.029886
v 0.848600 5.630872 0.469791
v 0.848600 5.587120 0.029885
v 0.848600 5.758796 0.892954
v 0.641604 5.614771 0.952612
v 0.848600 5.967561 1.282631
v 0.299532 5.542363 0.982605
v 0.641604 5.837967 1.369224
v 0.848600 6.247685 1.624628
v 0.299532 5.772814 1.412758
v 0.641604 6.137454 1.734861
v 0.641604 6.503090 2.034347
v 0.848600 6.589683 1.904751
v 0.299532 6.082034 1.790280
v 0.641604 6.919703 2.257543
v 0.848600 6.979361 2.113517
v 0.299532 6.459557 2.099500
v 0.299532 6.889711 2.329951
v 0.641604 7.372116 2.394309
v 0.848601 7.402523 2.241440
v 0.299532 7.356828 2.471163
v 0.641604 7.842428 2.441084
v 0.848601 7.842428 2.285191
v 0.848601 8.282334 2.241440
v 0.299532 7.842429 2.519459
v 0.641604 8.312742 2.394308
v 0.848600 8.705497 2.113516
v -1.345145 7.842429 2.590787
v 0.641604 8.765155 2.257542
v 0.848600 9.095175 1.904750
v 0.299532 8.328030 2.471163
v 0.641604 9.181767 2.034346
v 0.848600 9.437172 1.624627
v 0.299532 8.795148 2.329951
v -1.345145 8.341943 2.541107
v 0.299532 9.225302 2.099500
v -1.345145 8.822443 2.395850
v 0.641604 9.547403 1.734860
v 0.641604 9.846891 1.369223
v 0.848600 9.717296 1.282630
v 0.299532 9.602823 1.790279
v 0.641604 10.070087 0.952610
v 0.848600 9.926060 0.892953
v 0.299532 9.912045 1.412757
v 0.299532 10.142496 0.982603
v 0.641604 10.206853 0.500197
v 0.848600 10.053984 0.469790
v 0.299532 10.283708 0.515485
v 0.641604 10.253628 0.029884
v 0.848600 10.097737 0.029884
v 0.848600 10.053984 -0.410022
v 0.299531 10.332003 0.029884
v 0.641604 10.206853 -0.440429
v 0.848600 9.926060 -0.833185
v 0.641604 10.070087 -0.892842
v 0.848600 9.717295 -1.222861
v 0.299532 10.283708 -0.455716
v 0.641604 9.846891 -1.309454
v 0.848600 9.437172 -1.564859
v 0.299531 10.142496 -0.922835
v -1.345146 10.403332 0.029884
v -1.345146 10.353652 -0.469629
v 0.299532 9.912045 -1.352989
v -1.345145 10.353652 0.529397
v 0.641604 9.547403 -1.675091
v -1.345145 10.208395 1.009899
v 0.641604 9.181767 -1.974577
v 0.848600 9.095175 -1.844982
v -1.345145 9.971340 1.452378
v 0.641604 8.765153 -2.197773
v 0.848600 8.705496 -2.053747
v -1.345145 9.653260 1.840716
v 0.641604 8.312740 -2.334540
v 0.848600 8.282332 -2.181671
v -1.345145 9.264921 2.158796
v 0.641604 7.842427 -2.381315
v 0.848600 7.842427 -2.225422
v 0.848600 7.402522 -2.181671
v 0.641604 7.372114 -2.334539
v 0.848600 6.979360 -2.053747
v 0.299531 7.842427 -2.459690
v 0.641604 6.919702 -2.197773
v 0.848600 6.589682 -1.844981
v 0.299532 7.356826 -2.411394
v 0.299532 8.328027 -2.411394
v -1.345146 7.842427 -2.531018
v 0.299531 8.795147 -2.270182
v -1.345146 8.341939 -2.481338
v 0.299532 9.225301 -2.039732
v -1.345146 8.822442 -2.336081
v 0.299531 9.602822 -1.730510
v -1.345146 9.264921 -2.099028
v -3.672652 8.341939 -2.481338
v -1.345146 9.653262 -1.780947
v -3.672652 8.822442 -2.336081
v -3.672652 9.264921 -2.099027
v -1.345146 9.971340 -1.392609
v -3.672652 9.653262 -1.780947
v -1.345146 10.208395 -0.950131
v -3.672652 9.971340 -1.392609
v -5.317328 9.602822 -1.730510
v -3.672652 10.208395 -0.950131
v -5.317328 9.225301 -2.039731
v -5.317328 9.912045 -1.352988
v -5.659401 9.547403 -1.675091
v -5.317328 8.795147 -2.270182
v -5.659401 9.181767 -1.974577
v -5.659401 9.846891 -1.309454
v -5.866398 9.437172 -1.564858
v -5.866398 9.095175 -1.844981
v -5.866397 9.717295 -1.222861
v -5.659401 8.765153 -2.197773
v -5.866398 8.705496 -2.053747
v -5.317328 8.328027 -2.411393
v -5.659401 8.312740 -2.334539
v -5.866398 8.282332 -2.181670
v -3.672652 7.842427 -2.531018
v -5.317328 7.842427 -2.459690
v -5.659401 7.842427 -2.381315
v -5.866398 7.842427 -2.225422
v -5.866398 7.402522 -2.181670
v -5.659401 7.372114 -2.334539
v -5.866398 6.979360 -2.053746
v -5.317328 7.356826 -2.411393
v -5.659401 6.919702 -2.197773
v -5.866398 6.589682 -1.844981
v -3.672652 7.342913 -2.481338
v -5.317328 6.889709 -2.270181
v -5.659401 6.503089 -1.974576
v -5.866398 6.247685 -1.564857
v -1.345146 7.342913 -2.481338
v -3.672652 6.862412 -2.336080
v -5.317328 6.459554 -2.039730
v -5.659401 6.137453 -1.675090
v -5.659401 5.837966 -1.309453
v -5.866398 5.967561 -1.222860
v -5.317328 6.082033 -1.730509
v -5.659401 5.614770 -0.892840
v -5.866398 5.758795 -0.833183
v -5.317328 5.772812 -1.352987
v -5.317328 5.542361 -0.922833
v -5.659401 5.478004 -0.440427
v -5.866398 5.630872 -0.410020
v -5.659401 5.431229 0.029886
v -5.866398 5.587120 0.029886
v -5.317328 5.352854 0.029886
v -5.317328 5.401149 -0.455714
v -3.672652 5.281526 0.029886
v -3.672652 5.331205 -0.469627
v -3.672652 5.476463 -0.950129
v -1.345146 5.331205 -0.469627
v -1.345146 5.281526 0.029886
v -1.345146 5.476463 -0.950129
v -3.672652 5.713516 -1.392608
v -1.345146 5.713516 -1.392608
v 0.299531 5.542361 -0.922833
v 0.299532 5.401149 -0.455715
v 0.299531 5.352854 0.029886
v 0.299532 5.772812 -1.352987
v 0.641604 5.478004 -0.440427
v 0.641604 5.431229 0.029886
v 0.848600 5.630872 -0.410021
v 0.848600 5.587120 0.029885
v 0.848600 5.758795 -0.833183
v 0.641604 5.614770 -0.892841
v 0.848600 5.967561 -1.222860
v 0.641604 5.837966 -1.309453
v 0.848600 6.247685 -1.564858
v 0.641604 6.137453 -1.675090
v 0.299531 6.082033 -1.730510
v 0.641604 6.503089 -1.974577
v 0.299532 6.459554 -2.039731
v 0.299531 6.889709 -2.270182
v -1.345146 6.862412 -2.336081
v -1.345146 6.419934 -2.099027
v -3.672652 6.419934 -2.099027
v -3.672652 6.031596 -1.780946
v -1.345146 6.031596 -1.780946
v -2.598037 -8.935662 -0.185308
v -2.673272 -9.218723 -0.134488
v -2.673601 -8.935662 -0.134817
v -2.597857 -9.218723 -0.184879
v -2.699651 -8.935659 -0.160867
v -2.508901 -8.935662 -0.203039
v -2.508899 -9.218723 -0.202574
v -2.419941 -9.218723 -0.184879
v -2.612134 -8.935659 -0.219345
v -2.419765 -8.935662 -0.185308
v -2.344526 -9.218723 -0.134488
v -2.508899 -8.935659 -0.239880
v -2.660796 -8.833789 -0.336827
v -2.789569 -8.833789 -0.250785
v -2.405665 -8.935659 -0.219344
v -2.671731 -8.792418 -0.363227
v -2.809773 -8.792418 -0.270990
v -2.508899 -8.833789 -0.367042
v -2.676000 -8.733921 -0.373533
v -2.817661 -8.733921 -0.278878
v -2.817527 -7.232909 -0.278743
v -2.508899 -8.792418 -0.395616
v -2.675927 -7.232910 -0.373356
v -2.813453 -7.175004 -0.274669
v -2.508899 -8.733921 -0.406772
v -2.673723 -7.175004 -0.368034
v -2.802513 -7.133800 -0.263730
v -2.508899 -7.232910 -0.406581
v -2.667802 -7.133800 -0.353741
v -2.508899 -7.175004 -0.400820
v -2.637040 -7.074265 -0.279475
v -2.745673 -7.074265 -0.206889
v -2.745451 -7.044208 -0.206668
v -2.636920 -7.044208 -0.279186
v -2.508899 -7.074265 -0.304964
v -2.508899 -7.044208 -0.304651
v -2.380878 -7.044208 -0.279186
v -2.508899 -7.133800 -0.385349
v -2.380758 -7.074265 -0.279475
v -2.272347 -7.044208 -0.206668
v -2.349996 -7.133800 -0.353741
v -2.272126 -7.074265 -0.206889
v -2.199540 -7.074265 -0.098256
v -2.199829 -7.044208 -0.098136
v -2.215285 -7.133800 -0.263730
v -2.344076 -7.175005 -0.368034
v -2.174051 -7.074265 0.029885
v -2.174364 -7.044208 0.029885
v -2.199829 -7.044208 0.157906
v -2.341871 -7.232910 -0.373357
v -2.204345 -7.175007 -0.274669
v -2.341798 -8.733919 -0.373533
v -2.125273 -7.133800 -0.129018
v -2.110980 -7.175004 -0.134939
v -2.200271 -7.232910 -0.278743
v -2.105658 -7.232910 -0.137143
v -2.078195 -7.175005 0.029885
v -2.072434 -7.232910 0.029885
v -2.093666 -7.133800 0.029885
v -2.125274 -7.133799 0.188788
v -2.110981 -7.175005 0.194708
v -2.199540 -7.074265 0.158026
v -2.272347 -7.044208 0.266437
v -2.215285 -7.133800 0.323499
v -2.272126 -7.074265 0.266658
v -2.380758 -7.074265 0.339244
v -2.380878 -7.044208 0.338955
v -2.508899 -7.074265 0.364733
v -2.508899 -7.044208 0.364420
v -2.636920 -7.044208 0.338955
v -2.349997 -7.133800 0.413510
v -2.637040 -7.074265 0.339244
v -2.745451 -7.044208 0.266437
v -2.508899 -7.133800 0.445118
v -2.745673 -7.074265 0.266658
v -2.667802 -7.133800 0.413510
v -2.508899 -7.175004 0.460589
v -2.344075 -7.175005 0.427804
v -2.802513 -7.133800 0.323499
v -2.673723 -7.175004 0.427804
v -2.508899 -7.232910 0.466350
v -2.204345 -7.175005 0.334439
v -2.341871 -7.232910 0.433126
v -2.105658 -7.232910 0.196913
v -2.200272 -7.232910 0.338512
v -2.072243 -8.733921 0.029885
v -2.105482 -8.733921 0.196986
v -2.341798 -8.733919 0.433303
v -2.200137 -8.733921 0.338647
v -2.208025 -8.792418 0.330759
v -2.115788 -8.792418 0.192717
v -2.346067 -8.792418 0.422996
v -2.508899 -8.733921 0.466541
v -2.228230 -8.833790 0.310554
v -2.675927 -7.232910 0.433126
v -2.508899 -8.792418 0.455385
v -2.813453 -7.175004 0.334439
v -2.676000 -8.733921 0.433302
v -2.817527 -7.232909 0.338512
v -2.906819 -7.175005 0.194708
v -2.671731 -8.792418 0.422996
v -2.892524 -7.133801 0.188787
v -2.912141 -7.232910 0.196913
v -2.818259 -7.074265 0.158025
v -2.817969 -7.044208 0.157906
v -2.843747 -7.074265 0.029885
v -2.843435 -7.044208 0.029885
v -2.817970 -7.044208 -0.098137
v -2.924132 -7.133802 0.029885
v -2.818259 -7.074265 -0.098256
v -2.745451 -7.044208 -0.206668
v -2.745673 -7.074265 -0.206889
v -2.892525 -7.133799 -0.129018
v -2.802513 -7.133800 -0.263730
v -2.939604 -7.175004 0.029885
v -2.906819 -7.175005 -0.134939
v -2.813453 -7.175004 -0.274669
v -2.945365 -7.232910 0.029885
v -2.912141 -7.232910 -0.137144
v -2.817527 -7.232909 -0.278743
v -2.945555 -8.733921 0.029885
v -2.912317 -8.733919 -0.137217
v -2.817661 -8.733921 -0.278878
v -2.809773 -8.792418 -0.270990
v -2.902010 -8.792418 -0.132947
v -2.789569 -8.833789 -0.250785
v -2.912317 -8.733919 0.196986
v -2.875611 -8.833790 -0.122012
v -2.699651 -8.935659 -0.160867
v -2.934399 -8.792418 0.029885
v -2.902010 -8.792418 0.192717
v -2.817661 -8.733921 0.338647
v -2.809773 -8.792418 0.330759
v -2.789569 -8.833789 0.310554
v -2.875611 -8.833790 0.181782
v -2.905825 -8.833790 0.029885
v -2.778664 -8.935659 0.029885
v -2.758128 -8.935659 0.133119
v -2.758128 -8.935659 -0.073349
v -2.741823 -8.935662 0.029884
v -2.724092 -8.935662 -0.059251
v -2.673601 -8.935662 -0.134817
v -2.673272 -9.218723 -0.134488
v -2.723662 -9.218723 -0.059073
v -2.741358 -9.218723 0.029885
v -2.723662 -9.218723 0.118843
v -2.724092 -8.935662 0.119020
v -2.673272 -9.218723 0.194257
v -2.673601 -8.935662 0.194586
v -2.699651 -8.935659 0.220636
v -2.598037 -8.935662 0.245078
v -2.597857 -9.218723 0.244648
v -2.660796 -8.833789 0.396597
v -2.612133 -8.935659 0.279114
v -2.508901 -8.935662 0.262808
v -2.508899 -9.218723 0.262343
v -2.419941 -9.218723 0.244648
v -2.508899 -8.935659 0.299649
v -2.419765 -8.935662 0.245078
v -2.344526 -9.218723 0.194257
v -2.508899 -8.833789 0.426811
v -2.357002 -8.833790 0.396597
v -2.405665 -8.935659 0.279114
v -2.344199 -8.935662 0.194586
v -2.318148 -8.935659 0.220636
v -2.293708 -8.935662 0.119020
v -2.294136 -9.218723 0.118843
v -2.259670 -8.935659 0.133119
v -2.275977 -8.935662 0.029885
v -2.276441 -9.218723 0.029885
v -2.294136 -9.218723 -0.059073
v -2.142187 -8.833789 0.181782
v -2.239135 -8.935659 0.029885
v -2.293708 -8.935662 -0.059251
v -2.259670 -8.935659 -0.073349
v -2.344199 -8.935662 -0.134817
v -2.318147 -8.935659 -0.160867
v -2.357002 -8.833790 -0.336827
v -2.228230 -8.833790 -0.250784
v -2.346067 -8.792418 -0.363227
v -2.142187 -8.833789 -0.122012
v -2.208025 -8.792418 -0.270990
v -2.111973 -8.833789 0.029885
v -2.200136 -8.733919 -0.278878
v -2.083398 -8.792418 0.029885
v -2.115788 -8.792418 -0.132947
v -2.105481 -8.733921 -0.137216
v -2.932684 -9.713504 1.036944
v -2.876096 -9.540780 1.055395
v -2.967200 -9.540780 1.036933
v -2.932684 -9.368060 1.036944
v -2.848506 -9.678902 1.055395
v -2.834380 -9.859952 1.036971
v -2.848506 -9.402659 1.055395
v -2.834380 -9.221608 1.036971
v -2.769936 -9.796000 1.055395
v -2.687232 -9.957823 1.036997
v -2.769936 -9.285563 1.055395
v -2.687233 -9.123737 1.036997
v -2.652346 -9.874240 1.055395
v -2.513641 -9.992197 1.037008
v -2.652347 -9.207322 1.055395
v -2.513641 -9.089364 1.037008
v -2.753799 -9.441721 1.042361
v -2.697450 -9.357743 1.042361
v -2.513641 -9.179847 1.055395
v -2.613118 -9.301629 1.042361
v -2.696369 -9.358818 1.181095
v -2.773587 -9.540780 1.042361
v -2.752387 -9.442305 1.181095
v -2.753799 -9.639839 1.042361
v -2.772058 -9.540780 1.181095
v -2.697450 -9.723821 1.042361
v -2.752387 -9.639257 1.181095
v -2.696369 -9.722741 1.181095
v -2.613118 -9.779933 1.042361
v -2.708088 -9.540780 1.230424
v -2.693286 -9.614882 1.230424
v -2.693286 -9.466681 1.230424
v -2.651136 -9.677699 1.230424
v -2.651136 -9.403863 1.230424
v -2.612533 -9.778523 1.181095
v -2.333995 -9.614881 1.230424
v -2.333995 -9.466681 1.230424
v -2.319194 -9.540780 1.230424
v -2.376146 -9.677699 1.230424
v -2.274895 -9.442305 1.181095
v -2.588052 -9.719672 1.230424
v -2.274895 -9.639256 1.181095
v -2.513640 -9.798111 1.181095
v -2.255224 -9.540780 1.181095
v -2.513641 -9.734411 1.230424
v -2.439229 -9.719672 1.230424
v -2.414749 -9.778523 1.181095
v -2.513640 -9.799634 1.042361
v -2.330913 -9.722741 1.181095
v -2.414164 -9.779933 1.042361
v -2.513640 -9.901714 1.055395
v -2.374935 -9.874240 1.055395
v -2.340048 -9.957823 1.036998
v -2.329831 -9.723821 1.042361
v -2.257346 -9.796000 1.055395
v -2.192901 -9.859950 1.036972
v -2.273482 -9.639839 1.042361
v -2.178776 -9.678902 1.055395
v -2.094597 -9.713504 1.036945
v -2.253695 -9.540780 1.042361
v -2.151186 -9.540780 1.055395
v -2.060082 -9.540780 1.036933
v -2.094598 -9.368060 1.036945
v -2.178776 -9.402658 1.055395
v -2.192901 -9.221607 1.036971
v -2.273482 -9.441719 1.042361
v -2.257346 -9.285563 1.055395
v -2.340049 -9.123737 1.036997
v -2.330913 -9.358818 1.181095
v -2.329831 -9.357743 1.042361
v -2.374935 -9.207322 1.055395
v -2.414164 -9.301629 1.042361
v -2.513641 -9.281927 1.042361
v -2.414749 -9.303039 1.181095
v -2.376146 -9.403863 1.230424
v -2.439229 -9.361890 1.230424
v -2.513640 -9.283449 1.181095
v -2.612533 -9.303039 1.181096
v -2.513641 -9.347147 1.230424
v -2.588053 -9.361890 1.230424
v -2.151186 -9.540780 -0.995626
v -2.094598 -9.368060 -0.977175
v -2.060082 -9.540780 -0.977164
v -2.094597 -9.713504 -0.977175
v -2.178776 -9.402658 -0.995626
v -2.192901 -9.221607 -0.977202
v -2.178776 -9.678902 -0.995626
v -2.192901 -9.859950 -0.977202
v -2.257346 -9.285563 -0.995626
v -2.340049 -9.123737 -0.977228
v -2.253695 -9.540780 -0.982591
v -2.273483 -9.441719 -0.982591
v -2.374935 -9.207322 -0.995626
v -2.513641 -9.089364 -0.977238
v -2.329832 -9.357743 -0.982591
v -2.513641 -9.179847 -0.995626
v -2.414164 -9.301629 -0.982591
v -2.330913 -9.358818 -1.121325
v -2.652347 -9.207322 -0.995625
v -2.687233 -9.123737 -0.977228
v -2.513641 -9.281927 -0.982591
v -2.769936 -9.285563 -0.995625
v -2.834381 -9.221608 -0.977202
v -2.613118 -9.301629 -0.982591
v -2.697451 -9.357743 -0.982591
v -2.848506 -9.402659 -0.995626
v -2.932685 -9.368060 -0.977175
v -2.753800 -9.441721 -0.982591
v -2.696370 -9.358818 -1.121325
v -2.876097 -9.540780 -0.995626
v -2.967200 -9.540780 -0.977164
v -2.932684 -9.713504 -0.977175
v -2.773587 -9.540780 -0.982591
v -2.848506 -9.678902 -0.995626
v -2.834381 -9.859952 -0.977202
v -2.752387 -9.442305 -1.121325
v -2.769936 -9.796000 -0.995626
v -2.687233 -9.957823 -0.977228
v -2.753800 -9.639839 -0.982591
v -2.652347 -9.874240 -0.995626
v -2.513641 -9.992197 -0.977238
v -2.697451 -9.723821 -0.982591
v -2.752387 -9.639257 -1.121325
v -2.696370 -9.722741 -1.121325
v -2.613118 -9.779933 -0.982591
v -2.772058 -9.540780 -1.121325
v -2.708088 -9.540780 -1.170654
v -2.693287 -9.614882 -1.170654
v -2.693287 -9.466681 -1.170654
v -2.651136 -9.677699 -1.170654
v -2.651136 -9.403863 -1.170654
v -2.612533 -9.778523 -1.121325
v -2.333996 -9.614881 -1.170654
v -2.333996 -9.466681 -1.170654
v -2.319194 -9.540780 -1.170654
v -2.376146 -9.677699 -1.170654
v -2.274895 -9.442305 -1.121325
v -2.588053 -9.719672 -1.170654
v -2.255224 -9.540780 -1.121325
v -2.274895 -9.639256 -1.121326
v -2.273482 -9.639839 -0.982591
v -2.376146 -9.403863 -1.170654
v -2.414749 -9.303039 -1.121325
v -2.439229 -9.361890 -1.170654
v -2.513641 -9.283449 -1.121325
v -2.612533 -9.303039 -1.121326
v -2.588053 -9.361890 -1.170654
v -2.513641 -9.347147 -1.170654
v -2.257346 -9.796000 -0.995626
v -2.340049 -9.957823 -0.977228
v -2.329832 -9.723821 -0.982591
v -2.374935 -9.874240 -0.995626
v -2.330913 -9.722741 -1.121325
v -2.414164 -9.779933 -0.982591
v -2.513641 -9.901714 -0.995626
v -2.414749 -9.778523 -1.121325
v -2.513641 -9.799634 -0.982591
v -2.439229 -9.719672 -1.170654
v -2.513641 -9.798111 -1.121325
v -2.513641 -9.734411 -1.170654
v -6.101358 7.663645 1.845273
v -5.866397 7.402523 2.241441
v -5.866397 7.842428 2.285191
v -5.866397 8.282334 2.241440
v -6.101358 6.982535 1.638669
v -5.866397 6.979361 2.113518
v -5.866397 6.589683 1.904752
v -6.101358 8.371972 1.775502
v -5.866397 8.705497 2.113517
v -5.866397 9.095175 1.904751
v -6.234376 7.722543 1.247209
v -6.101358 6.432334 1.187140
v -5.866397 6.247685 1.624628
v -5.866397 5.967561 1.282631
v -6.101358 8.999683 1.439978
v -5.866397 9.437172 1.624627
v -5.866397 9.717296 1.282630
v -6.234376 8.197519 1.200423
v -6.101358 9.451211 0.889779
v -5.866397 9.926060 0.892953
v -5.866397 10.053984 0.469791
v -6.234376 8.618435 0.975434
v -6.101358 9.657818 0.208668
v -5.866398 10.097737 0.029885
v -5.866398 10.053984 -0.410021
v -6.234376 8.921212 0.606494
v -6.101358 9.588046 -0.499661
v -5.866398 9.926060 -0.833184
v -5.866397 9.717295 -1.222861
v -6.234377 9.059754 0.149770
v -6.234377 9.012969 -0.325206
v -6.101358 9.252522 -1.127370
v -5.866398 9.437172 -1.564858
v -5.866398 9.095175 -1.844981
v -6.296494 8.362643 -0.124126
v -6.101358 8.702321 -1.578898
v -5.866398 8.705496 -2.053747
v -5.866398 8.282332 -2.181670
v -6.234376 8.787978 -0.746122
v -6.296494 8.264108 -0.311480
v -6.296494 8.381984 0.086675
v -6.317898 7.842427 0.029885
v -6.296494 8.319179 0.288830
v -6.296494 8.183794 0.451563
v -6.296494 7.996440 0.550100
v -6.296494 7.785637 0.569438
v -6.234376 7.265819 1.108667
v -6.296494 7.583482 0.506634
v -6.234377 6.896878 0.805892
v -6.296494 7.420750 0.371250
v -6.234377 6.671888 0.384976
v -6.101358 6.096808 0.559430
v -5.866397 5.758796 0.892954
v -5.866397 5.630872 0.469791
v -6.296494 7.322212 0.183896
v -6.101358 6.027038 -0.148898
v -5.866398 5.587120 0.029886
v -5.866398 5.630872 -0.410020
v -6.234377 6.625102 -0.090000
v -6.296494 7.302873 -0.026905
v -6.234377 6.763644 -0.546724
v -6.101358 6.233643 -0.830009
v -5.866398 5.758795 -0.833183
v -5.866398 5.967561 -1.222860
v -6.296494 7.365678 -0.229060
v -6.101358 6.685173 -1.380208
v -5.866398 6.247685 -1.564857
v -5.866398 6.589682 -1.844981
v -6.234376 7.066422 -0.915664
v -6.296494 7.501062 -0.391793
v -6.234376 7.487336 -1.140653
v -6.101358 7.312884 -1.715732
v -5.866398 6.979360 -2.053746
v -5.866398 7.402522 -2.181670
v -6.296494 7.688416 -0.490330
v -6.234376 7.962314 -1.187439
v -6.101358 8.021211 -1.785503
v -5.866398 7.842427 -2.225422
v -6.296494 7.899218 -0.509668
v -6.234376 8.419037 -1.048898
v -6.296494 8.101375 -0.446864
v -1.345145 7.342917 2.541108
v -1.345145 6.862413 2.395851
v -3.672651 7.842429 2.590787
v -1.345145 6.419937 2.158797
v -3.672651 7.342917 2.541108
v -3.672651 6.862413 2.395851
v -1.345145 6.031598 1.840717
v -3.672651 6.419937 2.158797
v -1.345145 5.713519 1.452379
v -3.672651 6.031598 1.840717
v -3.672651 5.713519 1.452379
v -5.317327 6.082034 1.790280
v -5.659401 6.137454 1.734861
v -5.317327 6.459557 2.099501
v -5.659401 6.503090 2.034347
v -5.866397 6.589683 1.904752
v -5.317327 6.889711 2.329952
v -5.659401 6.919703 2.257543
v -5.866397 6.979361 2.113518
v -5.317327 7.356828 2.471163
v -5.659401 7.372116 2.394309
v -5.866397 7.402523 2.241441
v -5.317327 7.842429 2.519459
v -5.659401 7.842428 2.441084
v -5.866397 7.842428 2.285191
v -5.866397 8.282334 2.241440
v -5.659401 8.312742 2.394309
v -5.866397 8.705497 2.113517
v -5.317327 8.328030 2.471163
v -5.659401 8.765155 2.257543
v -5.866397 9.095175 1.904751
v -3.672651 8.341943 2.541108
v -5.317327 8.795148 2.329952
v -5.659401 9.181767 2.034346
v -5.866397 9.437172 1.624627
v -3.672651 8.822443 2.395851
v -5.317327 9.225302 2.099501
v -3.672651 9.264921 2.158797
v -5.659401 9.547403 1.734860
v -3.672651 9.653260 1.840716
v -5.317327 9.602823 1.790279
v -3.672651 9.971340 1.452378
v -5.317328 9.912045 1.412758
v -3.672651 10.208395 1.009899
v -5.659401 9.846891 1.369223
v -5.866397 9.717296 1.282630
v -5.317328 10.142496 0.982603
v -3.672651 10.353652 0.529398
v -5.659401 10.070087 0.952611
v -5.866397 9.926060 0.892953
v -5.317328 10.283708 0.515485
v -3.672652 10.403332 0.029884
v -5.659401 10.206853 0.500198
v -5.866397 10.053984 0.469791
v -5.317328 10.332003 0.029884
v -5.659401 10.253628 0.029885
v -5.866398 10.097737 0.029885
v -5.866398 10.053984 -0.410021
v -5.659401 10.206853 -0.440429
v -5.866398 9.926060 -0.833184
v -5.317328 10.283708 -0.455716
v -5.659401 10.070087 -0.892842
v -3.672652 10.353652 -0.469629
v -5.317328 10.142496 -0.922834
v 1.083562 9.588046 -0.499661
v 0.848600 9.717295 -1.222861
v 0.848600 9.926060 -0.833185
v 0.848600 10.053984 -0.410022
v 1.083561 9.252522 -1.127371
v 0.848600 9.437172 -1.564859
v 0.848600 9.095175 -1.844982
v 1.083562 9.657818 0.208668
v 0.848600 10.097737 0.029884
v 0.848600 10.053984 0.469790
v 1.216580 9.012969 -0.325207
v 1.083561 8.702321 -1.578899
v 0.848600 8.705496 -2.053747
v 0.848600 8.282332 -2.181671
v 1.216579 8.787978 -0.746123
v 1.083561 8.021211 -1.785504
v 0.848600 7.842427 -2.225422
v 0.848600 7.402522 -2.181671
v 1.216579 8.419037 -1.048898
v 1.083561 7.312884 -1.715733
v 0.848600 6.979360 -2.053747
v 0.848600 6.589682 -1.844981
v 1.216579 7.962314 -1.187439
v 1.083561 6.685173 -1.380208
v 0.848600 6.247685 -1.564858
v 0.848600 5.967561 -1.222860
v 1.216579 7.487336 -1.140654
v 1.278697 7.899218 -0.509669
v 1.278697 7.688416 -0.490330
v 1.278697 8.101375 -0.446865
v 1.300101 7.842427 0.029884
v 1.278697 8.264108 -0.311481
v 1.278697 7.501062 -0.391794
v 1.278697 8.362643 -0.124127
v 1.216579 7.066422 -0.915665
v 1.278697 7.365678 -0.229061
v 1.216580 6.763644 -0.546724
v 1.083562 6.233643 -0.830009
v 0.848600 5.758795 -0.833183
v 0.848600 5.630872 -0.410021
v 1.278697 7.302873 -0.026906
v 1.083562 6.027038 -0.148899
v 0.848600 5.587120 0.029885
v 0.848600 5.630872 0.469791
v 1.216580 6.625102 -0.090000
v 1.278697 7.322212 0.183895
v 1.216580 6.671888 0.384975
v 1.083562 6.096808 0.559430
v 0.848600 5.758796 0.892954
v 0.848600 5.967561 1.282631
v 1.083562 6.432334 1.187140
v 0.848600 6.247685 1.624628
v 0.848600 6.589683 1.904751
v 1.278697 7.420750 0.371249
v 1.216580 6.896878 0.805891
v 1.083562 6.982535 1.638668
v 0.848600 6.979361 2.113517
v 0.848601 7.402523 2.241440
v 1.216580 7.265819 1.108667
v 1.278697 7.583482 0.506634
v 1.278697 7.785637 0.569438
v 1.216580 7.722543 1.247208
v 1.083562 7.663645 1.845273
v 0.848601 7.842428 2.285191
v 0.848601 8.282334 2.241440
v 1.083562 8.371972 1.775502
v 0.848600 8.705497 2.113516
v 0.848600 9.095175 1.904750
v 1.278697 7.996440 0.550099
v 1.216580 8.197519 1.200423
v 1.083562 8.999683 1.439977
v 0.848600 9.437172 1.624627
v 0.848600 9.717296 1.282630
v 1.278697 8.183794 0.451563
v 1.216580 8.618435 0.975434
v 1.083561 9.451211 0.889778
v 0.848600 9.926060 0.892953
v 1.278697 8.319179 0.288830
v 1.216580 8.921212 0.606493
v 1.216580 9.059754 0.149769
v 1.278697 8.381984 0.086674
vn -0.6812 -0.2874 -0.6733
vn -0.6757 -0.3122 -0.6678
vn -0.8878 -0.2880 -0.3591
vn -0.8798 -0.3117 -0.3590
vn -0.6304 -0.4639 -0.6224
vn -0.9577 -0.2877 0.0039
vn -0.8223 -0.4604 -0.3344
vn -0.3509 -0.8713 -0.3430
vn -0.9510 -0.3092 0.0039
vn -0.8773 -0.3108 0.3658
vn -0.8852 -0.2872 0.3659
vn -0.8872 -0.4614 0.0039
vn -0.4536 -0.8717 -0.1854
vn -0.5800 -0.5800 -0.5721
vn -0.7549 -0.5810 -0.3043
vn -0.8153 -0.5790 0.0039
vn -0.4923 -0.8704 0.0039
vn -0.4529 -0.8704 0.1930
vn -0.7531 -0.5795 0.3115
vn -0.8201 -0.4591 0.3414
vn -0.3499 -0.8690 0.3499
vn -0.5774 -0.5774 0.5773
vn -0.6273 -0.4616 0.6273
vn -0.1930 -0.8704 0.4529
vn -0.3115 -0.5796 0.7530
vn -0.3414 -0.4591 0.8201
vn -0.6721 -0.3106 0.6721
vn -0.6776 -0.2859 0.6776
vn -0.3659 -0.2872 0.8852
vn -0.3658 -0.3108 0.8773
vn -0.0039 -0.2877 0.9577
vn -0.0039 -0.3092 0.9510
vn -0.0039 -0.4614 0.8872
vn -0.0039 -0.8704 0.4923
vn -0.0039 -0.5790 0.8153
vn 0.1854 -0.8717 0.4536
vn 0.3043 -0.5810 0.7549
vn 0.5721 -0.5800 0.5800
vn 0.3344 -0.4604 0.8223
vn 0.3430 -0.8713 0.3509
vn 0.7496 -0.5830 0.3133
vn 0.3590 -0.3117 0.8798
vn 0.3591 -0.2880 0.8878
vn 0.6225 -0.4639 0.6304
vn 0.6678 -0.3122 0.6757
vn 0.6733 -0.2874 0.6812
vn 0.8835 -0.2893 0.3684
vn 0.8754 -0.3129 0.3684
vn 0.9571 -0.2899 0.0040
vn 0.8176 -0.4621 0.3436
vn 0.9502 -0.3115 0.0039
vn 0.4466 -0.8735 0.1937
vn 0.8127 -0.5827 0.0040
vn 0.8855 -0.4646 0.0039
vn 0.4863 -0.8738 0.0040
vn 0.4473 -0.8748 -0.1860
vn 0.7515 -0.5845 -0.3061
vn 0.8198 -0.4633 -0.3366
vn 0.3438 -0.8739 -0.3438
vn 0.5747 -0.5826 -0.5747
vn 0.8780 -0.3138 -0.3615
vn 0.8861 -0.2901 -0.3616
vn 0.6255 -0.4662 -0.6255
vn 0.6714 -0.3138 -0.6714
vn 0.6769 -0.2890 -0.6769
vn 0.3616 -0.2901 -0.8861
vn 0.3615 -0.3138 -0.8780
vn -0.0040 -0.2899 -0.9571
vn 0.3366 -0.4634 -0.8197
vn -0.0039 -0.3115 -0.9502
vn -0.3684 -0.3129 -0.8754
vn -0.3685 -0.2892 -0.8835
vn -0.6812 -0.2875 -0.6733
vn -0.6303 -0.4639 -0.6225
vn -0.3436 -0.4621 -0.8176
vn -0.0040 -0.4646 -0.8855
vn -0.1937 -0.8735 -0.4466
vn -0.3133 -0.5830 -0.7496
vn -0.5761 -0.5800 -0.5760
vn -0.0040 -0.8738 -0.4863
vn -0.0040 -0.5827 -0.8127
vn 0.1860 -0.8748 -0.4473
vn 0.3062 -0.5845 -0.7514
vn -0.6191 -0.4930 -0.6113
vn -0.2945 0.6558 -0.6951
vn -0.5378 0.6557 -0.5300
vn -0.3358 -0.4939 -0.8021
vn -0.5637 -0.6110 -0.5558
vn -0.0039 0.6583 -0.7528
vn -0.3057 -0.6154 -0.7265
vn -0.0040 -0.4957 -0.8685
vn 0.3288 -0.4952 -0.8041
vn 0.2873 0.6574 -0.6967
vn -0.0040 -0.6145 -0.7889
vn -0.3747 -0.2406 -0.8954
vn -0.6902 -0.2406 -0.6824
vn -0.0040 -0.2416 -0.9704
vn 0.2984 -0.6169 -0.7283
vn 0.6142 -0.4954 -0.6142
vn 0.5322 0.6584 -0.5322
vn 0.6966 0.6574 -0.2873
vn 0.3679 -0.2413 -0.8980
vn 0.8042 -0.4952 -0.3288
vn 0.7528 0.6583 0.0039
vn 0.5583 -0.6137 -0.5583
vn 0.7283 -0.6169 -0.2985
vn 0.8685 -0.4957 0.0040
vn 0.8021 -0.4939 0.3358
vn 0.6951 0.6558 0.2945
vn 0.7889 -0.6145 0.0040
vn 0.6113 -0.4930 0.6191
vn 0.5300 0.6557 0.5378
vn 0.2857 0.6538 0.7007
vn 0.7265 -0.6154 0.3057
vn 0.9704 -0.2416 0.0039
vn 0.3267 -0.4920 0.8069
vn -0.0039 0.6544 0.7562
vn 0.5558 -0.6110 0.5637
vn 0.8954 -0.2406 0.3747
vn 0.8980 -0.2413 -0.3679
vn 0.9990 -0.0435 0.0039
vn 0.6861 -0.2418 -0.6861
vn 0.9223 -0.0436 -0.3840
vn 0.3840 -0.0436 -0.9223
vn 0.7064 -0.0434 -0.7064
vn 0.7062 0.0513 -0.7062
vn 0.9220 0.0514 -0.3838
vn 0.3838 0.0515 -0.9220
vn -0.0040 -0.0434 -0.9990
vn 0.6820 0.2641 -0.6820
vn -0.3907 -0.0434 -0.9195
vn -0.7103 -0.0432 -0.7026
vn -0.7101 0.0510 -0.7023
vn -0.3905 0.0513 -0.9192
vn -0.6862 0.2627 -0.6784
vn -0.0039 0.0513 -0.9987
vn -0.3751 0.2646 -0.8884
vn -0.5799 -0.5799 -0.5721
vn 0.3683 0.2653 -0.8910
vn -0.0039 0.2638 -0.9646
vn -0.0039 -0.5827 -0.8127
vn 0.8910 0.2653 -0.3683
vn 0.7515 -0.5844 -0.3061
vn 0.9987 0.0513 0.0039
vn 0.9646 0.2638 0.0039
vn 0.7496 -0.5830 0.3134
vn 0.8884 0.2646 0.3751
vn 0.5720 -0.5800 0.5800
vn 0.9192 0.0513 0.3905
vn 0.6783 0.2627 0.6862
vn 0.9195 -0.0434 0.3907
vn 0.7023 0.0510 0.7101
vn 0.3657 0.2635 0.8927
vn 0.3811 0.0510 0.9231
vn 0.7025 -0.0432 0.7104
vn 0.6824 -0.2406 0.6903
vn 0.3812 -0.0433 0.9235
vn 0.3653 -0.2396 0.8995
vn 0.2968 -0.6133 0.7320
vn -0.0039 -0.0431 0.9991
vn -0.0039 -0.2398 0.9708
vn -0.0039 -0.6107 0.7919
vn -0.0039 -0.4923 0.8704
vn -0.3039 -0.6119 0.7302
vn -0.3337 -0.4908 0.8049
vn -0.2929 0.6523 0.6991
vn -0.3721 -0.2390 0.8969
vn -0.5612 -0.6083 0.5612
vn -0.6162 -0.4906 0.6162
vn -0.5356 0.6529 0.5356
vn -0.6991 0.6523 0.2929
vn -0.8049 -0.4908 0.3337
vn -0.7562 0.6544 0.0039
vn -0.7302 -0.6119 0.3039
vn -0.8704 -0.4923 0.0039
vn -0.8070 -0.4920 -0.3267
vn -0.7007 0.6538 -0.2857
vn -0.6192 -0.4929 -0.6113
vn -0.5378 0.6556 -0.5300
vn -0.7320 -0.6133 -0.2967
vn -0.7919 -0.6107 0.0039
vn -0.9708 -0.2398 0.0039
vn -0.8995 -0.2396 -0.3653
vn -0.6903 -0.2406 -0.6823
vn -0.8969 -0.2389 0.3721
vn -0.9235 -0.0432 -0.3812
vn -0.7104 -0.0432 -0.7025
vn -0.7101 0.0510 -0.7022
vn -0.9991 -0.0431 0.0039
vn -0.9231 0.0511 -0.3811
vn -0.6862 0.2627 -0.6783
vn -0.6866 -0.2393 0.6866
vn -0.8927 0.2635 -0.3657
vn -0.7549 -0.5810 -0.3044
vn -0.9987 0.0509 0.0039
vn -0.9651 0.2618 0.0038
vn -0.7531 -0.5796 0.3115
vn -0.8901 0.2627 0.3724
vn -0.5774 -0.5773 0.5773
vn -0.9204 0.0509 0.3877
vn -0.6825 0.2615 0.6825
vn -0.9207 -0.0431 0.3879
vn -0.7062 0.0504 0.7062
vn -0.7065 -0.0430 0.7065
vn -0.3879 -0.0431 0.9207
vn -0.3877 0.0509 0.9204
vn -0.0039 0.0509 0.9987
vn -0.3725 0.2627 0.8901
vn -0.0039 0.2618 0.9651
vn -0.0040 -0.5790 0.8153
vn -0.7007 0.6537 -0.2858
vn -0.3568 0.8665 -0.3490
vn -0.4660 0.8654 -0.1840
vn -0.7562 0.6543 0.0039
vn -0.6099 0.5154 -0.6020
vn -0.4982 0.8670 0.0039
vn -0.6991 0.6522 0.2929
vn -0.7947 0.5128 -0.3249
vn -0.9151 0.1532 -0.3731
vn -0.7027 0.1531 -0.6948
vn -0.8582 0.5133 0.0039
vn -0.9240 0.0275 -0.3814
vn -0.7108 0.0275 -0.7029
vn -0.9883 0.1523 0.0039
vn -0.9996 0.0274 0.0039
vn -0.9243 0.0117 -0.3816
vn -0.7110 0.0118 -0.7031
vn -0.9999 0.0118 0.0039
vn -0.9243 0.0039 -0.3815
vn -0.7110 0.0039 -0.7031
vn -0.7110 -0.0118 -0.7031
vn -1.0000 0.0039 0.0039
vn -0.9243 -0.0118 -0.3816
vn -0.7058 -0.1222 -0.6978
vn -0.9190 -0.1223 -0.3748
vn -0.6216 -0.4870 -0.6136
vn -0.9999 -0.0118 0.0039
vn -0.8101 -0.4860 -0.3280
vn -0.3896 -0.8382 -0.3817
vn -0.9926 -0.1216 0.0039
vn -0.5075 -0.8380 -0.2007
vn -0.5719 -0.5956 -0.5641
vn -0.7445 -0.5948 -0.3033
vn -0.5465 -0.8375 0.0039
vn -0.8052 -0.5930 0.0039
vn -0.8756 -0.4830 0.0039
vn -0.5067 -0.8366 0.2082
vn -0.7427 -0.5933 0.3105
vn -0.5694 -0.5930 0.5694
vn -0.8079 -0.4848 0.3350
vn -0.9163 -0.1219 0.3814
vn -0.6185 -0.4846 0.6185
vn -0.3884 -0.8356 0.3884
vn -0.2082 -0.8366 0.5067
vn -0.3105 -0.5933 0.7427
vn -0.9215 -0.0118 0.3882
vn -0.0039 -0.8374 0.5465
vn -0.0039 -0.5930 0.8052
vn -0.3350 -0.4848 0.8079
vn 0.2006 -0.8380 0.5075
vn 0.3033 -0.5948 0.7445
vn 0.5641 -0.5956 0.5719
vn -0.0039 -0.4830 0.8756
vn -0.3814 -0.1219 0.9163
vn -0.0039 -0.1216 0.9926
vn 0.3280 -0.4860 0.8100
vn -0.7019 -0.1216 0.7019
vn -0.0039 -0.0118 0.9999
vn -0.3882 -0.0118 0.9215
vn -0.7071 -0.0117 0.7071
vn -0.9216 0.0039 0.3882
vn -0.3882 0.0039 0.9216
vn -0.9215 0.0118 0.3882
vn -0.7071 0.0039 0.7071
vn -0.7071 0.0116 0.7071
vn -0.0039 0.0039 1.0000
vn -0.3882 0.0118 0.9215
vn -0.7068 0.0273 0.7068
vn -0.9212 0.0274 0.3881
vn -0.3881 0.0274 0.9212
vn -0.9124 0.1527 0.3798
vn -0.6989 0.1522 0.6989
vn -0.7926 0.5115 0.3319
vn -0.6070 0.5130 0.6070
vn -0.4653 0.8642 0.1916
vn -0.3558 0.8642 0.3558
vn -0.3798 0.1527 0.9124
vn -0.3319 0.5115 0.7926
vn -0.1916 0.8642 0.4653
vn -0.2929 0.6522 0.6991
vn -0.0039 0.8670 0.4983
vn -0.0039 0.6543 0.7562
vn -0.0039 0.5133 0.8582
vn 0.1840 0.8654 0.4660
vn 0.2858 0.6537 0.7007
vn -0.0039 0.1523 0.9883
vn 0.3249 0.5128 0.7946
vn 0.3490 0.8665 0.3568
vn 0.5300 0.6556 0.5379
vn 0.6951 0.6558 0.2946
vn -0.0039 0.0274 0.9996
vn 0.3731 0.1532 0.9151
vn 0.6020 0.5154 0.6099
vn -0.0039 0.0118 0.9999
vn 0.3814 0.0275 0.9240
vn 0.6948 0.1531 0.7027
vn 0.3816 0.0117 0.9243
vn 0.7029 0.0275 0.7108
vn 0.9110 0.1538 0.3825
vn 0.9200 0.0276 0.3909
vn 0.7031 0.0118 0.7110
vn 0.7897 0.5147 0.3339
vn 0.9203 0.0119 0.3910
vn 0.4592 0.8673 0.1923
vn 0.8561 0.5168 0.0040
vn 0.4923 0.8704 0.0039
vn 0.7528 0.6582 0.0039
vn 0.9881 0.1535 0.0039
vn 0.7917 0.5160 -0.3269
vn 0.4598 0.8686 -0.1847
vn 0.6967 0.6573 -0.2874
vn 0.9996 0.0277 0.0040
vn 0.3499 0.8690 -0.3499
vn 0.2873 0.6573 -0.6967
vn 0.9999 0.0119 0.0040
vn 0.9138 0.1543 -0.3758
vn 0.9228 0.0277 -0.3842
vn 0.6049 0.5179 -0.6049
vn 0.6987 0.1539 -0.6987
vn 0.1847 0.8686 -0.4598
vn 0.3269 0.5160 -0.7917
vn -0.0039 0.8704 -0.4923
vn -0.0040 0.6582 -0.7528
vn -0.2946 0.6558 -0.6951
vn 0.3758 0.1542 -0.9138
vn -0.1923 0.8673 -0.4591
vn -0.5379 0.6556 -0.5300
vn -0.0039 0.5168 -0.8561
vn -0.3339 0.5147 -0.7897
vn -0.6098 0.5154 -0.6020
vn -0.0039 0.1535 -0.9881
vn -0.3825 0.1538 -0.9111
vn -0.7027 0.1531 -0.6949
vn -0.0040 0.0277 -0.9996
vn -0.3909 0.0276 -0.9200
vn -0.7107 0.0275 -0.7029
vn 0.3842 0.0277 -0.9228
vn -0.0040 0.0119 -0.9999
vn -0.3910 0.0119 -0.9203
vn -0.7109 0.0118 -0.7032
vn 0.7068 0.0276 -0.7068
vn 0.3843 0.0119 -0.9231
vn -0.0040 0.0040 -1.0000
vn -0.3910 0.0039 -0.9204
vn -0.7110 0.0039 -0.7032
vn -0.7109 -0.0118 -0.7032
vn -0.3911 -0.0118 -0.9203
vn -0.7057 -0.1222 -0.6979
vn -0.3842 -0.1228 -0.9150
vn -0.6215 -0.4869 -0.6137
vn -0.0039 -0.0119 -0.9999
vn -0.3371 -0.4879 -0.8052
vn -0.0039 -0.1226 -0.9925
vn -0.2090 -0.8399 -0.5008
vn -0.3122 -0.5968 -0.7391
vn -0.0040 -0.4863 -0.8738
vn -0.0039 -0.8410 -0.5410
vn -0.0040 -0.5968 -0.8024
vn 0.3051 -0.5983 -0.7409
vn 0.2015 -0.8413 -0.5016
vn 0.5666 -0.5983 -0.5666
vn 0.3301 -0.4892 -0.8073
vn 0.3829 -0.8407 -0.3829
vn 0.7409 -0.5983 -0.3051
vn 0.3775 -0.1232 -0.9178
vn 0.6166 -0.4895 -0.6166
vn 0.5016 -0.8413 -0.2014
vn 0.8024 -0.5968 0.0040
vn 0.3843 -0.0119 -0.9231
vn 0.7017 -0.1231 -0.7017
vn 0.3843 0.0039 -0.9232
vn 0.7071 -0.0118 -0.7071
vn 0.7071 0.0118 -0.7071
vn 0.7071 0.0039 -0.7071
vn 0.9232 0.0039 -0.3843
vn 0.9231 0.0118 -0.3843
vn 0.9231 -0.0119 -0.3843
vn 1.0000 0.0040 0.0040
vn 0.9178 -0.1232 -0.3774
vn 0.9999 -0.0119 0.0040
vn 0.9204 0.0039 0.3910
vn 0.9203 -0.0119 0.3910
vn 0.8073 -0.4892 -0.3301
vn 0.9925 -0.1226 0.0039
vn 0.8738 -0.4863 0.0040
vn 0.5410 -0.8410 0.0039
vn 0.7391 -0.5968 0.3122
vn 0.8052 -0.4879 0.3371
vn 0.5009 -0.8399 0.2090
vn 0.3817 -0.8382 0.3896
vn 0.9150 -0.1228 0.3842
vn 0.6136 -0.4870 0.6215
vn 0.6979 -0.1222 0.7057
vn 0.3748 -0.1223 0.9190
vn 0.3815 -0.0118 0.9243
vn 0.7031 -0.0118 0.7110
vn 0.3815 0.0039 0.9243
vn 0.7032 0.0039 0.7110
vn -0.2317 0.5460 -0.8051
vn -0.0040 0.9533 -0.3021
vn -0.0039 0.5931 -0.8051
vn -0.3642 0.8811 -0.3016
vn -0.0039 0.9998 -0.0196
vn -0.4199 0.4200 -0.8045
vn -0.3815 0.9242 -0.0197
vn -0.0040 0.9996 0.0274
vn -0.6702 0.6780 -0.3018
vn -0.8811 0.3642 -0.3016
vn -0.5459 0.2318 -0.8051
vn -0.7070 0.7070 -0.0195
vn -0.9533 0.0039 -0.3021
vn -0.5931 0.0039 -0.8051
vn -0.5470 -0.2243 -0.8066
vn -0.9214 0.3881 -0.0196
vn -0.8837 -0.3574 -0.3024
vn -0.4213 -0.4134 -0.8072
vn -0.9998 0.0039 -0.0196
vn -0.6738 -0.6738 -0.3034
vn -0.9242 -0.3815 -0.0197
vn -0.3667 -0.8794 -0.3036
vn -0.2328 -0.5404 -0.8086
vn -0.7109 -0.7030 -0.0196
vn -0.0040 -0.9526 -0.3043
vn -0.0039 -0.5880 -0.8089
vn 0.2253 -0.5414 -0.8100
vn -0.3843 -0.9230 -0.0198
vn 0.3599 -0.8819 -0.3045
vn 0.4148 -0.4148 -0.8098
vn -0.0039 -0.9998 -0.0198
vn 0.6694 -0.6774 -0.3050
vn -0.7107 -0.7029 0.0275
vn -0.3842 -0.9228 0.0277
vn 0.3775 -0.9258 -0.0199
vn -0.9240 -0.3814 0.0275
vn -0.6738 -0.6738 0.3034
vn -0.9994 0.0039 0.0353
vn -0.8836 -0.3574 0.3024
vn -0.9212 0.3881 0.0274
vn -0.4213 -0.4135 0.8072
vn -0.7068 0.7069 0.0273
vn -0.5524 -0.2233 0.8031
vn -0.3813 0.9241 0.0275
vn -0.9533 0.0039 0.3021
vn -0.5931 0.0039 0.8051
vn -0.5515 0.2307 0.8017
vn -0.8811 0.3643 0.3015
vn -0.4200 0.4199 0.8045
vn -0.6702 0.6781 0.3018
vn -0.3638 0.8813 0.3015
vn -0.2307 0.5514 0.8017
vn -0.0040 0.9533 0.3021
vn -0.0040 0.5931 0.8051
vn -0.3668 -0.8794 0.3036
vn -0.2317 -0.5460 0.8051
vn -0.0039 -0.9996 0.0277
vn -0.0039 -0.9526 0.3043
vn -0.0039 -0.5880 0.8089
vn 0.2243 -0.5470 0.8066
vn 0.3599 -0.8819 0.3045
vn 0.4148 -0.4148 0.8098
vn 0.3774 -0.9256 0.0278
vn 0.6694 -0.6774 0.3050
vn 0.7070 -0.7070 -0.0197
vn 0.7069 -0.7068 0.0276
vn 0.8819 -0.3599 0.3045
vn 0.5469 -0.2243 0.8066
vn 0.9229 -0.3841 0.0277
vn 0.9230 -0.3843 -0.0198
vn 0.9994 0.0039 0.0355
vn 0.9526 0.0039 0.3043
vn 0.5880 0.0040 0.8089
vn 0.5460 0.2317 0.8051
vn 0.8794 0.3667 0.3037
vn 0.4134 0.4214 0.8072
vn 0.9200 0.3909 0.0276
vn 0.6659 0.6816 0.3034
vn 0.3574 0.8836 0.3024
vn 0.2233 0.5524 0.8031
vn -0.0039 0.9533 0.3021
vn -0.0039 0.5931 0.8051
vn -0.0039 0.9996 0.0274
vn 0.3747 0.9268 0.0276
vn 0.7029 0.7108 0.0275
vn 0.3747 0.9269 -0.0197
vn 0.7030 0.7109 -0.0196
vn 0.9202 0.3910 -0.0197
vn 0.3574 0.8836 -0.3024
vn -0.0039 0.9533 -0.3021
vn 0.6659 0.6816 -0.3034
vn 0.2243 0.5469 -0.8066
vn 0.4135 0.4213 -0.8072
vn 0.8794 0.3668 -0.3036
vn 0.5404 0.2327 -0.8086
vn 0.9998 0.0039 -0.0198
vn 0.9526 0.0039 -0.3043
vn 0.5880 0.0039 -0.8089
vn 0.5414 -0.2253 -0.8100
vn 0.8819 -0.3599 -0.3045
vn -0.7575 -0.6398 0.1295
vn -0.7600 -0.6498 0.0118
vn -0.4233 -0.9060 0.0040
vn -0.4220 -0.8874 0.1853
vn -0.7577 -0.6007 0.2552
vn -0.1381 -0.9904 0.0040
vn -0.4205 -0.8371 0.3498
vn -0.7557 -0.5443 0.3642
vn -0.1385 -0.9696 0.2018
vn -0.0276 -0.9996 0.0040
vn -0.4211 -0.7517 0.5077
vn -0.7564 -0.4586 0.4664
vn -0.1384 -0.9131 0.3835
vn -0.0275 -0.9793 0.2006
vn 0.0198 -0.9998 0.0040
vn -0.1375 -0.8211 0.5539
vn -0.0276 -0.9200 0.3909
vn 0.0197 -0.9795 0.2006
vn 0.1307 -0.9706 0.2020
vn 0.1304 -0.9915 0.0040
vn 0.0197 -0.9202 0.3910
vn 0.4155 -0.8904 0.1860
vn 0.4168 -0.9090 0.0040
vn 0.7541 -0.6437 0.1303
vn 0.7566 -0.6537 0.0119
vn 0.7543 -0.6043 0.2567
vn 0.4140 -0.8399 0.3509
vn 0.7523 -0.5476 0.3663
vn 0.1306 -0.9141 0.3839
vn 0.4146 -0.7541 0.5093
vn 0.7530 -0.4613 0.4692
vn 0.1298 -0.8220 0.5546
vn 0.4124 -0.6402 0.6481
vn 0.4137 -0.5004 0.7605
vn 0.7523 -0.3664 0.5475
vn 0.1300 -0.6972 0.7050
vn 0.4124 -0.3417 0.8445
vn 0.7536 -0.2407 0.6116
vn 0.1295 -0.5455 0.8281
vn 0.1300 -0.3743 0.9181
vn 0.4132 -0.1771 0.8933
vn 0.7503 -0.1297 0.6482
vn 0.1300 -0.1929 0.9726
vn 0.4138 0.0039 0.9104
vn 0.7527 0.0118 0.6582
vn 0.7503 0.1296 0.6482
vn 0.1293 0.0039 0.9916
vn 0.4126 0.1847 0.8920
vn 0.7507 0.2555 0.6093
vn 0.0196 0.0039 0.9998
vn 0.4113 0.3486 0.8422
vn 0.7491 0.3648 0.5530
vn 0.1297 0.2005 0.9711
vn 0.4121 0.5063 0.7575
vn 0.7503 0.4675 0.4675
vn 0.1296 0.3811 0.9154
vn 0.0195 0.1991 0.9798
vn 0.1290 0.5510 0.8245
vn 0.0196 0.3882 0.9214
vn 0.4104 0.6448 0.6448
vn 0.4121 0.7575 0.5063
vn 0.7501 0.5460 0.3731
vn 0.1293 0.7012 0.7012
vn 0.4113 0.8422 0.3486
vn 0.7522 0.6105 0.2481
vn 0.1290 0.8245 0.5510
vn 0.1297 0.9154 0.3811
vn 0.4126 0.8920 0.1847
vn 0.7495 0.6476 0.1374
vn 0.1297 0.9711 0.2005
vn 0.4138 0.9104 0.0039
vn 0.7528 0.6582 -0.0039
vn 0.7511 0.6489 -0.1219
vn 0.1293 0.9916 0.0039
vn 0.4132 0.8933 -0.1771
vn 0.7522 0.6105 -0.2481
vn 0.4124 0.8445 -0.3417
vn 0.7512 0.5546 -0.3579
vn 0.1300 0.9726 -0.1929
vn 0.4138 0.7605 -0.5004
vn 0.7530 0.4692 -0.4613
vn 0.1300 0.9181 -0.3743
vn 0.0196 0.9998 0.0039
vn 0.0196 0.9813 -0.1916
vn 0.1295 0.8280 -0.5455
vn 0.0195 0.9798 0.1991
vn 0.4124 0.6481 -0.6402
vn 0.0196 0.9214 0.3882
vn 0.4146 0.5093 -0.7541
vn 0.7533 0.3747 -0.5404
vn 0.0195 0.8301 0.5573
vn 0.4140 0.3509 -0.8399
vn 0.7558 0.2493 -0.6055
vn 0.0196 0.7070 0.7070
vn 0.4155 0.1860 -0.8904
vn 0.7534 0.1381 -0.6429
vn 0.0195 0.5573 0.8301
vn 0.4168 0.0040 -0.9090
vn 0.7567 -0.0040 -0.6537
vn 0.7549 -0.1225 -0.6443
vn 0.4161 -0.1784 -0.8917
vn 0.7558 -0.2493 -0.6055
vn 0.1303 0.0040 -0.9915
vn 0.4152 -0.3440 -0.8422
vn 0.7545 -0.3595 -0.5491
vn 0.1310 -0.1944 -0.9721
vn 0.1307 0.2021 -0.9706
vn 0.0198 0.0039 -0.9998
vn 0.1306 0.3839 -0.9141
vn 0.0197 0.2006 -0.9795
vn 0.1298 0.5546 -0.8220
vn 0.0197 0.3910 -0.9202
vn 0.1300 0.7050 -0.6972
vn 0.0196 0.5609 -0.8277
vn -0.0275 0.2006 -0.9793
vn 0.0196 0.7109 -0.7030
vn -0.0276 0.3909 -0.9200
vn -0.0275 0.5608 -0.8275
vn 0.0196 0.8337 -0.5519
vn -0.0275 0.7107 -0.7029
vn 0.0197 0.9242 -0.3815
vn -0.0274 0.8335 -0.5518
vn -0.1377 0.7043 -0.6964
vn -0.0275 0.9240 -0.3814
vn -0.1375 0.5539 -0.8211
vn -0.1372 0.8272 -0.5449
vn -0.4189 0.6460 -0.6382
vn -0.1384 0.3835 -0.9131
vn -0.4211 0.5077 -0.7516
vn -0.4202 0.7580 -0.4988
vn -0.7564 0.4664 -0.4586
vn -0.7567 0.3725 -0.5372
vn -0.7546 0.5513 -0.3558
vn -0.4205 0.3498 -0.8371
vn -0.7592 0.2478 -0.6019
vn -0.1385 0.2018 -0.9696
vn -0.4220 0.1854 -0.8874
vn -0.7567 0.1372 -0.6392
vn -0.0276 0.0039 -0.9996
vn -0.1381 0.0039 -0.9904
vn -0.4233 0.0039 -0.9060
vn -0.7601 -0.0039 -0.6498
vn -0.7583 -0.1218 -0.6404
vn -0.4226 -0.1777 -0.8887
vn -0.7592 -0.2478 -0.6019
vn -0.1387 -0.1942 -0.9711
vn -0.4217 -0.3429 -0.8394
vn -0.7578 -0.3574 -0.5459
vn -0.0275 -0.1930 -0.9808
vn -0.1387 -0.3767 -0.9159
vn -0.4228 -0.5018 -0.7546
vn -0.7591 -0.4603 -0.4603
vn 0.0197 -0.1930 -0.9810
vn -0.0277 -0.3842 -0.9228
vn -0.1381 -0.5485 -0.8247
vn -0.4210 -0.6414 -0.6414
vn -0.4227 -0.7547 -0.5018
vn -0.7589 -0.5388 -0.3657
vn -0.1384 -0.7003 -0.7003
vn -0.4217 -0.8394 -0.3429
vn -0.7606 -0.6030 -0.2404
vn -0.1381 -0.8247 -0.5485
vn -0.1388 -0.9159 -0.3767
vn -0.4226 -0.8887 -0.1777
vn -0.7575 -0.6398 -0.1295
vn -0.4233 -0.9060 0.0039
vn -0.1381 -0.9904 0.0039
vn -0.1387 -0.9711 -0.1942
vn -0.0277 -0.9996 0.0039
vn -0.0276 -0.9808 -0.1930
vn -0.0277 -0.9228 -0.3842
vn 0.0197 -0.9810 -0.1930
vn 0.0198 -0.9998 0.0039
vn 0.0198 -0.9230 -0.3842
vn -0.0275 -0.8311 -0.5554
vn 0.0198 -0.8313 -0.5555
vn 0.1310 -0.9169 -0.3771
vn 0.1309 -0.9721 -0.1944
vn 0.1304 -0.9915 0.0039
vn 0.1303 -0.8256 -0.5491
vn 0.4161 -0.8917 -0.1784
vn 0.4168 -0.9090 0.0039
vn 0.7541 -0.6437 -0.1303
vn 0.7567 -0.6537 0.0119
vn 0.7573 -0.6067 -0.2419
vn 0.4152 -0.8422 -0.3440
vn 0.7556 -0.5420 -0.3679
vn 0.4162 -0.7571 -0.5035
vn 0.7558 -0.4630 -0.4630
vn 0.4146 -0.6435 -0.6435
vn 0.1307 -0.7010 -0.7010
vn 0.4162 -0.5035 -0.7571
vn 0.1303 -0.5491 -0.8256
vn 0.1310 -0.3771 -0.9169
vn 0.0198 -0.3842 -0.9230
vn 0.0197 -0.5555 -0.8313
vn -0.0276 -0.5554 -0.8311
vn -0.0276 -0.7068 -0.7068
vn 0.0198 -0.7070 -0.7070
vn -0.2567 -0.7543 -0.6042
vn -0.4691 -0.7531 -0.4613
vn -0.2650 -0.9294 -0.2571
vn -0.0039 -0.7567 -0.6537
vn -0.1465 -0.9302 -0.3365
vn 0.2493 -0.7558 -0.6055
vn 0.7071 0.0040 -0.7071
vn -0.0039 -0.9298 -0.3680
vn -0.2890 -0.6690 -0.6848
vn -0.5281 -0.6711 -0.5203
vn 0.1387 -0.9313 -0.3369
vn -0.3586 -0.3744 -0.8551
vn -0.6594 -0.3751 -0.6516
vn -0.0040 -0.6705 -0.7419
vn -0.3827 -0.0908 -0.9194
vn -0.7081 -0.0910 -0.7002
vn -0.0039 -0.3748 -0.9271
vn -0.6931 0.2232 -0.6854
vn -0.0039 -0.0913 -0.9958
vn -0.3761 0.2256 -0.8987
vn -0.5773 0.5852 -0.5695
vn -0.3119 0.5882 -0.7461
vn -0.0039 0.2248 -0.9744
vn -0.3420 0.4835 -0.8058
vn -0.6234 0.4822 -0.6155
vn -0.5719 -0.5956 -0.5640
vn -0.0039 0.4830 -0.8756
vn -0.0039 -0.5969 -0.8023
vn -0.0039 0.5879 -0.8089
vn 0.3350 0.4848 -0.8079
vn 0.3047 0.5896 -0.7480
vn 0.6185 0.4846 -0.6185
vn 0.8080 0.4847 -0.3350
vn 0.5721 0.5878 -0.5721
vn 0.3693 0.2263 -0.9013
vn 0.8756 0.4830 0.0039
vn 0.8023 -0.5968 0.0039
vn 0.3838 0.0514 -0.9220
vn 0.6891 0.2242 -0.6891
vn 0.3760 -0.0910 -0.9221
vn 0.7480 0.5896 -0.3047
vn 0.9013 0.2263 -0.3693
vn 0.9744 0.2249 0.0039
vn 0.8089 0.5879 0.0039
vn 0.7461 0.5882 0.3119
vn 0.8987 0.2256 0.3761
vn 0.8058 0.4835 0.3420
vn 0.5694 0.5852 0.5773
vn 0.6156 0.4822 0.6234
vn 0.3329 0.4817 0.8107
vn 0.3033 -0.5948 0.7444
vn -0.0039 0.4797 0.8774
vn -0.0039 -0.5931 0.8051
vn -0.3104 -0.5934 0.7427
vn 0.3029 0.5862 0.7514
vn -0.3398 0.4804 0.8085
vn -0.0039 0.5842 0.8116
vn -0.6204 0.4799 0.6204
vn -0.3101 0.5848 0.7496
vn -0.0039 0.2231 0.9748
vn 0.3666 0.2247 0.9028
vn -0.5747 0.5826 0.5747
vn -0.3733 0.2240 0.9003
vn 0.6853 0.2232 0.6932
vn 0.3811 0.0511 0.9231
vn 0.9958 -0.0913 0.0039
vn 0.9194 -0.0908 0.3827
vn 0.3732 -0.0904 0.9233
vn 0.7002 -0.0910 0.7081
vn 0.6515 -0.3751 0.6594
vn 0.8551 -0.3744 0.3586
vn 0.3493 -0.3729 0.8596
vn -0.0039 -0.0905 0.9959
vn 0.5202 -0.6711 0.5282
vn -0.0039 -0.3721 0.9282
vn -0.6894 0.2221 0.6895
vn -0.3800 -0.0901 0.9206
vn -0.7062 0.0506 0.7062
vn -0.9003 0.2240 0.3733
vn -0.3562 -0.3718 0.8572
vn -0.7496 0.5848 0.3100
vn -0.8085 0.4804 0.3398
vn -0.7427 -0.5934 0.3104
vn -0.8774 0.4797 0.0039
vn -0.8051 -0.5931 0.0039
vn -0.7444 -0.5948 -0.3033
vn -0.8116 0.5842 0.0039
vn -0.8107 0.4817 -0.3329
vn -0.5720 -0.5956 -0.5640
vn -0.7514 0.5862 -0.3030
vn -0.9748 0.2231 0.0039
vn -0.9028 0.2247 -0.3666
vn -0.6932 0.2232 -0.6853
vn -0.9959 -0.0905 0.0039
vn -0.9233 -0.0904 -0.3733
vn -0.6594 -0.3751 -0.6515
vn -0.8596 -0.3729 -0.3493
vn -0.5282 -0.6711 -0.5202
vn -0.9206 -0.0901 0.3800
vn -0.6905 -0.6669 -0.2802
vn -0.9282 -0.3721 0.0039
vn -0.8572 -0.3719 0.3562
vn -0.7042 -0.0905 0.7042
vn -0.6560 -0.3732 0.6560
vn -0.5260 -0.6684 0.5260
vn -0.6890 -0.6654 0.2874
vn -0.7454 -0.6666 0.0039
vn -0.3748 -0.9271 0.0039
vn -0.3435 -0.9277 0.1461
vn -0.3439 -0.9288 -0.1383
vn -0.6582 -0.7528 0.0039
vn -0.6104 -0.7522 -0.2481
vn -0.4692 -0.7530 -0.4613
vn -0.6092 -0.7507 0.2555
vn -0.4675 -0.7503 0.4675
vn -0.2644 -0.9274 0.2644
vn -0.2555 -0.7507 0.6092
vn -0.2874 -0.6653 0.6890
vn -0.1461 -0.9277 0.3435
vn -0.0039 -0.7528 0.6582
vn -0.0040 -0.9271 0.3748
vn 0.2481 -0.7522 0.6104
vn -0.0039 -0.6666 0.7454
vn 0.2802 -0.6669 0.6905
vn 0.1383 -0.9288 0.3438
vn 0.4613 -0.7531 0.4692
vn 0.2571 -0.9294 0.2649
vn 0.6043 -0.7543 0.2567
vn 0.3365 -0.9302 0.1465
vn 0.6537 -0.7567 0.0040
vn 0.6848 -0.6690 0.2889
vn 0.3680 -0.9298 0.0039
vn 0.6054 -0.7558 -0.2493
vn 0.3369 -0.9313 -0.1387
vn 0.4630 -0.7558 -0.4630
vn 0.2576 -0.9313 -0.2576
vn 0.2817 -0.6705 -0.6863
vn 0.5224 -0.6739 -0.5224
vn 0.3517 -0.3754 -0.8575
vn 0.6863 -0.6705 -0.2817
vn 0.6548 -0.3773 -0.6549
vn 0.7419 -0.6705 0.0040
vn 0.7041 -0.0916 -0.7041
vn 0.9271 -0.3748 0.0039
vn 0.8575 -0.3754 -0.3517
vn 0.9221 -0.0910 -0.3760
vn -0.0587 0.0039 0.9983
vn -0.5930 0.0039 0.8052
vn -0.5514 0.2307 0.8017
vn -0.0587 -0.0196 0.9981
vn -0.4213 -0.4134 0.8072
vn -0.0587 0.0274 0.9979
vn -0.4199 0.4199 0.8046
vn -0.0431 -0.0353 0.9985
vn -0.2317 -0.5459 0.8052
vn -0.0430 0.0430 0.9981
vn -0.0274 -0.0509 0.9983
vn -0.0039 -0.5879 0.8089
vn -0.0274 0.0587 0.9979
vn -0.0039 0.5930 0.8052
vn -0.4250 0.4250 0.7992
vn -0.0039 0.0587 0.9983
vn -0.6392 0.6393 0.4274
vn -0.5981 0.0039 0.8014
vn -0.8344 0.3486 0.4269
vn -0.9044 0.0039 0.4267
vn -0.4264 -0.4186 0.8019
vn -0.8366 -0.3417 0.4281
vn -0.6425 -0.6346 0.4296
vn -0.3558 0.0039 0.9345
vn -0.3323 -0.1290 0.9343
vn -0.3319 0.1367 0.9333
vn -0.2543 -0.2466 0.9352
vn -0.2538 0.2538 0.9334
vn -0.3509 -0.8320 0.4298
vn 0.3253 -0.1293 0.9367
vn 0.3250 0.1370 0.9357
vn 0.3490 0.0039 0.9371
vn 0.2470 -0.2470 0.9370
vn 0.8320 0.3509 0.4298
vn -0.1370 -0.3250 0.9357
vn 0.8342 -0.3440 0.4310
vn -0.0039 -0.9029 0.4298
vn 0.9029 0.0039 0.4298
vn -0.0039 -0.3558 0.9345
vn 0.1293 -0.3253 0.9367
vn 0.3440 -0.8342 0.4309
vn -0.0039 -0.5931 0.8052
vn 0.6378 -0.6378 0.4318
vn 0.2243 -0.5469 0.8066
vn -0.0039 -0.0509 0.9987
vn 0.0196 -0.0509 0.9985
vn 0.4199 -0.4199 0.8046
vn 0.0352 -0.0352 0.9988
vn 0.4148 -0.4148 0.8099
vn 0.0509 -0.0196 0.9985
vn 0.5931 0.0039 0.8052
vn 0.0510 0.0039 0.9987
vn 0.5879 0.0040 0.8089
vn 0.5459 0.2317 0.8052
vn 0.0509 0.0274 0.9983
vn 0.4134 0.4213 0.8072
vn 0.0352 0.0431 0.9985
vn 0.6346 0.6424 0.4296
vn 0.4185 0.4264 0.8019
vn 0.0196 0.0587 0.9981
vn -0.0039 0.5981 0.8014
vn 0.3418 0.8366 0.4281
vn 0.2465 0.2543 0.9352
vn 0.1290 0.3323 0.9343
vn -0.0039 0.9044 0.4267
vn -0.3486 0.8344 0.4270
vn -0.0039 0.3626 0.9319
vn -0.1367 0.3320 0.9333
vn 0.0513 0.0039 -0.9987
vn 0.5403 0.2327 -0.8086
vn 0.5879 0.0040 -0.8089
vn 0.5413 -0.2252 -0.8101
vn 0.0513 0.0276 -0.9983
vn 0.4134 0.4213 -0.8072
vn 0.0513 -0.0197 -0.9985
vn 0.4148 -0.4148 -0.8099
vn 0.0355 0.0434 -0.9984
vn 0.5968 0.0039 -0.8024
vn 0.5494 0.2332 -0.8024
vn 0.0197 0.0592 -0.9981
vn -0.0039 0.5930 -0.8052
vn 0.4212 0.4290 -0.7991
vn -0.0040 0.0592 -0.9982
vn 0.2247 0.5559 -0.8003
vn 0.6367 0.6446 -0.4231
vn -0.0276 0.0591 -0.9979
vn -0.2317 0.5459 -0.8052
vn -0.0039 0.6019 -0.7986
vn -0.0434 0.0434 -0.9981
vn -0.4199 0.4199 -0.8046
vn -0.2322 0.5549 -0.7989
vn -0.4276 0.4276 -0.7964
vn -0.0591 0.0276 -0.9979
vn -0.5459 0.2317 -0.8052
vn -0.5549 0.2322 -0.7989
vn -0.6414 0.6414 -0.4210
vn -0.0592 0.0039 -0.9982
vn -0.5930 0.0039 -0.8052
vn -0.5469 -0.2243 -0.8066
vn -0.6019 0.0039 -0.7986
vn -0.0592 -0.0197 -0.9981
vn -0.8371 0.3498 -0.4205
vn -0.0434 -0.0355 -0.9984
vn -0.2327 -0.5403 -0.8086
vn -0.5559 -0.2247 -0.8003
vn -0.0276 -0.0513 -0.9983
vn -0.0040 -0.5879 -0.8089
vn -0.4290 -0.4212 -0.7991
vn -0.8394 -0.3429 -0.4217
vn -0.6446 -0.6367 -0.4232
vn -0.2332 -0.5494 -0.8024
vn -0.9074 0.0039 -0.4203
vn -0.3584 0.0039 -0.9335
vn -0.3347 -0.1299 -0.9333
vn -0.3344 0.1377 -0.9323
vn -0.2562 -0.2483 -0.9342
vn -0.2557 0.2557 -0.9323
vn -0.3521 -0.8348 -0.4233
vn 0.3277 -0.1303 -0.9357
vn 0.3274 0.1380 -0.9348
vn 0.3516 0.0039 -0.9362
vn 0.2488 -0.2488 -0.9360
vn 0.8348 0.3521 -0.4233
vn -0.1380 -0.3274 -0.9348
vn 0.9060 0.0040 -0.4233
vn 0.8370 -0.3452 -0.4245
vn 0.5504 -0.2257 -0.8038
vn 0.2483 0.2562 -0.9342
vn 0.3429 0.8394 -0.4217
vn 0.1300 0.3347 -0.9333
vn -0.0039 0.9074 -0.4203
vn -0.3498 0.8371 -0.4205
vn -0.1377 0.3344 -0.9323
vn -0.0039 0.3653 -0.9309
vn 0.0355 -0.0355 -0.9987
vn 0.2252 -0.5413 -0.8101
vn 0.4226 -0.4226 -0.8018
vn 0.0198 -0.0513 -0.9985
vn 0.6400 -0.6399 -0.4253
vn 0.2257 -0.5504 -0.8038
vn -0.0039 -0.0513 -0.9987
vn 0.3452 -0.8370 -0.4247
vn 0.1303 -0.3277 -0.9357
vn -0.0040 -0.9060 -0.4233
vn -0.0039 -0.3584 -0.9335
vn -0.9342 -0.0274 0.3557
vn -0.7538 -0.1289 0.6444
vn -0.7562 0.0118 0.6543
vn -0.7538 0.1289 0.6444
vn -0.9348 -0.1604 0.3168
vn -0.7571 -0.2393 0.6079
vn -0.7558 -0.3642 0.5443
vn -0.9344 0.1055 0.3402
vn -0.7541 0.2540 0.6056
vn -0.7526 0.3626 0.5497
vn -0.9869 -0.0118 0.1612
vn -0.9348 -0.2699 0.2308
vn -0.7565 -0.4585 0.4664
vn -0.7558 -0.5442 0.3642
vn -0.9328 0.2303 0.2771
vn -0.7537 0.4647 0.4647
vn -0.7536 0.5427 0.3709
vn -0.9856 0.0511 0.1610
vn -0.9336 0.3164 0.1680
vn -0.7556 0.6068 0.2466
vn -0.7530 0.6437 0.1365
vn -0.9859 0.1060 0.1296
vn -0.9340 0.3556 0.0352
vn -0.7562 0.6543 -0.0039
vn -0.7545 0.6450 -0.1212
vn -0.9859 0.1453 0.0825
vn -0.9352 0.3404 -0.0978
vn -0.7556 0.6068 -0.2466
vn -0.7547 0.5513 -0.3558
vn -0.9867 0.1612 0.0196
vn -0.9860 0.1611 -0.0432
vn -0.9345 0.2776 -0.2229
vn -0.7568 0.3725 -0.5371
vn -0.9977 0.0665 -0.0117
vn -0.9359 0.1684 -0.3094
vn -0.7592 0.2478 -0.6018
vn -0.7568 0.1372 -0.6391
vn -0.9867 0.1297 -0.0983
vn -0.9977 0.0587 -0.0352
vn -0.9972 0.0743 0.0117
vn -0.9972 0.0665 0.0352
vn -0.9973 0.0430 0.0587
vn -0.9976 0.0196 0.0665
vn -0.9972 -0.0039 0.0743
vn -0.9865 -0.0747 0.1454
vn -0.9974 -0.0274 0.0665
vn -0.9869 -0.1219 0.1062
vn -0.9978 -0.0509 0.0430
vn -0.9869 -0.1533 0.0511
vn -0.9369 -0.3332 0.1058
vn -0.7577 -0.6006 0.2552
vn -0.7576 -0.6398 0.1295
vn -0.9981 -0.0587 0.0196
vn -0.9368 -0.3489 -0.0275
vn -0.7601 -0.6497 0.0118
vn -0.7576 -0.6397 -0.1295
vn -0.9881 -0.1535 -0.0118
vn -0.9978 -0.0665 -0.0040
vn -0.9876 -0.1378 -0.0748
vn -0.9371 -0.3098 -0.1608
vn -0.7607 -0.6030 -0.2404
vn -0.7590 -0.5387 -0.3657
vn -0.9979 -0.0587 -0.0274
vn -0.9365 -0.2233 -0.2704
vn -0.7592 -0.4602 -0.4602
vn -0.7579 -0.3573 -0.5458
vn -0.9876 -0.0984 -0.1220
vn -0.9981 -0.0352 -0.0509
vn -0.9872 -0.0433 -0.1534
vn -0.9376 -0.0981 -0.3335
vn -0.7592 -0.2478 -0.6018
vn -0.9982 -0.0118 -0.0587
vn -0.9880 0.0197 -0.1535
vn -0.9365 0.0353 -0.3488
vn -0.9977 0.0118 -0.0665
vn -0.9870 0.0826 -0.1376
vn -0.9977 0.0352 -0.0587
vn 0.0196 -0.1916 0.9813
vn 0.0197 -0.3815 0.9242
vn -0.0274 0.0039 0.9996
vn 0.0196 -0.5519 0.8337
vn -0.0273 -0.1916 0.9811
vn -0.0275 -0.3814 0.9240
vn 0.0196 -0.7030 0.7109
vn -0.0274 -0.5518 0.8335
vn 0.0196 -0.8277 0.5609
vn -0.0275 -0.7029 0.7107
vn -0.0275 -0.8275 0.5608
vn -0.1377 -0.6964 0.7043
vn -0.4189 -0.6382 0.6460
vn -0.1372 -0.5449 0.8272
vn -0.4202 -0.4988 0.7580
vn -0.7557 -0.3642 0.5443
vn -0.1378 -0.3740 0.9172
vn -0.4189 -0.3406 0.8417
vn -0.7570 -0.2393 0.6080
vn -0.1376 -0.1927 0.9715
vn -0.4197 -0.1765 0.8903
vn -0.7537 -0.1289 0.6444
vn -0.1370 0.0039 0.9906
vn -0.4203 0.0039 0.9074
vn -0.7561 0.0117 0.6543
vn -0.7537 0.1289 0.6444
vn -0.4191 0.1841 0.8891
vn -0.7541 0.2540 0.6057
vn -0.1375 0.2003 0.9700
vn -0.4177 0.3475 0.8395
vn -0.7525 0.3626 0.5498
vn -0.0273 0.1990 0.9796
vn -0.1374 0.3807 0.9144
vn -0.4186 0.5047 0.7551
vn -0.0274 0.3881 0.9212
vn -0.1366 0.5504 0.8237
vn -0.0272 0.5572 0.8299
vn -0.4168 0.6428 0.6428
vn -0.0274 0.7068 0.7068
vn -0.1369 0.7004 0.7004
vn -0.0273 0.8299 0.5572
vn -0.1366 0.8236 0.5504
vn -0.0274 0.9212 0.3881
vn -0.4186 0.7551 0.5047
vn -0.7535 0.5428 0.3709
vn -0.1373 0.9144 0.3807
vn -0.0273 0.9796 0.1990
vn -0.4178 0.8395 0.3475
vn -0.7556 0.6069 0.2467
vn -0.1375 0.9700 0.2003
vn -0.0274 0.9996 0.0039
vn -0.4191 0.8891 0.1841
vn -0.7529 0.6438 0.1365
vn -0.1370 0.9906 0.0039
vn -0.4203 0.9074 0.0039
vn -0.7562 0.6544 -0.0039
vn -0.4197 0.8904 -0.1765
vn -0.7556 0.6069 -0.2467
vn -0.1377 0.9715 -0.1927
vn -0.4189 0.8417 -0.3406
vn -0.0273 0.9811 -0.1916
vn -0.1378 0.9172 -0.3740
vn 0.9342 0.3429 -0.0986
vn 0.7513 0.5546 -0.3579
vn 0.7522 0.6104 -0.2481
vn 0.7511 0.6488 -0.1219
vn 0.9335 0.2797 -0.2245
vn 0.7531 0.4692 -0.4613
vn 0.7534 0.3747 -0.5403
vn 0.9330 0.3582 0.0354
vn 0.7496 0.6475 0.1374
vn 0.9858 0.1623 -0.0435
vn 0.9349 0.1696 -0.3117
vn 0.7558 0.2493 -0.6054
vn 0.9865 0.1307 -0.0990
vn 0.9356 0.0355 -0.3513
vn 0.7550 -0.1225 -0.6442
vn 0.9868 0.0832 -0.1387
vn 0.9367 -0.0988 -0.3359
vn 0.7559 -0.2493 -0.6054
vn 0.7545 -0.3594 -0.5491
vn 0.9878 0.0198 -0.1547
vn 0.9355 -0.2250 -0.2724
vn 0.7556 -0.5419 -0.3679
vn 0.9870 -0.0436 -0.1546
vn 0.9977 0.0118 -0.0670
vn 0.9982 -0.0118 -0.0592
vn 0.9976 0.0355 -0.0591
vn 1.0000 0.0039 0.0039
vn 0.9976 0.0591 -0.0355
vn 0.9981 -0.0355 -0.0513
vn 0.9977 0.0670 -0.0119
vn 0.9874 -0.0991 -0.1229
vn 0.9979 -0.0592 -0.0276
vn 0.9874 -0.1388 -0.0754
vn 0.9362 -0.3121 -0.1620
vn 0.7573 -0.6066 -0.2419
vn 0.7542 -0.6436 -0.1303
vn 0.9977 -0.0670 -0.0039
vn 0.9358 -0.3514 -0.0276
vn 0.7567 -0.6536 0.0119
vn 0.7542 -0.6436 0.1303
vn 0.9879 -0.1547 -0.0119
vn 0.9981 -0.0592 0.0197
vn 0.9866 -0.1545 0.0515
vn 0.9359 -0.3357 0.1066
vn 0.7543 -0.6042 0.2567
vn 0.7524 -0.5475 0.3663
vn 0.9338 -0.2719 0.2324
vn 0.7531 -0.4613 0.4692
vn 0.7524 -0.3663 0.5475
vn 0.9977 -0.0512 0.0434
vn 0.9866 -0.1228 0.1070
vn 0.9338 -0.1616 0.3191
vn 0.7537 -0.2407 0.6116
vn 0.7504 -0.1296 0.6482
vn 0.9863 -0.0753 0.1466
vn 0.9974 -0.0276 0.0670
vn 0.9972 -0.0039 0.0749
vn 0.9866 -0.0119 0.1624
vn 0.9332 -0.0275 0.3583
vn 0.7528 0.0118 0.6581
vn 0.7504 0.1296 0.6482
vn 0.9334 0.1063 0.3426
vn 0.7508 0.2555 0.6092
vn 0.7491 0.3647 0.5530
vn 0.9976 0.0197 0.0670
vn 0.9854 0.0514 0.1623
vn 0.9318 0.2320 0.2791
vn 0.7503 0.4674 0.4674
vn 0.7502 0.5459 0.3731
vn 0.9973 0.0434 0.0591
vn 0.9857 0.1069 0.1306
vn 0.9326 0.3187 0.1692
vn 0.7522 0.6104 0.2481
vn 0.9971 0.0670 0.0355
vn 0.9857 0.1465 0.0831
vn 0.9865 0.1624 0.0198
vn 0.9971 0.0749 0.0118
vt 0.009171 0.681885
vt 0.038940 0.681885
vt 0.009171 0.701416
vt 0.038940 0.701416
vt 0.062073 0.681885
vt 0.009171 0.720703
vt 0.062073 0.701416
vt 0.069336 0.681885
vt 0.038940 0.720703
vt 0.038940 0.740234
vt 0.009171 0.740234
vt 0.062073 0.720703
vt 0.069336 0.701416
vt 0.077698 0.681885
vt 0.077698 0.701416
vt 0.077698 0.720703
vt 0.069336 0.720703
vt 0.069336 0.740234
vt 0.077698 0.740234
vt 0.062073 0.740234
vt 0.069336 0.759521
vt 0.077698 0.759521
vt 0.062073 0.759521
vt 0.069336 0.778931
vt 0.077698 0.778931
vt 0.062073 0.778931
vt 0.038940 0.759521
vt 0.009171 0.759521
vt 0.009171 0.778931
vt 0.038940 0.778931
vt 0.009171 0.798218
vt 0.038940 0.798218
vt 0.062073 0.798218
vt 0.069336 0.798218
vt 0.077698 0.798218
vt 0.069336 0.817627
vt 0.077698 0.817627
vt 0.077698 0.837036
vt 0.062073 0.817627
vt 0.069336 0.837036
vt 0.077698 0.856445
vt 0.038940 0.817627
vt 0.009171 0.817627
vt 0.062073 0.837036
vt 0.038940 0.837036
vt 0.009171 0.837036
vt 0.009171 0.856445
vt 0.038940 0.856445
vt 0.009171 0.875793
vt 0.062073 0.856445
vt 0.038940 0.875793
vt 0.069336 0.856445
vt 0.077698 0.875793
vt 0.062073 0.875793
vt 0.069336 0.875793
vt 0.069336 0.895203
vt 0.077698 0.895203
vt 0.062073 0.895203
vt 0.069336 0.914612
vt 0.077698 0.914612
vt 0.038940 0.895203
vt 0.009171 0.895203
vt 0.062073 0.914612
vt 0.038940 0.914612
vt 0.009171 0.914612
vt 0.009171 0.933960
vt 0.038940 0.933960
vt 0.009171 0.953369
vt 0.062073 0.933960
vt 0.038940 0.953369
vt 0.038940 0.972748
vt 0.009171 0.972748
vt 0.038940 0.992126
vt 0.009171 0.992126
vt 0.062073 0.992126
vt 0.062073 0.972748
vt 0.069336 0.992126
vt 0.062073 0.953369
vt 0.069336 0.972748
vt 0.077698 0.972748
vt 0.077698 0.992126
vt 0.069336 0.953369
vt 0.077698 0.953369
vt 0.069336 0.933960
vt 0.077698 0.933960
vt 0.091675 0.765503
vt 0.089539 0.779663
vt 0.089539 0.765503
vt 0.091675 0.779663
vt 0.100525 0.765503
vt 0.089539 0.793823
vt 0.100525 0.779663
vt 0.091675 0.793823
vt 0.091675 0.807983
vt 0.089539 0.807983
vt 0.100525 0.793823
vt 0.103760 0.779663
vt 0.103760 0.765503
vt 0.103760 0.793823
vt 0.100525 0.807983
vt 0.091675 0.822144
vt 0.089539 0.822144
vt 0.089539 0.836304
vt 0.103760 0.807983
vt 0.091675 0.836304
vt 0.089539 0.850464
vt 0.100525 0.822144
vt 0.100525 0.836304
vt 0.091675 0.850464
vt 0.091675 0.864624
vt 0.089539 0.864624
vt 0.100525 0.850464
vt 0.091675 0.878845
vt 0.089539 0.878845
vt 0.089539 0.893005
vt 0.100525 0.864624
vt 0.103760 0.850464
vt 0.091675 0.893005
vt 0.089539 0.907166
vt 0.100525 0.878845
vt 0.103760 0.864624
vt 0.103760 0.836304
vt 0.107849 0.850464
vt 0.103760 0.822144
vt 0.107849 0.836304
vt 0.107849 0.807983
vt 0.107849 0.822144
vt 0.185669 0.822144
vt 0.185669 0.836304
vt 0.185669 0.807983
vt 0.107849 0.793823
vt 0.189819 0.822144
vt 0.107849 0.779663
vt 0.107849 0.765503
vt 0.185669 0.765503
vt 0.185669 0.779663
vt 0.189819 0.765503
vt 0.185669 0.793823
vt 0.189819 0.779663
vt 0.193726 0.765503
vt 0.193726 0.779663
vt 0.189819 0.807983
vt 0.189819 0.793823
vt 0.193726 0.793823
vt 0.193726 0.807983
vt 0.193726 0.822144
vt 0.189819 0.836304
vt 0.193726 0.836304
vt 0.185669 0.850464
vt 0.189819 0.850464
vt 0.193726 0.850464
vt 0.193726 0.864624
vt 0.189819 0.864624
vt 0.193726 0.878845
vt 0.185669 0.864624
vt 0.189819 0.878845
vt 0.107849 0.864624
vt 0.185669 0.878845
vt 0.189819 0.893005
vt 0.193726 0.893005
vt 0.185669 0.893005
vt 0.107849 0.878845
vt 0.103760 0.878845
vt 0.107849 0.893005
vt 0.103760 0.893005
vt 0.100525 0.893005
vt 0.107849 0.907166
vt 0.103760 0.907166
vt 0.100525 0.907166
vt 0.091675 0.907166
vt 0.100525 0.921326
vt 0.091675 0.921326
vt 0.089539 0.921326
vt 0.103760 0.921326
vt 0.100525 0.935486
vt 0.091675 0.935486
vt 0.089539 0.935486
vt 0.089539 0.949646
vt 0.091675 0.949646
vt 0.089539 0.963806
vt 0.100525 0.949646
vt 0.091675 0.963806
vt 0.091675 0.977966
vt 0.089539 0.977966
vt 0.091675 0.992126
vt 0.089539 0.992126
vt 0.100525 0.977966
vt 0.100525 0.992126
vt 0.100525 0.963806
vt 0.103760 0.963806
vt 0.103760 0.977966
vt 0.103760 0.992126
vt 0.103760 0.949646
vt 0.107849 0.977966
vt 0.107849 0.992126
vt 0.185669 0.992126
vt 0.107849 0.963806
vt 0.185669 0.977966
vt 0.189819 0.992126
vt 0.103760 0.935486
vt 0.189819 0.977966
vt 0.193726 0.992126
vt 0.193726 0.977966
vt 0.185669 0.963806
vt 0.189819 0.963806
vt 0.193726 0.963806
vt 0.193726 0.949646
vt 0.189819 0.949646
vt 0.193726 0.935486
vt 0.185669 0.949646
vt 0.189819 0.935486
vt 0.107849 0.949646
vt 0.185669 0.935486
vt 0.107849 0.935486
vt 0.107849 0.921326
vt 0.185669 0.921326
vt 0.185669 0.907166
vt 0.189819 0.921326
vt 0.193726 0.921326
vt 0.189819 0.907166
vt 0.193726 0.907166
vt 0.380371 0.624268
vt 0.369629 0.624268
vt 0.369629 0.622803
vt 0.380371 0.622803
vt 0.391113 0.624268
vt 0.369629 0.621582
vt 0.391113 0.622803
vt 0.401855 0.624268
vt 0.380371 0.621582
vt 0.380371 0.620361
vt 0.369629 0.620361
vt 0.391113 0.621582
vt 0.380371 0.576904
vt 0.369629 0.576904
vt 0.391113 0.620361
vt 0.391113 0.576904
vt 0.380371 0.469238
vt 0.369629 0.469238
vt 0.391113 0.469238
vt 0.380371 0.330078
vt 0.369629 0.330078
vt 0.369629 0.176758
vt 0.391113 0.330078
vt 0.380371 0.176758
vt 0.369629 0.011230
vt 0.380371 0.011230
vt 0.369629 0.010254
vt 0.391113 0.176758
vt 0.380371 0.010254
vt 0.369629 0.008789
vt 0.391113 0.011230
vt 0.380371 0.008789
vt 0.369629 0.007812
vt 0.380371 0.007812
vt 0.391113 0.008789
vt 0.391113 0.007812
vt 0.391113 0.010254
vt 0.401855 0.008789
vt 0.401855 0.007812
vt 0.412598 0.007812
vt 0.401855 0.010254
vt 0.401855 0.011230
vt 0.412598 0.010254
vt 0.412598 0.008789
vt 0.423340 0.008789
vt 0.423340 0.007812
vt 0.401855 0.176758
vt 0.433838 0.008789
vt 0.433838 0.007812
vt 0.423340 0.010254
vt 0.444580 0.008789
vt 0.444580 0.007812
vt 0.455322 0.007812
vt 0.433838 0.010254
vt 0.423340 0.011230
vt 0.433838 0.011230
vt 0.444580 0.010254
vt 0.412598 0.011230
vt 0.433838 0.176758
vt 0.423340 0.176758
vt 0.412598 0.176758
vt 0.401855 0.330078
vt 0.423340 0.330078
vt 0.401855 0.469238
vt 0.412598 0.330078
vt 0.412598 0.469238
vt 0.433838 0.330078
vt 0.423340 0.469238
vt 0.412598 0.576904
vt 0.401855 0.576904
vt 0.423340 0.576904
vt 0.401855 0.620361
vt 0.412598 0.620361
vt 0.401855 0.621582
vt 0.412598 0.621582
vt 0.401855 0.622803
vt 0.412598 0.622803
vt 0.412598 0.624268
vt 0.423340 0.620361
vt 0.423340 0.621582
vt 0.423340 0.622803
vt 0.423340 0.624268
vt 0.433838 0.622803
vt 0.433838 0.624268
vt 0.433838 0.621582
vt 0.444580 0.622803
vt 0.444580 0.624268
vt 0.433838 0.620361
vt 0.444580 0.621582
vt 0.455322 0.622803
vt 0.455322 0.624268
vt 0.466064 0.624268
vt 0.433838 0.576904
vt 0.444580 0.620361
vt 0.455322 0.621582
vt 0.433838 0.469238
vt 0.444580 0.576904
vt 0.455322 0.620361
vt 0.444580 0.469238
vt 0.455322 0.576904
vt 0.466064 0.620361
vt 0.466064 0.576904
vt 0.455322 0.469238
vt 0.466064 0.621582
vt 0.466064 0.469238
vt 0.466064 0.622803
vt 0.476807 0.621582
vt 0.476807 0.622803
vt 0.476807 0.624268
vt 0.476807 0.620361
vt 0.487549 0.621582
vt 0.487549 0.622803
vt 0.487549 0.624268
vt 0.498291 0.624268
vt 0.476807 0.576904
vt 0.498291 0.622803
vt 0.508789 0.624268
vt 0.476807 0.469238
vt 0.487549 0.620361
vt 0.487549 0.576904
vt 0.498291 0.621582
vt 0.498291 0.620361
vt 0.508789 0.622803
vt 0.508789 0.621582
vt 0.519531 0.622803
vt 0.519531 0.624268
vt 0.530273 0.624268
vt 0.508789 0.620361
vt 0.530273 0.622803
vt 0.541016 0.624268
vt 0.541016 0.622803
vt 0.519531 0.621582
vt 0.530273 0.621582
vt 0.541016 0.621582
vt 0.519531 0.620361
vt 0.530273 0.620361
vt 0.541016 0.620361
vt 0.519531 0.576904
vt 0.530273 0.576904
vt 0.541016 0.576904
vt 0.508789 0.576904
vt 0.519531 0.469238
vt 0.530273 0.469238
vt 0.541016 0.469238
vt 0.498291 0.576904
vt 0.508789 0.469238
vt 0.519531 0.330078
vt 0.530273 0.330078
vt 0.541016 0.330078
vt 0.541016 0.176758
vt 0.530273 0.176758
vt 0.541016 0.011230
vt 0.530273 0.011230
vt 0.541016 0.010254
vt 0.519531 0.176758
vt 0.530273 0.010254
vt 0.541016 0.008789
vt 0.519531 0.011230
vt 0.530273 0.008789
vt 0.541016 0.007812
vt 0.530273 0.007812
vt 0.519531 0.010254
vt 0.519531 0.008789
vt 0.519531 0.007812
vt 0.508789 0.007812
vt 0.508789 0.008789
vt 0.498291 0.007812
vt 0.508789 0.010254
vt 0.498291 0.008789
vt 0.487549 0.007812
vt 0.508789 0.011230
vt 0.498291 0.010254
vt 0.487549 0.008789
vt 0.476807 0.007812
vt 0.508789 0.176758
vt 0.498291 0.011230
vt 0.508789 0.330078
vt 0.498291 0.176758
vt 0.498291 0.469238
vt 0.498291 0.330078
vt 0.487549 0.330078
vt 0.487549 0.469238
vt 0.487549 0.176758
vt 0.476807 0.330078
vt 0.487549 0.011230
vt 0.476807 0.176758
vt 0.466064 0.330078
vt 0.466064 0.176758
vt 0.487549 0.010254
vt 0.476807 0.011230
vt 0.476807 0.010254
vt 0.476807 0.008789
vt 0.466064 0.007812
vt 0.466064 0.010254
vt 0.466064 0.008789
vt 0.455322 0.008789
vt 0.466064 0.011230
vt 0.455322 0.010254
vt 0.455322 0.011230
vt 0.444580 0.011230
vt 0.444580 0.176758
vt 0.455322 0.176758
vt 0.444580 0.330078
vt 0.455322 0.330078
vt 0.542969 0.769287
vt 0.535156 0.754395
vt 0.542969 0.754395
vt 0.535156 0.769287
vt 0.495361 0.754395
vt 0.542969 0.784180
vt 0.495361 0.769287
vt 0.437256 0.754395
vt 0.535156 0.784180
vt 0.535156 0.798950
vt 0.542969 0.798950
vt 0.495361 0.784180
vt 0.535156 0.813843
vt 0.542969 0.813843
vt 0.542969 0.828613
vt 0.495361 0.798950
vt 0.535156 0.828613
vt 0.542969 0.843506
vt 0.495361 0.813843
vt 0.535156 0.843506
vt 0.495361 0.828613
vt 0.535156 0.858398
vt 0.542969 0.858398
vt 0.495361 0.843506
vt 0.535156 0.873291
vt 0.542969 0.873291
vt 0.542969 0.888123
vt 0.495361 0.858398
vt 0.535156 0.888123
vt 0.542969 0.903015
vt 0.495361 0.873291
vt 0.535156 0.903015
vt 0.437256 0.843506
vt 0.437256 0.858398
vt 0.495361 0.888123
vt 0.437256 0.828613
vt 0.397217 0.843506
vt 0.437256 0.813843
vt 0.397217 0.828613
vt 0.437256 0.798950
vt 0.389648 0.843506
vt 0.437256 0.784180
vt 0.389648 0.828613
vt 0.437256 0.769287
vt 0.397217 0.813843
vt 0.389648 0.813843
vt 0.389648 0.798950
vt 0.397217 0.798950
vt 0.389648 0.784180
vt 0.397217 0.784180
vt 0.397217 0.769287
vt 0.389648 0.769287
vt 0.397217 0.754395
vt 0.389648 0.754395
vt 0.397217 0.858398
vt 0.389648 0.858398
vt 0.437256 0.873291
vt 0.397217 0.873291
vt 0.389648 0.873291
vt 0.389648 0.888123
vt 0.397217 0.888123
vt 0.389648 0.903015
vt 0.437256 0.888123
vt 0.397217 0.903015
vt 0.495361 0.903015
vt 0.437256 0.903015
vt 0.397217 0.917847
vt 0.389648 0.917847
vt 0.437256 0.917847
vt 0.495361 0.917847
vt 0.437256 0.932678
vt 0.397217 0.932678
vt 0.389648 0.932678
vt 0.389648 0.947510
vt 0.397217 0.947510
vt 0.389648 0.962372
vt 0.437256 0.947510
vt 0.397217 0.962372
vt 0.397217 0.977234
vt 0.389648 0.977234
vt 0.397217 0.992126
vt 0.389648 0.992126
vt 0.437256 0.992126
vt 0.437256 0.977234
vt 0.437256 0.962372
vt 0.495361 0.977234
vt 0.495361 0.992126
vt 0.495361 0.962372
vt 0.495361 0.947510
vt 0.535156 0.977234
vt 0.535156 0.992126
vt 0.535156 0.962372
vt 0.542969 0.977234
vt 0.542969 0.992126
vt 0.542969 0.962372
vt 0.535156 0.947510
vt 0.542969 0.947510
vt 0.495361 0.932678
vt 0.535156 0.932678
vt 0.542969 0.932678
vt 0.542969 0.917847
vt 0.535156 0.917847
vt 0.992188 0.961365
vt 0.992188 0.992126
vt 0.975586 0.992126
vt 0.975586 0.961365
vt 0.992188 0.930603
vt 0.953125 0.992126
vt 0.975586 0.930603
vt 0.992188 0.899841
vt 0.953125 0.961365
vt 0.848145 0.992126
vt 0.975586 0.899841
vt 0.992188 0.869141
vt 0.953125 0.930603
vt 0.848145 0.961365
vt 0.699219 0.992126
vt 0.953125 0.899841
vt 0.848145 0.930603
vt 0.699219 0.961365
vt 0.593750 0.961365
vt 0.593750 0.992126
vt 0.699219 0.930603
vt 0.571289 0.961365
vt 0.571289 0.992126
vt 0.554688 0.961365
vt 0.554688 0.992126
vt 0.554688 0.930603
vt 0.571289 0.930603
vt 0.554688 0.899841
vt 0.593750 0.930603
vt 0.571289 0.899841
vt 0.554688 0.869141
vt 0.593750 0.899841
vt 0.571289 0.869141
vt 0.571289 0.838379
vt 0.554688 0.838379
vt 0.593750 0.869141
vt 0.571289 0.807617
vt 0.554688 0.807617
vt 0.593750 0.838379
vt 0.593750 0.807617
vt 0.571289 0.776855
vt 0.554688 0.776855
vt 0.593750 0.776855
vt 0.571289 0.746094
vt 0.554688 0.746094
vt 0.554688 0.715332
vt 0.593750 0.746094
vt 0.571289 0.715332
vt 0.554688 0.684570
vt 0.699219 0.746094
vt 0.571289 0.684570
vt 0.554688 0.653809
vt 0.593750 0.715332
vt 0.571289 0.653809
vt 0.554688 0.623047
vt 0.593750 0.684570
vt 0.699219 0.715332
vt 0.593750 0.653809
vt 0.699219 0.684570
vt 0.571289 0.623047
vt 0.571289 0.592285
vt 0.554688 0.592285
vt 0.593750 0.623047
vt 0.571289 0.561523
vt 0.554688 0.561523
vt 0.593750 0.592285
vt 0.593750 0.561523
vt 0.571289 0.530762
vt 0.554688 0.530762
vt 0.593750 0.530762
vt 0.571289 0.500000
vt 0.554688 0.500000
vt 0.554688 0.469238
vt 0.593750 0.500000
vt 0.571289 0.469238
vt 0.554688 0.438477
vt 0.571289 0.438477
vt 0.554688 0.407715
vt 0.593750 0.469238
vt 0.571289 0.407715
vt 0.554688 0.376953
vt 0.593750 0.438477
vt 0.699219 0.500000
vt 0.699219 0.469238
vt 0.593750 0.407715
vt 0.699219 0.530762
vt 0.571289 0.376953
vt 0.699219 0.561523
vt 0.571289 0.346191
vt 0.554688 0.346191
vt 0.699219 0.592285
vt 0.571289 0.315430
vt 0.554688 0.315430
vt 0.699219 0.623047
vt 0.571289 0.284668
vt 0.554688 0.284668
vt 0.699219 0.653809
vt 0.571289 0.253906
vt 0.554688 0.253906
vt 0.554688 0.223145
vt 0.571289 0.223145
vt 0.554688 0.192383
vt 0.593750 0.253906
vt 0.571289 0.192383
vt 0.554688 0.161621
vt 0.593750 0.223145
vt 0.593750 0.284668
vt 0.699219 0.253906
vt 0.593750 0.315430
vt 0.699219 0.284668
vt 0.593750 0.346191
vt 0.699219 0.315430
vt 0.593750 0.376953
vt 0.699219 0.346191
vt 0.848145 0.284668
vt 0.699219 0.376953
vt 0.848145 0.315430
vt 0.848145 0.346191
vt 0.699219 0.407715
vt 0.848145 0.376953
vt 0.699219 0.438477
vt 0.848145 0.407715
vt 0.953125 0.376953
vt 0.848145 0.438477
vt 0.953125 0.346191
vt 0.953125 0.407715
vt 0.975586 0.376953
vt 0.953125 0.315430
vt 0.975586 0.346191
vt 0.975586 0.407715
vt 0.992188 0.376953
vt 0.992188 0.346191
vt 0.992188 0.407715
vt 0.975586 0.315430
vt 0.992188 0.315430
vt 0.953125 0.284668
vt 0.975586 0.284668
vt 0.992188 0.284668
vt 0.848145 0.253906
vt 0.953125 0.253906
vt 0.975586 0.253906
vt 0.992188 0.253906
vt 0.992188 0.223145
vt 0.975586 0.223145
vt 0.992188 0.192383
vt 0.953125 0.223145
vt 0.975586 0.192383
vt 0.992188 0.161621
vt 0.848145 0.223145
vt 0.953125 0.192383
vt 0.975586 0.161621
vt 0.992188 0.130859
vt 0.699219 0.223145
vt 0.848145 0.192383
vt 0.953125 0.161621
vt 0.975586 0.130859
vt 0.975586 0.100098
vt 0.992188 0.100098
vt 0.953125 0.130859
vt 0.975586 0.069336
vt 0.992188 0.069336
vt 0.953125 0.100098
vt 0.953125 0.069336
vt 0.975586 0.038574
vt 0.992188 0.038574
vt 0.975586 0.007812
vt 0.992188 0.007812
vt 0.953125 0.007812
vt 0.953125 0.038574
vt 0.848145 0.007812
vt 0.848145 0.038574
vt 0.848145 0.069336
vt 0.699219 0.038574
vt 0.699219 0.007812
vt 0.699219 0.069336
vt 0.848145 0.100098
vt 0.699219 0.100098
vt 0.593750 0.069336
vt 0.593750 0.038574
vt 0.593750 0.007812
vt 0.593750 0.100098
vt 0.571289 0.038574
vt 0.571289 0.007812
vt 0.554688 0.038574
vt 0.554688 0.007812
vt 0.554688 0.069336
vt 0.571289 0.069336
vt 0.554688 0.100098
vt 0.571289 0.100098
vt 0.554688 0.130859
vt 0.571289 0.130859
vt 0.593750 0.130859
vt 0.571289 0.161621
vt 0.593750 0.161621
vt 0.593750 0.192383
vt 0.699219 0.192383
vt 0.699219 0.161621
vt 0.848145 0.161621
vt 0.848145 0.130859
vt 0.699219 0.130859
vt 0.357422 0.979599
vt 0.377930 0.992126
vt 0.357422 0.992126
vt 0.377930 0.979599
vt 0.354248 0.992126
vt 0.357422 0.967072
vt 0.377930 0.967072
vt 0.377930 0.954529
vt 0.354248 0.979599
vt 0.357422 0.954529
vt 0.377930 0.942017
vt 0.354248 0.967072
vt 0.341064 0.979599
vt 0.341064 0.992126
vt 0.354248 0.954529
vt 0.337402 0.979599
vt 0.337402 0.992126
vt 0.341064 0.967072
vt 0.333008 0.979599
vt 0.333008 0.992126
vt 0.224487 0.992126
vt 0.337402 0.967072
vt 0.224487 0.979599
vt 0.220337 0.992126
vt 0.333008 0.967072
vt 0.220337 0.979599
vt 0.217041 0.992126
vt 0.224487 0.967072
vt 0.217041 0.979599
vt 0.220337 0.967072
vt 0.208984 0.979599
vt 0.208984 0.992126
vt 0.206787 0.992126
vt 0.206787 0.979599
vt 0.208984 0.967072
vt 0.206787 0.967072
vt 0.206787 0.954529
vt 0.217041 0.967072
vt 0.208984 0.954529
vt 0.206787 0.942017
vt 0.217041 0.954529
vt 0.208984 0.942017
vt 0.208984 0.929504
vt 0.206787 0.929504
vt 0.217041 0.942017
vt 0.220337 0.954529
vt 0.208984 0.916931
vt 0.206787 0.916931
vt 0.206787 0.904419
vt 0.224487 0.954529
vt 0.220337 0.942017
vt 0.333008 0.954529
vt 0.217041 0.929504
vt 0.220337 0.929504
vt 0.224487 0.942017
vt 0.224487 0.929504
vt 0.220337 0.916931
vt 0.224487 0.916931
vt 0.217041 0.916931
vt 0.217041 0.904419
vt 0.220337 0.904419
vt 0.208984 0.904419
vt 0.206787 0.891907
vt 0.217041 0.891907
vt 0.208984 0.891907
vt 0.208984 0.879333
vt 0.206787 0.879333
vt 0.208984 0.866821
vt 0.206787 0.866821
vt 0.206787 0.854248
vt 0.217041 0.879333
vt 0.208984 0.854248
vt 0.206787 0.841797
vt 0.217041 0.866821
vt 0.208984 0.841797
vt 0.217041 0.854248
vt 0.220337 0.866821
vt 0.220337 0.879333
vt 0.217041 0.841797
vt 0.220337 0.854248
vt 0.224487 0.866821
vt 0.220337 0.891907
vt 0.224487 0.879333
vt 0.224487 0.904419
vt 0.224487 0.891907
vt 0.333008 0.916931
vt 0.333008 0.904419
vt 0.333008 0.879333
vt 0.333008 0.891907
vt 0.337402 0.891907
vt 0.337402 0.904419
vt 0.337402 0.879333
vt 0.333008 0.866821
vt 0.341064 0.891907
vt 0.224487 0.854248
vt 0.337402 0.866821
vt 0.220337 0.841797
vt 0.333008 0.854248
vt 0.224487 0.841797
vt 0.220337 0.829224
vt 0.337402 0.854248
vt 0.217041 0.829224
vt 0.224487 0.829224
vt 0.208984 0.829224
vt 0.206787 0.829224
vt 0.208984 0.816650
vt 0.206787 0.816650
vt 0.206787 0.804199
vt 0.217041 0.816650
vt 0.208984 0.804199
vt 0.206787 0.791626
vt 0.208984 0.791626
vt 0.217041 0.804199
vt 0.217041 0.791626
vt 0.220337 0.816650
vt 0.220337 0.804199
vt 0.220337 0.791626
vt 0.224487 0.816650
vt 0.224487 0.804199
vt 0.224487 0.791626
vt 0.333008 0.816650
vt 0.333008 0.804199
vt 0.333008 0.791626
vt 0.337402 0.791626
vt 0.337402 0.804199
vt 0.341064 0.791626
vt 0.333008 0.829224
vt 0.341064 0.804199
vt 0.354248 0.791626
vt 0.337402 0.816650
vt 0.337402 0.829224
vt 0.333008 0.841797
vt 0.337402 0.841797
vt 0.341064 0.841797
vt 0.341064 0.829224
vt 0.341064 0.816650
vt 0.354248 0.816650
vt 0.354248 0.829224
vt 0.354248 0.804199
vt 0.357422 0.816650
vt 0.357422 0.804199
vt 0.357422 0.791626
vt 0.377930 0.791626
vt 0.377930 0.804199
vt 0.377930 0.816650
vt 0.377930 0.829224
vt 0.357422 0.829224
vt 0.377930 0.841797
vt 0.357422 0.841797
vt 0.354248 0.841797
vt 0.357422 0.854248
vt 0.377930 0.854248
vt 0.341064 0.854248
vt 0.354248 0.854248
vt 0.357422 0.866821
vt 0.377930 0.866821
vt 0.377930 0.879333
vt 0.354248 0.866821
vt 0.357422 0.879333
vt 0.377930 0.891907
vt 0.341064 0.866821
vt 0.341064 0.879333
vt 0.354248 0.879333
vt 0.357422 0.891907
vt 0.354248 0.891907
vt 0.357422 0.904419
vt 0.377930 0.904419
vt 0.354248 0.904419
vt 0.357422 0.916931
vt 0.377930 0.916931
vt 0.377930 0.929504
vt 0.341064 0.904419
vt 0.354248 0.916931
vt 0.357422 0.929504
vt 0.354248 0.929504
vt 0.357422 0.942017
vt 0.354248 0.942017
vt 0.341064 0.954529
vt 0.341064 0.942017
vt 0.337402 0.954529
vt 0.341064 0.929504
vt 0.337402 0.942017
vt 0.341064 0.916931
vt 0.333008 0.942017
vt 0.337402 0.916931
vt 0.337402 0.929504
vt 0.333008 0.929504
vt 0.436523 0.642578
vt 0.416016 0.643799
vt 0.417969 0.634766
vt 0.397461 0.634277
vt 0.431396 0.650391
vt 0.450928 0.656982
vt 0.399170 0.643555
vt 0.378418 0.642090
vt 0.443115 0.662109
vt 0.458496 0.675781
vt 0.383545 0.649902
vt 0.363770 0.656738
vt 0.449463 0.677734
vt 0.458496 0.696289
vt 0.371582 0.661865
vt 0.355957 0.675781
vt 0.400879 0.652832
vt 0.388916 0.657959
vt 0.364990 0.677490
vt 0.379639 0.667236
vt 0.395020 0.667236
vt 0.413818 0.653564
vt 0.403076 0.664062
vt 0.425781 0.658447
vt 0.411865 0.663574
vt 0.435059 0.667480
vt 0.419922 0.667236
vt 0.426025 0.673584
vt 0.439941 0.679688
vt 0.410400 0.670166
vt 0.416260 0.672607
vt 0.404297 0.670410
vt 0.420410 0.677246
vt 0.398438 0.672607
vt 0.429443 0.681885
vt 0.410156 0.701660
vt 0.398438 0.699219
vt 0.404053 0.701660
vt 0.416016 0.699219
vt 0.394531 0.704590
vt 0.422852 0.682861
vt 0.411377 0.708252
vt 0.429199 0.690674
vt 0.402588 0.708008
vt 0.422852 0.689209
vt 0.420410 0.694824
vt 0.425781 0.698730
vt 0.439941 0.692627
vt 0.419678 0.704834
vt 0.435059 0.704590
vt 0.449463 0.694580
vt 0.443115 0.709961
vt 0.450684 0.715088
vt 0.425781 0.713867
vt 0.431152 0.721924
vt 0.436279 0.729492
vt 0.413818 0.718750
vt 0.415527 0.728271
vt 0.417480 0.737305
vt 0.400635 0.718750
vt 0.398926 0.728271
vt 0.396973 0.737305
vt 0.378174 0.729736
vt 0.383301 0.721924
vt 0.363770 0.715088
vt 0.388672 0.713623
vt 0.371582 0.709961
vt 0.355957 0.696289
vt 0.388428 0.698486
vt 0.379639 0.704590
vt 0.364990 0.694336
vt 0.374512 0.692383
vt 0.374512 0.679443
vt 0.385254 0.690186
vt 0.394043 0.694824
vt 0.391602 0.688965
vt 0.385254 0.681396
vt 0.388672 0.673340
vt 0.391602 0.682861
vt 0.394043 0.677002
vt 0.276611 0.685303
vt 0.256104 0.683838
vt 0.274902 0.676025
vt 0.295166 0.676025
vt 0.261230 0.691650
vt 0.241699 0.698242
vt 0.293457 0.685303
vt 0.313965 0.683838
vt 0.249268 0.703613
vt 0.233765 0.717285
vt 0.278564 0.694824
vt 0.266602 0.699707
vt 0.242920 0.719238
vt 0.233765 0.737793
vt 0.257324 0.708984
vt 0.242920 0.736084
vt 0.252441 0.720947
vt 0.266357 0.715088
vt 0.249390 0.751587
vt 0.241699 0.756836
vt 0.252441 0.734131
vt 0.261230 0.763550
vt 0.256348 0.771362
vt 0.257324 0.746094
vt 0.266602 0.755493
vt 0.276855 0.770020
vt 0.275146 0.779175
vt 0.278564 0.760620
vt 0.272705 0.746338
vt 0.293701 0.769653
vt 0.295654 0.778809
vt 0.314453 0.770874
vt 0.291504 0.760010
vt 0.309082 0.763184
vt 0.328613 0.756470
vt 0.281006 0.749268
vt 0.320801 0.751343
vt 0.336426 0.737549
vt 0.303711 0.755127
vt 0.327393 0.735840
vt 0.336426 0.717285
vt 0.312744 0.745850
vt 0.297852 0.746338
vt 0.303955 0.739990
vt 0.317871 0.733887
vt 0.289795 0.750000
vt 0.288330 0.743164
vt 0.293945 0.740723
vt 0.281982 0.743164
vt 0.298340 0.736328
vt 0.276367 0.740723
vt 0.307129 0.731689
vt 0.288086 0.711914
vt 0.276123 0.714355
vt 0.281982 0.711914
vt 0.293945 0.714111
vt 0.272461 0.708740
vt 0.300781 0.730469
vt 0.280518 0.705322
vt 0.289307 0.705322
vt 0.291504 0.694824
vt 0.271729 0.718750
vt 0.262939 0.723389
vt 0.269531 0.724365
vt 0.262939 0.732178
vt 0.266602 0.740234
vt 0.271973 0.736328
vt 0.269531 0.730713
vt 0.308838 0.691650
vt 0.328613 0.698242
vt 0.303467 0.699707
vt 0.320801 0.703613
vt 0.297363 0.708740
vt 0.312744 0.708984
vt 0.327148 0.718994
vt 0.303711 0.714844
vt 0.317871 0.720947
vt 0.298340 0.718506
vt 0.307129 0.722900
vt 0.300537 0.724365
vt 0.124695 0.295898
vt 0.126465 0.334473
vt 0.096252 0.321777
vt 0.069031 0.303711
vt 0.174927 0.305664
vt 0.158569 0.340332
vt 0.191284 0.340332
vt 0.082092 0.267578
vt 0.045868 0.280762
vt 0.027588 0.253418
vt 0.141357 0.254883
vt 0.224976 0.295410
vt 0.223267 0.333984
vt 0.253662 0.321289
vt 0.053589 0.225098
vt 0.015060 0.223145
vt 0.008492 0.191406
vt 0.113037 0.236328
vt 0.043427 0.174805
vt 0.008492 0.158691
vt 0.014633 0.126465
vt 0.094116 0.208008
vt 0.053192 0.125000
vt 0.027176 0.096191
vt 0.045105 0.069336
vt 0.087402 0.174805
vt 0.081421 0.082031
vt 0.068237 0.045898
vt 0.095215 0.027832
vt 0.093872 0.141602
vt 0.112671 0.113281
vt 0.123779 0.053711
vt 0.125488 0.015137
vt 0.157471 0.008789
vt 0.146851 0.147461
vt 0.173828 0.043457
vt 0.190186 0.008789
vt 0.222168 0.014648
vt 0.140869 0.094238
vt 0.159302 0.139160
vt 0.138672 0.160156
vt 0.174438 0.174316
vt 0.135864 0.174805
vt 0.139038 0.189453
vt 0.147461 0.202148
vt 0.160034 0.209961
vt 0.174683 0.261719
vt 0.174805 0.212891
vt 0.208008 0.254883
vt 0.189453 0.209961
vt 0.236084 0.235840
vt 0.267334 0.266602
vt 0.280518 0.303223
vt 0.303711 0.279785
vt 0.201904 0.201172
vt 0.295654 0.224121
vt 0.321533 0.252441
vt 0.334229 0.222168
vt 0.254883 0.207520
vt 0.210083 0.188965
vt 0.261475 0.174316
vt 0.305420 0.173828
vt 0.340332 0.190430
vt 0.340332 0.157715
vt 0.212891 0.174316
vt 0.295166 0.124023
vt 0.333740 0.125488
vt 0.321289 0.095215
vt 0.254639 0.141113
vt 0.209839 0.159180
vt 0.235718 0.112793
vt 0.266602 0.081543
vt 0.302979 0.068359
vt 0.279785 0.044922
vt 0.201294 0.146973
vt 0.207397 0.093750
vt 0.223999 0.053223
vt 0.252441 0.027344
vt 0.188721 0.138672
vt 0.174072 0.087402
vt 0.173950 0.136230
vt 0.699219 0.776855
vt 0.699219 0.807617
vt 0.848145 0.746094
vt 0.699219 0.838379
vt 0.848145 0.776855
vt 0.848145 0.807617
vt 0.699219 0.869141
vt 0.848145 0.838379
vt 0.699219 0.899841
vt 0.848145 0.869141
vt 0.848145 0.899841
vt 0.953125 0.869141
vt 0.975586 0.869141
vt 0.953125 0.838379
vt 0.975586 0.838379
vt 0.992188 0.838379
vt 0.953125 0.807617
vt 0.975586 0.807617
vt 0.992188 0.807617
vt 0.953125 0.776855
vt 0.975586 0.776855
vt 0.992188 0.776855
vt 0.953125 0.746094
vt 0.975586 0.746094
vt 0.992188 0.746094
vt 0.992188 0.715332
vt 0.975586 0.715332
vt 0.992188 0.684570
vt 0.953125 0.715332
vt 0.975586 0.684570
vt 0.992188 0.653809
vt 0.848145 0.715332
vt 0.953125 0.684570
vt 0.975586 0.653809
vt 0.992188 0.623047
vt 0.848145 0.684570
vt 0.953125 0.653809
vt 0.848145 0.653809
vt 0.975586 0.623047
vt 0.848145 0.623047
vt 0.953125 0.623047
vt 0.848145 0.592285
vt 0.953125 0.592285
vt 0.848145 0.561523
vt 0.975586 0.592285
vt 0.992188 0.592285
vt 0.953125 0.561523
vt 0.848145 0.530762
vt 0.975586 0.561523
vt 0.992188 0.561523
vt 0.953125 0.530762
vt 0.848145 0.500000
vt 0.975586 0.530762
vt 0.992188 0.530762
vt 0.953125 0.500000
vt 0.975586 0.500000
vt 0.992188 0.500000
vt 0.992188 0.469238
vt 0.975586 0.469238
vt 0.992188 0.438477
vt 0.953125 0.469238
vt 0.975586 0.438477
vt 0.848145 0.469238
vt 0.953125 0.438477
vt 0.081848 0.613525
vt 0.095703 0.667969
vt 0.068726 0.649658
vt 0.045532 0.626465
vt 0.124207 0.642090
vt 0.125977 0.680420
vt 0.157837 0.687012
vt 0.053619 0.570801
vt 0.027618 0.599365
vt 0.015076 0.569092
vt 0.113098 0.582520
vt 0.174316 0.652100
vt 0.190674 0.687012
vt 0.222656 0.680908
vt 0.141235 0.601562
vt 0.224487 0.642334
vt 0.252930 0.668457
vt 0.280273 0.650635
vt 0.174561 0.608154
vt 0.267090 0.614258
vt 0.303467 0.627441
vt 0.321533 0.600342
vt 0.207886 0.601807
vt 0.295654 0.571777
vt 0.334229 0.570068
vt 0.340820 0.538086
vt 0.236206 0.583008
vt 0.189209 0.556885
vt 0.201782 0.548584
vt 0.174438 0.559570
vt 0.174805 0.521240
vt 0.159790 0.556641
vt 0.210205 0.536377
vt 0.147339 0.548096
vt 0.255127 0.554688
vt 0.213379 0.521484
vt 0.261963 0.521484
vt 0.305908 0.521729
vt 0.340820 0.505371
vt 0.334717 0.473145
vt 0.210571 0.506836
vt 0.296143 0.471680
vt 0.322021 0.442871
vt 0.304199 0.416016
vt 0.255371 0.488281
vt 0.202393 0.494141
vt 0.236572 0.459961
vt 0.267822 0.428711
vt 0.281006 0.392578
vt 0.253906 0.374512
vt 0.225464 0.400391
vt 0.223755 0.361816
vt 0.191772 0.355469
vt 0.189941 0.485840
vt 0.208374 0.440918
vt 0.175293 0.390137
vt 0.158936 0.355469
vt 0.126953 0.361328
vt 0.175171 0.434082
vt 0.175293 0.482910
vt 0.160522 0.485352
vt 0.141846 0.440918
vt 0.125122 0.399902
vt 0.096680 0.374023
vt 0.069458 0.392090
vt 0.082581 0.428223
vt 0.046295 0.415039
vt 0.028030 0.441895
vt 0.147949 0.493652
vt 0.113525 0.459473
vt 0.054016 0.470703
vt 0.015495 0.472168
vt 0.008934 0.504150
vt 0.139404 0.506104
vt 0.094543 0.487793
vt 0.043854 0.520752
vt 0.008934 0.537109
vt 0.136353 0.520752
vt 0.087830 0.520996
vt 0.094360 0.554199
vt 0.139160 0.535645
s 1
usemtl MI_Pickaxe_PopBucket
f 1/1/1 2/2/2 3/3/3
f 3/3/3 2/2/2 4/4/4
f 2/2/2 5/5/5 4/4/4
f 6/6/6 3/3/3 4/4/4
f 4/4/4 5/5/5 7/7/7
f 7/7/7 5/5/5 8/8/8
f 6/6/6 4/4/4 9/9/9
f 9/9/9 4/4/4 7/7/7
f 10/10/10 6/6/6 9/9/9
f 6/6/6 10/10/10 11/11/11
f 9/9/9 7/7/7 12/12/12
f 7/7/7 8/8/8 13/13/13
f 12/12/12 7/7/7 13/13/13
f 8/8/8 14/14/14 13/13/13
f 14/14/14 15/15/15 13/13/13
f 16/16/16 13/13/13 15/15/15
f 13/13/13 16/16/16 17/17/17
f 12/12/12 13/13/13 17/17/17
f 18/18/18 17/17/17 16/16/16
f 18/18/18 12/12/12 17/17/17
f 18/18/18 16/16/16 19/19/19
f 20/20/20 9/9/9 12/12/12
f 12/12/12 18/18/18 20/20/20
f 9/9/9 20/20/20 10/10/10
f 19/19/19 21/21/21 18/18/18
f 21/21/21 20/20/20 18/18/18
f 21/21/21 19/19/19 22/22/22
f 23/23/23 10/10/10 20/20/20
f 20/20/20 21/21/21 23/23/23
f 22/22/22 24/24/24 21/21/21
f 24/24/24 22/22/22 25/25/25
f 26/26/26 23/23/23 21/21/21
f 26/26/26 21/21/21 24/24/24
f 10/10/10 23/23/23 27/27/27
f 27/27/27 11/11/11 10/10/10
f 11/11/11 27/27/27 28/28/28
f 28/28/28 27/27/27 29/29/29
f 27/27/27 23/23/23 30/30/30
f 29/29/29 27/27/27 30/30/30
f 30/30/30 23/23/23 26/26/26
f 31/31/31 29/29/29 30/30/30
f 32/32/32 30/30/30 26/26/26
f 31/31/31 30/30/30 32/32/32
f 33/33/33 26/26/26 24/24/24
f 32/32/32 26/26/26 33/33/33
f 25/25/25 34/34/34 24/24/24
f 33/33/33 24/24/24 34/34/34
f 25/25/25 35/35/35 34/34/34
f 36/36/36 34/34/34 35/35/35
f 36/36/36 33/33/33 34/34/34
f 36/36/36 35/35/35 37/37/37
f 38/38/38 36/36/36 37/37/37
f 39/39/39 32/32/32 33/33/33
f 33/33/33 36/36/36 39/39/39
f 36/36/36 38/38/38 40/40/40
f 40/40/40 39/39/39 36/36/36
f 41/41/41 40/40/40 38/38/38
f 32/32/32 39/39/39 42/42/42
f 42/42/42 31/31/31 32/32/32
f 31/31/31 42/42/42 43/43/43
f 44/44/44 42/42/42 39/39/39
f 39/39/39 40/40/40 44/44/44
f 45/45/45 43/43/43 42/42/42
f 42/42/42 44/44/44 45/45/45
f 43/43/43 45/45/45 46/46/46
f 46/46/46 45/45/45 47/47/47
f 47/47/47 45/45/45 48/48/48
f 45/45/45 44/44/44 48/48/48
f 49/49/49 47/47/47 48/48/48
f 48/48/48 44/44/44 50/50/50
f 50/50/50 44/44/44 40/40/40
f 49/49/49 48/48/48 51/51/51
f 51/51/51 48/48/48 50/50/50
f 50/50/50 40/40/40 52/52/52
f 40/40/40 41/41/41 52/52/52
f 53/53/53 52/52/52 41/41/41
f 54/54/54 50/50/50 52/52/52
f 51/51/51 50/50/50 54/54/54
f 52/52/52 53/53/53 55/55/55
f 54/54/54 52/52/52 55/55/55
f 53/53/53 56/56/56 55/55/55
f 56/56/56 54/54/54 55/55/55
f 53/53/53 57/57/57 56/56/56
f 58/58/58 51/51/51 54/54/54
f 54/54/54 56/56/56 58/58/58
f 59/59/59 56/56/56 57/57/57
f 59/59/59 58/58/58 56/56/56
f 57/57/57 60/60/60 59/59/59
f 51/51/51 58/58/58 61/61/61
f 61/61/61 49/49/49 51/51/51
f 49/49/49 61/61/61 62/62/62
f 63/63/63 61/61/61 58/58/58
f 58/58/58 59/59/59 63/63/63
f 64/64/64 62/62/62 61/61/61
f 61/61/61 63/63/63 64/64/64
f 62/62/62 64/64/64 65/65/65
f 65/65/65 64/64/64 66/66/66
f 66/66/66 64/64/64 67/67/67
f 64/64/64 63/63/63 67/67/67
f 68/68/68 66/66/66 67/67/67
f 67/67/67 63/63/63 69/69/69
f 69/69/69 63/63/63 59/59/59
f 68/68/68 67/67/67 70/70/70
f 70/70/70 67/67/67 69/69/69
f 71/71/71 68/68/68 70/70/70
f 68/68/68 71/71/71 72/72/72
f 72/72/72 73/73/2 74/74/73
f 73/73/2 72/72/72 71/71/71
f 71/71/71 75/75/74 73/73/2
f 75/75/74 71/71/71 76/76/75
f 70/70/70 76/76/75 71/71/71
f 76/76/75 77/77/8 75/75/74
f 76/76/75 70/70/70 78/78/76
f 70/70/70 69/69/69 78/78/76
f 77/77/8 76/76/75 79/79/77
f 78/78/76 79/79/77 76/76/75
f 80/80/78 81/81/79 77/77/8
f 80/80/78 77/77/8 79/79/77
f 82/82/80 80/80/78 79/79/77
f 79/79/77 78/78/76 82/82/80
f 80/80/78 82/82/80 83/83/81
f 78/78/76 84/84/82 82/82/80
f 84/84/82 83/83/81 82/82/80
f 78/78/76 69/69/69 84/84/82
f 69/69/69 59/59/59 84/84/82
f 83/83/81 84/84/82 85/85/83
f 84/84/82 59/59/59 60/60/60
f 84/84/82 60/60/60 85/85/83
f 86/86/84 87/87/85 88/88/86
f 86/86/84 89/89/87 87/87/85
f 89/89/87 86/86/84 90/90/88
f 89/89/87 91/91/89 87/87/85
f 89/89/87 90/90/88 92/92/90
f 89/89/87 93/93/91 91/91/89
f 92/92/90 93/93/91 89/89/87
f 94/94/92 91/91/89 93/93/91
f 91/91/89 94/94/92 95/95/93
f 93/93/91 92/92/90 96/96/94
f 96/96/94 94/94/92 93/93/91
f 90/90/88 97/97/95 92/92/90
f 97/97/95 90/90/88 98/98/96
f 92/92/90 99/99/97 96/96/94
f 99/99/97 92/92/90 97/97/95
f 96/96/94 100/100/98 94/94/92
f 99/99/97 100/100/98 96/96/94
f 101/101/99 95/95/93 94/94/92
f 100/100/98 101/101/99 94/94/92
f 95/95/93 101/101/99 102/102/100
f 101/101/99 103/103/101 102/102/100
f 99/99/97 104/104/102 100/100/98
f 101/101/99 105/105/103 103/103/101
f 105/105/103 106/106/104 103/103/101
f 100/100/98 107/107/105 101/101/99
f 104/104/102 107/107/105 100/100/98
f 101/101/99 108/108/106 105/105/103
f 108/108/106 101/101/99 107/107/105
f 105/105/103 109/109/107 106/106/104
f 109/109/107 105/105/103 108/108/106
f 110/110/108 106/106/104 109/109/107
f 106/106/104 110/110/108 111/111/109
f 109/109/107 108/108/106 112/112/110
f 112/112/110 110/110/108 109/109/107
f 113/113/111 111/111/109 110/110/108
f 111/111/109 113/113/111 114/114/112
f 113/113/111 115/115/113 114/114/112
f 110/110/108 112/112/110 116/116/114
f 116/116/114 113/113/111 110/110/108
f 108/108/106 117/117/115 112/112/110
f 117/117/115 116/116/114 112/112/110
f 113/113/111 118/118/116 115/115/113
f 118/118/116 119/119/117 115/115/113
f 113/113/111 116/116/114 120/120/118
f 120/120/118 118/118/116 113/113/111
f 117/117/115 121/121/119 116/116/114
f 121/121/119 120/120/118 116/116/114
f 117/117/115 108/108/106 122/122/120
f 107/107/105 122/122/120 108/108/106
f 123/123/121 121/121/119 117/117/115
f 122/122/120 123/123/121 117/117/115
f 122/122/120 107/107/105 124/124/122
f 104/104/102 124/124/122 107/107/105
f 123/123/121 122/122/120 125/125/123
f 124/124/122 125/125/123 122/122/120
f 126/126/124 124/124/122 104/104/102
f 125/125/123 124/124/122 127/127/125
f 124/124/122 126/126/124 127/127/125
f 128/128/126 125/125/123 127/127/125
f 126/126/124 128/128/126 127/127/125
f 129/129/127 125/125/123 128/128/126
f 129/129/127 123/123/121 125/125/123
f 128/128/126 126/126/124 130/130/128
f 104/104/102 131/131/129 126/126/124
f 131/131/129 130/130/128 126/126/124
f 131/131/129 104/104/102 99/99/97
f 97/97/95 131/131/129 99/99/97
f 128/128/126 130/130/128 132/132/130
f 132/132/130 129/129/127 128/128/126
f 131/131/129 97/97/95 133/133/131
f 98/98/96 133/133/131 97/97/95
f 133/133/131 98/98/96 134/134/132
f 135/135/133 133/133/131 134/134/132
f 136/136/134 133/133/131 135/135/133
f 136/136/134 131/131/129 133/133/131
f 137/137/135 136/136/134 135/135/133
f 138/138/136 131/131/129 136/136/134
f 130/130/128 131/131/129 138/138/136
f 136/136/134 137/137/135 139/139/137
f 139/139/137 138/138/136 136/136/134
f 140/140/138 139/139/137 137/137/135
f 140/140/138 141/141/78 139/139/137
f 130/130/128 138/138/136 142/142/139
f 142/142/139 132/132/130 130/130/128
f 138/138/136 139/139/137 143/143/140
f 141/141/78 143/143/140 139/139/137
f 143/143/140 142/142/139 138/138/136
f 141/141/78 144/144/141 143/143/140
f 145/145/83 143/143/140 144/144/141
f 143/143/140 145/145/83 142/142/139
f 146/146/60 142/142/139 145/145/83
f 142/142/139 146/146/60 132/132/130
f 146/146/60 147/147/142 132/132/130
f 129/129/127 132/132/130 147/147/142
f 146/146/60 148/148/143 147/147/142
f 147/147/142 149/149/144 129/129/127
f 149/149/144 123/123/121 129/129/127
f 148/148/143 150/150/145 147/147/142
f 149/149/144 147/147/142 150/150/145
f 148/148/143 151/151/53 150/150/145
f 152/152/146 150/150/145 151/151/53
f 150/150/145 152/152/146 153/153/147
f 150/150/145 153/153/147 149/149/144
f 154/154/148 153/153/147 152/152/146
f 155/155/149 123/123/121 149/149/144
f 155/155/149 149/149/144 153/153/147
f 153/153/147 154/154/148 156/156/150
f 153/153/147 156/156/150 155/155/149
f 123/123/121 155/155/149 157/157/151
f 121/121/119 123/123/121 157/157/151
f 158/158/152 155/155/149 156/156/150
f 158/158/152 157/157/151 155/155/149
f 154/154/148 159/159/153 156/156/150
f 154/154/148 160/160/37 159/159/153
f 156/156/150 161/161/154 158/158/152
f 161/161/154 156/156/150 159/159/153
f 157/157/151 158/158/152 162/162/155
f 157/157/151 163/163/156 121/121/119
f 163/163/156 157/157/151 162/162/155
f 121/121/119 163/163/156 120/120/118
f 158/158/152 164/164/157 162/162/155
f 162/162/155 164/164/157 163/163/156
f 164/164/157 158/158/152 161/161/154
f 165/165/158 120/120/118 163/163/156
f 165/165/158 163/163/156 164/164/157
f 120/120/118 165/165/158 166/166/159
f 120/120/118 166/166/159 118/118/116
f 167/167/160 165/165/158 164/164/157
f 161/161/154 167/167/160 164/164/157
f 168/168/161 166/166/159 165/165/158
f 165/165/158 167/167/160 168/168/161
f 169/169/162 118/118/116 166/166/159
f 166/166/159 168/168/161 169/169/162
f 118/118/116 169/169/162 170/170/163
f 118/118/116 170/170/163 119/119/117
f 168/168/161 171/171/164 169/169/162
f 171/171/164 170/170/163 169/169/162
f 172/172/165 119/119/117 170/170/163
f 170/170/163 171/171/164 172/172/165
f 119/119/117 172/172/165 173/173/166
f 168/168/161 174/174/167 171/171/164
f 167/167/160 174/174/167 168/168/161
f 175/175/168 172/172/165 171/171/164
f 174/174/167 175/175/168 171/171/164
f 176/176/169 173/173/166 172/172/165
f 172/172/165 175/175/168 176/176/169
f 173/173/166 176/176/169 177/177/170
f 176/176/169 178/178/171 177/177/170
f 176/176/169 179/179/172 178/178/171
f 179/179/172 180/180/173 178/178/171
f 176/176/169 181/181/174 179/179/172
f 181/181/174 176/176/169 175/175/168
f 179/179/172 182/182/175 180/180/173
f 181/181/174 182/182/175 179/179/172
f 183/183/176 180/180/173 182/182/175
f 180/180/173 183/183/176 184/184/177
f 184/184/177 185/185/178 186/186/179
f 185/185/178 184/184/177 183/183/176
f 185/185/178 183/183/176 187/187/180
f 182/182/175 187/187/180 183/183/176
f 188/188/88 185/185/178 187/187/180
f 181/181/174 189/189/181 182/182/175
f 187/187/180 182/182/175 189/189/181
f 181/181/174 190/190/182 189/189/181
f 190/190/182 187/187/180 189/189/181
f 191/191/183 188/188/88 187/187/180
f 190/190/182 191/191/183 187/187/180
f 191/191/183 192/192/184 188/188/88
f 190/190/182 181/181/174 193/193/185
f 175/175/168 193/193/185 181/181/174
f 194/194/186 192/192/184 191/191/183
f 192/192/184 194/194/186 195/195/187
f 194/194/186 196/196/188 195/195/187
f 197/197/189 191/191/183 190/190/182
f 191/191/183 197/197/189 194/194/186
f 193/193/185 197/197/189 190/190/182
f 196/196/188 194/194/186 198/198/190
f 197/197/189 198/198/190 194/194/186
f 196/196/188 198/198/190 199/199/191
f 193/193/185 175/175/168 200/200/192
f 174/174/167 200/200/192 175/175/168
f 201/201/193 199/199/191 198/198/190
f 201/201/193 202/202/14 199/199/191
f 202/202/14 201/201/193 203/203/194
f 198/198/190 204/204/195 201/201/193
f 198/198/190 197/197/189 204/204/195
f 205/205/196 203/203/194 201/201/193
f 205/205/196 201/201/193 204/204/195
f 203/203/194 205/205/196 206/206/16
f 207/207/197 206/206/16 205/205/196
f 207/207/197 205/205/196 208/208/198
f 204/204/195 208/208/198 205/205/196
f 209/209/199 207/207/197 208/208/198
f 208/208/198 204/204/195 210/210/200
f 204/204/195 197/197/189 210/210/200
f 209/209/199 208/208/198 211/211/201
f 210/210/200 211/211/201 208/208/198
f 210/210/200 197/197/189 212/212/202
f 197/197/189 193/193/185 212/212/202
f 200/200/192 212/212/202 193/193/185
f 210/210/200 212/212/202 213/213/203
f 211/211/201 210/210/200 213/213/203
f 212/212/202 200/200/192 214/214/204
f 213/213/203 212/212/202 214/214/204
f 200/200/192 215/215/205 214/214/204
f 215/215/205 213/213/203 214/214/204
f 215/215/205 200/200/192 174/174/167
f 174/174/167 167/167/160 215/215/205
f 213/213/203 215/215/205 216/216/206
f 167/167/160 216/216/206 215/215/205
f 213/213/203 216/216/206 211/211/201
f 216/216/206 167/167/160 217/217/207
f 217/217/207 167/167/160 161/161/154
f 159/159/153 217/217/207 161/161/154
f 218/218/208 211/211/201 216/216/206
f 216/216/206 217/217/207 218/218/208
f 218/218/208 209/209/199 211/211/201
f 209/209/199 218/218/208 219/219/25
f 217/217/207 159/159/153 220/220/209
f 220/220/209 218/218/208 217/217/207
f 220/220/209 219/219/25 218/218/208
f 160/160/37 220/220/209 159/159/153
f 219/219/25 220/220/209 221/221/210
f 220/220/209 160/160/37 221/221/210
f 222/222/211 223/223/179 224/224/212
f 224/224/212 225/225/213 222/222/211
f 226/226/214 222/222/211 225/225/213
f 227/227/215 225/225/213 224/224/212
f 225/225/213 228/228/216 226/226/214
f 228/228/216 229/229/217 226/226/214
f 225/225/213 227/227/215 230/230/218
f 230/230/218 228/228/216 225/225/213
f 227/227/215 231/231/219 230/230/218
f 231/231/219 227/227/215 232/232/220
f 228/228/216 230/230/218 233/233/221
f 232/232/220 234/234/222 231/231/219
f 234/234/222 232/232/220 235/235/223
f 236/236/224 230/230/218 231/231/219
f 230/230/218 236/236/224 233/233/221
f 237/237/225 231/231/219 234/234/222
f 231/231/219 237/237/225 236/236/224
f 235/235/223 238/238/226 234/234/222
f 238/238/226 235/235/223 239/239/227
f 234/234/222 240/240/228 237/237/225
f 240/240/228 234/234/222 238/238/226
f 239/239/227 241/241/229 238/238/226
f 241/241/229 239/239/227 242/242/230
f 242/242/230 243/243/231 241/241/229
f 244/244/232 238/238/226 241/241/229
f 238/238/226 244/244/232 240/240/228
f 241/241/229 243/243/231 245/245/233
f 241/241/229 245/245/233 244/244/232
f 243/243/231 246/246/234 245/245/233
f 245/245/233 246/246/234 247/247/235
f 248/248/236 247/247/235 246/246/234
f 245/245/233 247/247/235 249/249/237
f 244/244/232 245/245/233 249/249/237
f 247/247/235 248/248/236 250/250/238
f 251/251/239 250/250/238 248/248/236
f 249/249/237 247/247/235 252/252/240
f 250/250/238 252/252/240 247/247/235
f 250/250/238 251/251/239 253/253/241
f 253/253/241 251/251/239 254/254/242
f 254/254/242 255/255/243 253/253/241
f 256/256/244 253/253/241 255/255/243
f 253/253/241 256/256/244 250/250/238
f 256/256/244 255/255/243 257/257/245
f 250/250/238 256/256/244 258/258/246
f 252/252/240 250/250/238 258/258/246
f 259/259/247 256/256/244 257/257/245
f 259/259/247 258/258/246 256/256/244
f 259/259/247 257/257/245 260/260/248
f 261/261/249 259/259/247 260/260/248
f 262/262/250 252/252/240 258/258/246
f 258/258/246 259/259/247 262/262/250
f 252/252/240 262/262/250 263/263/251
f 263/263/251 249/249/237 252/252/240
f 259/259/247 264/264/252 262/262/250
f 264/264/252 263/263/251 262/262/250
f 259/259/247 261/261/249 265/265/253
f 264/264/252 259/259/247 265/265/253
f 261/261/249 266/266/254 265/265/253
f 266/266/254 264/264/252 265/265/253
f 266/266/254 261/261/249 267/267/255
f 249/249/237 263/263/251 268/268/256
f 268/268/256 244/244/232 249/249/237
f 269/269/257 266/266/254 267/267/255
f 267/267/255 270/270/258 269/269/257
f 266/266/254 269/269/257 271/271/259
f 271/271/259 264/264/252 266/266/254
f 272/272/260 269/269/257 270/270/258
f 272/272/260 270/270/258 273/273/261
f 274/274/262 272/272/260 273/273/261
f 275/275/263 271/271/259 269/269/257
f 269/269/257 272/272/260 275/275/263
f 276/276/264 264/264/252 271/271/259
f 277/277/265 271/271/259 275/275/263
f 271/271/259 277/277/265 276/276/264
f 275/275/263 272/272/260 278/278/266
f 278/278/266 277/277/265 275/275/263
f 264/264/252 276/276/264 279/279/267
f 263/263/251 264/264/252 279/279/267
f 279/279/267 268/268/256 263/263/251
f 280/280/268 276/276/264 277/277/265
f 281/281/269 279/279/267 276/276/264
f 281/281/269 276/276/264 280/280/268
f 268/268/256 279/279/267 282/282/270
f 282/282/270 279/279/267 281/281/269
f 282/282/270 283/283/271 268/268/256
f 244/244/232 268/268/256 283/283/271
f 284/284/272 282/282/270 281/281/269
f 285/285/273 244/244/232 283/283/271
f 240/240/228 244/244/232 285/285/273
f 283/283/271 282/282/270 286/286/274
f 286/286/274 282/282/270 284/284/272
f 287/287/275 283/283/271 286/286/274
f 284/284/272 287/287/275 286/286/274
f 285/285/273 283/283/271 287/287/275
f 284/284/272 281/281/269 288/288/276
f 288/288/276 281/281/269 280/280/268
f 287/287/275 284/284/272 289/289/277
f 288/288/276 289/289/277 284/284/272
f 290/290/278 285/285/273 287/287/275
f 289/289/277 290/290/278 287/287/275
f 291/291/279 240/240/228 285/285/273
f 291/291/279 285/285/273 290/290/278
f 237/237/225 240/240/228 291/291/279
f 290/290/278 289/289/277 292/292/280
f 293/293/281 237/237/225 291/291/279
f 236/236/224 237/237/225 293/293/281
f 294/294/282 291/291/279 290/290/278
f 293/293/281 291/291/279 294/294/282
f 292/292/280 294/294/282 290/290/278
f 295/295/283 236/236/224 293/293/281
f 236/236/224 295/295/283 233/233/221
f 296/296/284 293/293/281 294/294/282
f 293/293/281 296/296/284 295/295/283
f 297/297/285 233/233/221 295/295/283
f 295/295/283 296/296/284 297/297/285
f 233/233/221 297/297/285 228/228/216
f 229/229/217 228/228/216 297/297/285
f 298/298/286 229/229/217 297/297/285
f 296/296/284 298/298/286 297/297/285
f 229/229/217 298/298/286 299/299/170
f 300/300/287 296/296/284 294/294/282
f 294/294/282 292/292/280 300/300/287
f 296/296/284 301/301/288 298/298/286
f 296/296/284 300/300/287 301/301/288
f 302/302/289 299/299/170 298/298/286
f 302/302/289 298/298/286 301/301/288
f 299/299/170 302/302/289 303/303/290
f 304/304/291 303/303/290 302/302/289
f 303/303/290 304/304/291 305/305/292
f 301/301/288 306/306/293 302/302/289
f 302/302/289 306/306/293 304/304/291
f 307/307/294 305/305/292 304/304/291
f 306/306/293 307/307/294 304/304/291
f 305/305/292 307/307/294 308/308/295
f 301/301/288 309/309/296 306/306/293
f 309/309/296 301/301/288 300/300/287
f 307/307/294 306/306/293 310/310/297
f 309/309/296 310/310/297 306/306/293
f 311/311/298 308/308/295 307/307/294
f 310/310/297 311/311/298 307/307/294
f 308/308/295 311/311/298 312/312/299
f 311/311/298 313/313/300 312/312/299
f 300/300/287 314/314/301 309/309/296
f 314/314/301 300/300/287 292/292/280
f 310/310/297 309/309/296 315/315/302
f 309/309/296 314/314/301 315/315/302
f 311/311/298 310/310/297 316/316/303
f 315/315/302 316/316/303 310/310/297
f 292/292/280 317/317/304 314/314/301
f 317/317/304 292/292/280 289/289/277
f 289/289/277 288/288/276 317/317/304
f 315/315/302 314/314/301 318/318/305
f 314/314/301 317/317/304 318/318/305
f 316/316/303 315/315/302 319/319/306
f 315/315/302 318/318/305 319/319/306
f 318/318/305 317/317/304 320/320/307
f 317/317/304 288/288/276 320/320/307
f 319/319/306 318/318/305 321/321/308
f 318/318/305 320/320/307 321/321/308
f 319/319/306 322/322/309 316/316/303
f 323/323/310 319/319/306 321/321/308
f 319/319/306 323/323/310 322/322/309
f 321/321/308 320/320/307 324/324/311
f 325/325/312 316/316/303 322/322/309
f 316/316/303 325/325/312 311/311/298
f 321/321/308 326/326/313 323/323/310
f 326/326/313 321/321/308 324/324/311
f 311/311/298 325/325/312 327/327/314
f 313/313/300 311/311/298 327/327/314
f 328/328/315 327/327/314 325/325/312
f 329/329/316 313/313/300 327/327/314
f 327/327/314 328/328/315 329/329/316
f 313/313/300 329/329/316 330/330/317
f 328/328/315 325/325/312 331/331/318
f 322/322/309 331/331/318 325/325/312
f 328/328/315 332/332/319 329/329/316
f 331/331/318 332/332/319 328/328/315
f 333/333/320 330/330/317 329/329/316
f 333/333/320 329/329/316 332/332/319
f 330/330/317 333/333/320 334/334/321
f 335/335/100 334/334/321 333/333/320
f 322/322/309 336/336/322 331/331/318
f 336/336/322 322/322/309 323/323/310
f 333/333/320 337/337/323 335/335/100
f 338/338/324 335/335/100 337/337/323
f 323/323/310 339/339/325 336/336/322
f 339/339/325 323/323/310 326/326/313
f 331/331/318 336/336/322 340/340/326
f 332/332/319 331/331/318 340/340/326
f 336/336/322 339/339/325 341/341/327
f 340/340/326 336/336/322 341/341/327
f 342/342/328 333/333/320 332/332/319
f 340/340/326 342/342/328 332/332/319
f 333/333/320 342/342/328 337/337/323
f 340/340/326 341/341/327 343/343/329
f 342/342/328 340/340/326 343/343/329
f 342/342/328 344/344/330 337/337/323
f 338/338/324 337/337/323 344/344/330
f 344/344/330 342/342/328 345/345/331
f 346/346/332 338/338/324 344/344/330
f 345/345/331 346/346/332 344/344/330
f 338/338/324 346/346/332 347/347/333
f 346/346/332 348/348/334 347/347/333
f 342/342/328 349/349/335 345/345/331
f 349/349/335 342/342/328 343/343/329
f 346/346/332 350/350/336 348/348/334
f 350/350/336 351/351/337 348/348/334
f 350/350/336 352/352/212 351/351/337
f 346/346/332 345/345/331 353/353/338
f 353/353/338 350/350/336 346/346/332
f 354/354/339 352/352/212 350/350/336
f 350/350/336 353/353/338 354/354/339
f 352/352/212 354/354/339 355/355/340
f 345/345/331 356/356/341 353/353/338
f 356/356/341 354/354/339 353/353/338
f 356/356/341 345/345/331 349/349/335
f 357/357/342 355/355/340 354/354/339
f 354/354/339 356/356/341 357/357/342
f 355/355/340 357/357/342 358/358/343
f 349/349/335 359/359/344 356/356/341
f 356/356/341 359/359/344 357/357/342
f 357/357/342 360/360/345 358/358/343
f 357/357/342 359/359/344 360/360/345
f 358/358/343 360/360/345 361/361/346
f 359/359/344 349/349/335 362/362/347
f 343/343/329 362/362/347 349/349/335
f 359/359/344 363/363/348 360/360/345
f 362/362/347 363/363/348 359/359/344
f 360/360/345 364/364/349 361/361/346
f 360/360/345 363/363/348 364/364/349
f 361/361/346 364/364/349 365/365/350
f 362/362/347 343/343/329 366/366/351
f 343/343/329 341/341/327 366/366/351
f 363/363/348 362/362/347 367/367/352
f 366/366/351 367/367/352 362/362/347
f 363/363/348 368/368/353 364/364/349
f 367/367/352 368/368/353 363/363/348
f 364/364/349 369/369/354 365/365/350
f 364/364/349 368/368/353 369/369/354
f 365/365/350 369/369/354 370/370/355
f 369/369/354 371/371/356 370/370/355
f 371/371/356 369/369/354 372/372/357
f 368/368/353 372/372/357 369/369/354
f 372/372/357 373/373/358 371/371/356
f 373/373/358 372/372/357 374/374/359
f 374/374/359 375/375/360 373/373/358
f 372/372/357 368/368/353 376/376/361
f 376/376/361 374/374/359 372/372/357
f 375/375/360 374/374/359 377/377/362
f 375/375/360 377/377/362 378/378/239
f 374/374/359 376/376/361 379/379/363
f 379/379/363 377/377/362 374/374/359
f 380/380/364 378/378/239 377/377/362
f 380/380/364 381/381/242 378/378/239
f 381/381/242 380/380/364 382/382/365
f 377/377/362 383/383/366 380/380/364
f 377/377/362 379/379/363 383/383/366
f 384/384/367 382/382/365 380/380/364
f 380/380/364 383/383/366 384/384/367
f 382/382/365 384/384/367 385/385/368
f 384/384/367 386/386/369 385/385/368
f 384/384/367 387/387/370 386/386/369
f 383/383/366 387/387/370 384/384/367
f 387/387/370 388/388/371 386/386/369
f 387/387/370 383/383/366 389/389/372
f 379/379/363 389/389/372 383/383/366
f 387/387/370 390/390/373 388/388/371
f 389/389/372 390/390/373 387/387/370
f 391/391/374 388/388/371 390/390/373
f 389/389/372 379/379/363 392/392/375
f 376/376/361 392/392/375 379/379/363
f 390/390/373 389/389/372 393/393/376
f 392/392/375 393/393/376 389/389/372
f 390/390/373 394/394/377 391/391/374
f 393/393/376 394/394/377 390/390/373
f 395/395/378 391/391/374 394/394/377
f 396/396/379 392/392/375 376/376/361
f 368/368/353 396/396/379 376/376/361
f 393/393/376 392/392/375 397/397/380
f 396/396/379 397/397/380 392/392/375
f 398/398/381 396/396/379 368/368/353
f 368/368/353 367/367/352 398/398/381
f 399/399/382 397/397/380 396/396/379
f 398/398/381 399/399/382 396/396/379
f 400/400/383 398/398/381 367/367/352
f 367/367/352 366/366/351 400/400/383
f 401/401/384 399/399/382 398/398/381
f 398/398/381 400/400/383 401/401/384
f 402/402/385 399/399/382 401/401/384
f 400/400/383 402/402/385 401/401/384
f 366/366/351 403/403/386 400/400/383
f 403/403/386 402/402/385 400/400/383
f 341/341/327 403/403/386 366/366/351
f 341/341/327 339/339/325 403/403/386
f 399/399/382 402/402/385 404/404/387
f 404/404/387 397/397/380 399/399/382
f 403/403/386 405/405/388 402/402/385
f 339/339/325 405/405/388 403/403/386
f 405/405/388 404/404/387 402/402/385
f 326/326/313 405/405/388 339/339/325
f 397/397/380 404/404/387 406/406/389
f 406/406/389 393/393/376 397/397/380
f 404/404/387 405/405/388 407/407/390
f 407/407/390 406/406/389 404/404/387
f 405/405/388 326/326/313 408/408/391
f 324/324/311 408/408/391 326/326/313
f 405/405/388 409/409/392 407/407/390
f 408/408/391 409/409/392 405/405/388
f 393/393/376 406/406/389 410/410/393
f 394/394/377 393/393/376 410/410/393
f 406/406/389 407/407/390 411/411/394
f 411/411/394 410/410/393 406/406/389
f 410/410/393 412/412/395 394/394/377
f 410/410/393 411/411/394 412/412/395
f 413/413/396 394/394/377 412/412/395
f 394/394/377 413/413/396 395/395/378
f 413/413/396 414/414/397 395/395/378
f 411/411/394 415/415/398 412/412/395
f 412/412/395 415/415/398 413/413/396
f 414/414/397 413/413/396 416/416/399
f 413/413/396 415/415/398 416/416/399
f 416/416/399 274/274/262 414/414/397
f 274/274/262 416/416/399 417/417/400
f 415/415/398 417/417/400 416/416/399
f 272/272/260 274/274/262 417/417/400
f 415/415/398 411/411/394 418/418/401
f 407/407/390 418/418/401 411/411/394
f 409/409/392 418/418/401 407/407/390
f 417/417/400 415/415/398 419/419/402
f 419/419/402 272/272/260 417/417/400
f 418/418/401 419/419/402 415/415/398
f 272/272/260 419/419/402 278/278/266
f 409/409/392 420/420/403 418/418/401
f 419/419/402 418/418/401 420/420/403
f 278/278/266 419/419/402 421/421/404
f 420/420/403 421/421/404 419/419/402
f 277/277/265 278/278/266 421/421/404
f 421/421/404 280/280/268 277/277/265
f 280/280/268 421/421/404 422/422/405
f 420/420/403 422/422/405 421/421/404
f 422/422/405 288/288/276 280/280/268
f 423/423/406 420/420/403 409/409/392
f 422/422/405 420/420/403 423/423/406
f 408/408/391 423/423/406 409/409/392
f 288/288/276 422/422/405 424/424/407
f 423/423/406 424/424/407 422/422/405
f 320/320/307 288/288/276 424/424/407
f 320/320/307 424/424/407 324/324/311
f 425/425/408 423/423/406 408/408/391
f 424/424/407 423/423/406 425/425/408
f 408/408/391 324/324/311 425/425/408
f 324/324/311 424/424/407 425/425/408
f 426/426/409 427/427/410 428/428/411
f 427/427/410 426/426/409 429/429/412
f 429/429/412 430/430/413 427/427/410
f 431/431/414 429/429/412 426/426/409
f 430/430/413 429/429/412 432/432/415
f 432/432/415 433/433/416 430/430/413
f 429/429/412 431/431/414 434/434/417
f 434/434/417 432/432/415 429/429/412
f 431/431/414 435/435/418 434/434/417
f 435/435/418 431/431/414 436/436/419
f 432/432/415 434/434/417 437/437/420
f 436/436/419 438/438/421 435/435/418
f 438/438/421 436/436/419 439/439/422
f 440/440/423 438/438/421 439/439/422
f 441/441/424 434/434/417 435/435/418
f 434/434/417 441/441/424 437/437/420
f 438/438/421 440/440/423 442/442/425
f 443/443/426 442/442/425 440/440/423
f 444/444/427 435/435/418 438/438/421
f 442/442/425 444/444/427 438/438/421
f 435/435/418 444/444/427 441/441/424
f 442/442/425 443/443/426 445/445/428
f 444/444/427 442/442/425 446/446/429
f 445/445/428 446/446/429 442/442/425
f 443/443/426 447/447/430 445/445/428
f 447/447/430 443/443/426 448/448/431
f 446/446/429 445/445/428 449/449/432
f 448/448/431 450/450/433 447/447/430
f 450/450/433 448/448/431 451/451/434
f 452/452/435 450/450/433 451/451/434
f 447/447/430 453/453/436 445/445/428
f 449/449/432 445/445/428 453/453/436
f 450/450/433 452/452/435 454/454/437
f 455/455/438 454/454/437 452/452/435
f 450/450/433 456/456/439 447/447/430
f 454/454/437 456/456/439 450/450/433
f 453/453/436 447/447/430 456/456/439
f 454/454/437 455/455/438 457/457/440
f 453/453/436 458/458/441 449/449/432
f 458/458/441 446/446/429 449/449/432
f 456/456/439 459/459/442 453/453/436
f 458/458/441 453/453/436 459/459/442
f 456/456/439 454/454/437 460/460/443
f 457/457/440 460/460/443 454/454/437
f 446/446/429 458/458/441 461/461/444
f 461/461/444 444/444/427 446/446/429
f 462/462/445 461/461/444 458/458/441
f 462/462/445 458/458/441 459/459/442
f 444/444/427 461/461/444 463/463/446
f 463/463/446 441/441/424 444/444/427
f 461/461/444 462/462/445 464/464/447
f 464/464/447 463/463/446 461/461/444
f 441/441/424 463/463/446 465/465/448
f 465/465/448 437/437/420 441/441/424
f 466/466/449 464/464/447 462/462/445
f 437/437/420 465/465/448 467/467/450
f 467/467/450 432/432/415 437/437/420
f 464/464/447 466/466/449 468/468/451
f 432/432/415 467/467/450 469/469/452
f 433/433/416 432/432/415 469/469/452
f 468/468/451 470/470/453 464/464/447
f 463/463/446 464/464/447 470/470/453
f 470/470/453 468/468/451 471/471/454
f 472/472/455 470/470/453 471/471/454
f 473/473/456 463/463/446 470/470/453
f 473/473/456 470/470/453 472/472/455
f 473/473/456 465/465/448 463/463/446
f 474/474/457 473/473/456 472/472/455
f 475/475/458 465/465/448 473/473/456
f 474/474/457 475/475/458 473/473/456
f 475/475/458 467/467/450 465/465/448
f 475/475/458 469/469/452 467/467/450
f 474/474/457 476/476/459 475/475/458
f 469/469/452 475/475/458 476/476/459
f 476/476/459 433/433/416 469/469/452
f 476/476/459 474/474/457 477/477/460
f 433/433/416 476/476/459 478/478/461
f 477/477/460 478/478/461 476/476/459
f 478/478/461 477/477/460 479/479/462
f 466/466/449 462/462/445 480/480/463
f 462/462/445 459/459/442 480/480/463
f 466/466/449 480/480/463 481/481/464
f 480/480/463 459/459/442 482/482/465
f 459/459/442 456/456/439 482/482/465
f 480/480/463 483/483/466 481/481/464
f 480/480/463 482/482/465 483/483/466
f 481/481/464 483/483/466 484/484/467
f 483/483/466 485/485/468 484/484/467
f 460/460/443 482/482/465 456/456/439
f 485/485/468 483/483/466 486/486/469
f 482/482/465 486/486/469 483/483/466
f 486/486/469 487/487/470 485/485/468
f 482/482/465 460/460/443 488/488/471
f 486/486/469 482/482/465 488/488/471
f 487/487/470 486/486/469 489/489/472
f 488/488/471 489/489/472 486/486/469
f 490/490/473 488/488/471 460/460/443
f 460/460/443 457/457/440 490/490/473
f 489/489/472 488/488/471 491/491/474
f 488/488/471 490/490/473 491/491/474
f 489/489/472 492/492/475 487/487/470
f 493/493/476 487/487/470 492/492/475
f 494/494/477 489/489/472 491/491/474
f 491/491/474 490/490/473 494/494/477
f 494/494/477 492/492/475 489/489/472
f 495/495/478 494/494/477 490/490/473
f 457/457/440 495/495/478 490/490/473
f 496/496/479 492/492/475 494/494/477
f 494/494/477 495/495/478 496/496/479
f 497/497/480 493/493/476 492/492/475
f 496/496/479 497/497/480 492/492/475
f 498/498/481 493/493/476 497/497/480
f 497/497/480 499/499/482 498/498/481
f 499/499/482 497/497/480 500/500/483
f 496/496/479 500/500/483 497/497/480
f 500/500/483 501/501/484 499/499/482
f 500/500/483 496/496/479 502/502/485
f 501/501/484 500/500/483 503/503/486
f 502/502/485 503/503/486 500/500/483
f 501/501/484 503/503/486 504/504/487
f 501/501/484 504/504/487 505/505/488
f 505/505/488 506/506/489 507/507/490
f 504/504/487 506/506/489 505/505/488
f 504/504/487 508/508/491 506/506/489
f 503/503/486 509/509/492 504/504/487
f 504/504/487 509/509/492 508/508/491
f 503/503/486 502/502/485 510/510/493
f 503/503/486 510/510/493 509/509/492
f 511/511/494 508/508/491 509/509/492
f 508/508/491 511/511/494 512/512/413
f 513/513/495 509/509/492 510/510/493
f 509/509/492 513/513/495 511/511/494
f 502/502/485 514/514/496 510/510/493
f 513/513/495 510/510/493 514/514/496
f 511/511/494 515/515/497 512/512/413
f 516/516/498 512/512/413 515/515/497
f 513/513/495 517/517/499 511/511/494
f 515/515/497 511/511/494 517/517/499
f 514/514/496 517/517/499 513/513/495
f 518/518/500 516/516/498 515/515/497
f 516/516/498 518/518/500 519/519/411
f 515/515/497 520/520/501 518/518/500
f 520/520/501 515/515/497 517/517/499
f 521/521/502 520/520/501 517/517/499
f 517/517/499 514/514/496 521/521/502
f 520/520/501 521/521/502 522/522/503
f 514/514/496 502/502/485 523/523/504
f 523/523/504 521/521/502 514/514/496
f 496/496/479 523/523/504 502/502/485
f 523/523/504 496/496/479 495/495/478
f 524/524/505 522/522/503 521/521/502
f 521/521/502 523/523/504 524/524/505
f 522/522/503 524/524/505 525/525/506
f 526/526/507 525/525/506 524/524/505
f 527/527/508 523/523/504 495/495/478
f 523/523/504 527/527/508 524/524/505
f 524/524/505 527/527/508 526/526/507
f 495/495/478 457/457/440 527/527/508
f 526/526/507 527/527/508 455/455/438
f 527/527/508 457/457/440 455/455/438
f 528/528/509 529/529/510 530/530/511
f 528/528/509 530/530/511 531/531/512
f 532/532/513 528/528/509 531/531/512
f 530/530/511 533/533/514 531/531/512
f 532/532/513 531/531/512 534/534/515
f 532/532/513 534/534/515 535/535/516
f 531/531/512 533/533/514 536/536/517
f 531/531/512 536/536/517 534/534/515
f 533/533/514 537/537/518 536/536/517
f 535/535/516 534/534/515 538/538/519
f 535/535/516 538/538/519 539/539/520
f 534/534/515 536/536/517 540/540/521
f 534/534/515 540/540/521 538/538/519
f 536/536/517 537/537/518 541/541/522
f 541/541/522 540/540/521 536/536/517
f 537/537/518 542/542/523 541/541/522
f 538/538/519 540/540/521 543/543/524
f 540/540/521 541/541/522 544/544/525
f 540/540/521 544/544/525 543/543/524
f 541/541/522 542/542/523 545/545/526
f 545/545/526 544/544/525 541/541/522
f 542/542/523 546/546/527 545/545/526
f 546/546/527 542/542/523 547/547/528
f 544/544/525 545/545/526 548/548/529
f 547/547/528 549/549/530 546/546/527
f 549/549/530 547/547/528 550/550/531
f 551/551/532 550/550/531 552/552/533
f 550/550/531 551/551/532 549/549/530
f 553/553/534 549/549/530 551/551/532
f 549/549/530 553/553/534 554/554/535
f 554/554/535 546/546/527 549/549/530
f 555/555/536 554/554/535 553/553/534
f 556/556/537 545/545/526 546/546/527
f 546/546/527 554/554/535 556/556/537
f 545/545/526 556/556/537 548/548/529
f 554/554/535 555/555/536 557/557/538
f 557/557/538 556/556/537 554/554/535
f 558/558/539 557/557/538 555/555/536
f 556/556/537 557/557/538 559/559/540
f 559/559/540 548/548/529 556/556/537
f 560/560/541 557/557/538 558/558/539
f 560/560/541 559/559/540 557/557/538
f 558/558/539 561/561/542 560/560/541
f 561/561/542 558/558/539 562/562/543
f 559/559/540 560/560/541 563/563/544
f 562/562/543 564/564/545 561/561/542
f 564/564/545 562/562/543 565/565/546
f 566/566/547 560/560/541 561/561/542
f 560/560/541 566/566/547 563/563/544
f 567/567/548 561/561/542 564/564/545
f 561/561/542 567/567/548 566/566/547
f 565/565/546 568/568/549 564/564/545
f 568/568/549 565/565/546 569/569/550
f 564/564/545 570/570/551 567/567/548
f 570/570/551 564/564/545 568/568/549
f 569/569/550 571/571/552 568/568/549
f 571/571/552 569/569/550 572/572/553
f 573/573/554 571/571/552 572/572/553
f 574/574/555 568/568/549 571/571/552
f 568/568/549 574/574/555 570/570/551
f 575/575/556 571/571/552 573/573/554
f 575/575/556 574/574/555 571/571/552
f 576/576/557 575/575/556 573/573/554
f 577/577/558 570/570/551 574/574/555
f 578/578/559 575/575/556 576/576/557
f 579/579/560 578/578/559 576/576/557
f 580/580/561 574/574/555 575/575/556
f 578/578/559 580/580/561 575/575/556
f 580/580/561 577/577/558 574/574/555
f 581/581/562 578/578/559 579/579/560
f 579/579/560 582/582/563 581/581/562
f 583/583/564 580/580/561 578/578/559
f 581/581/562 583/583/564 578/578/559
f 583/583/564 584/584/565 580/580/561
f 580/580/561 584/584/565 577/577/558
f 585/585/566 583/583/564 581/581/562
f 584/584/565 583/583/564 586/586/567
f 585/585/566 586/586/567 583/583/564
f 587/587/568 581/581/562 582/582/563
f 587/587/568 585/585/566 581/581/562
f 582/582/563 588/588/569 587/587/568
f 588/588/569 582/582/563 589/589/570
f 590/590/571 585/585/566 587/587/568
f 589/589/570 591/591/572 588/588/569
f 591/591/572 589/589/570 592/592/573
f 593/593/574 587/587/568 588/588/569
f 587/587/568 593/593/574 590/590/571
f 594/594/575 588/588/569 591/591/572
f 588/588/569 594/594/575 593/593/574
f 592/592/573 595/595/576 591/591/572
f 595/595/576 592/592/573 596/596/577
f 591/591/572 597/597/578 594/594/575
f 597/597/578 591/591/572 595/595/576
f 596/596/577 598/598/579 595/595/576
f 598/598/579 596/596/577 599/599/580
f 599/599/580 600/600/581 598/598/579
f 601/601/582 595/595/576 598/598/579
f 595/595/576 601/601/582 597/597/578
f 602/602/583 598/598/579 600/600/581
f 598/598/579 602/602/583 601/601/582
f 600/600/581 603/603/584 602/602/583
f 604/604/585 602/602/583 603/603/584
f 603/603/584 605/605/586 604/604/585
f 602/602/583 606/606/587 601/601/582
f 602/602/583 604/604/585 606/606/587
f 605/605/586 607/607/588 604/604/585
f 605/605/586 608/608/589 607/607/588
f 604/604/585 609/609/590 606/606/587
f 604/604/585 607/607/588 609/609/590
f 610/610/591 601/601/582 606/606/587
f 601/601/582 610/610/591 597/597/578
f 609/609/590 611/611/592 606/606/587
f 606/606/587 611/611/592 610/610/591
f 607/607/588 612/612/593 609/609/590
f 597/597/578 610/610/591 613/613/594
f 613/613/594 594/594/575 597/597/578
f 607/607/588 614/614/595 612/612/593
f 608/608/589 614/614/595 607/607/588
f 594/594/575 613/613/594 615/615/596
f 594/594/575 615/615/596 593/593/574
f 608/608/589 616/616/597 614/614/595
f 616/616/597 608/608/589 617/617/598
f 593/593/574 615/615/596 618/618/599
f 618/618/599 590/590/571 593/593/574
f 617/617/598 619/619/600 616/616/597
f 619/619/600 617/617/598 620/620/601
f 590/590/571 618/618/599 621/621/602
f 620/620/601 622/622/603 619/619/600
f 622/622/603 620/620/601 623/623/604
f 624/624/605 590/590/571 621/621/602
f 590/590/571 624/624/605 585/585/566
f 585/585/566 624/624/605 586/586/567
f 623/623/604 625/625/606 622/622/603
f 625/625/606 623/623/604 626/626/607
f 626/626/607 627/627/608 625/625/606
f 625/625/606 627/627/608 628/628/609
f 627/627/608 629/629/610 628/628/609
f 630/630/611 622/622/603 625/625/606
f 630/630/611 625/625/606 628/628/609
f 628/628/609 629/629/610 631/631/612
f 631/631/612 629/629/610 632/632/613
f 630/630/611 628/628/609 633/633/614
f 633/633/614 628/628/609 631/631/612
f 622/622/603 630/630/611 634/634/615
f 634/634/615 619/619/600 622/622/603
f 635/635/616 630/630/611 633/633/614
f 630/630/611 635/635/616 634/634/615
f 619/619/600 634/634/615 636/636/617
f 636/636/617 616/616/597 619/619/600
f 637/637/618 634/634/615 635/635/616
f 637/637/618 636/636/617 634/634/615
f 616/616/597 636/636/617 638/638/619
f 638/638/619 614/614/595 616/616/597
f 636/636/617 637/637/618 639/639/620
f 636/636/617 639/639/620 638/638/619
f 614/614/595 638/638/619 640/640/621
f 614/614/595 640/640/621 612/612/593
f 641/641/622 638/638/619 639/639/620
f 641/641/622 640/640/621 638/638/619
f 642/642/623 639/639/620 637/637/618
f 640/640/621 641/641/622 643/643/624
f 644/644/625 641/641/622 639/639/620
f 639/639/620 642/642/623 644/644/625
f 645/645/626 643/643/624 641/641/622
f 641/641/622 644/644/625 645/645/626
f 646/646/627 640/640/621 643/643/624
f 640/640/621 646/646/627 612/612/593
f 643/643/624 645/645/626 647/647/628
f 643/643/624 647/647/628 646/646/627
f 612/612/593 646/646/627 648/648/629
f 648/648/629 609/609/590 612/612/593
f 611/611/592 609/609/590 648/648/629
f 646/646/627 647/647/628 649/649/630
f 646/646/627 649/649/630 648/648/629
f 645/645/626 650/650/631 647/647/628
f 650/650/631 649/649/630 647/647/628
f 648/648/629 651/651/632 611/611/592
f 648/648/629 649/649/630 651/651/632
f 650/650/631 645/645/626 652/652/633
f 652/652/633 645/645/626 644/644/625
f 649/649/630 650/650/631 653/653/634
f 649/649/630 653/653/634 651/651/632
f 652/652/633 654/654/635 650/650/631
f 653/653/634 650/650/631 654/654/635
f 652/652/633 644/644/625 655/655/636
f 642/642/623 655/655/636 644/644/625
f 654/654/635 652/652/633 656/656/637
f 655/655/636 656/656/637 652/652/633
f 653/653/634 654/654/635 657/657/638
f 656/656/637 658/658/639 654/654/635
f 657/657/638 654/654/635 658/658/639
f 658/658/639 656/656/637 659/659/640
f 658/658/639 660/660/641 657/657/638
f 661/661/642 659/659/640 656/656/637
f 656/656/637 655/655/636 661/661/642
f 659/659/640 661/661/642 662/662/643
f 663/663/644 661/661/642 655/655/636
f 655/655/636 642/642/623 663/663/644
f 664/664/645 662/662/643 661/661/642
f 661/661/642 663/663/644 664/664/645
f 662/662/643 664/664/645 665/665/646
f 663/663/644 642/642/623 666/666/647
f 637/637/618 666/666/647 642/642/623
f 666/666/647 637/637/618 635/635/616
f 667/667/648 664/664/645 663/663/644
f 663/663/644 666/666/647 667/667/648
f 668/668/649 665/665/646 664/664/645
f 664/664/645 667/667/648 668/668/649
f 665/665/646 668/668/649 669/669/650
f 668/668/649 670/670/651 669/669/650
f 670/670/651 668/668/649 671/671/652
f 667/667/648 671/671/652 668/668/649
f 671/671/652 672/672/653 670/670/651
f 671/671/652 667/667/648 673/673/654
f 666/666/647 673/673/654 667/667/648
f 672/672/653 671/671/652 674/674/655
f 673/673/654 674/674/655 671/671/652
f 674/674/655 675/675/656 672/672/653
f 673/673/654 666/666/647 676/676/657
f 635/635/616 676/676/657 666/666/647
f 674/674/655 673/673/654 677/677/658
f 676/676/657 677/677/658 673/673/654
f 674/674/655 678/678/659 675/675/656
f 677/677/658 678/678/659 674/674/655
f 678/678/659 679/679/660 675/675/656
f 676/676/657 635/635/616 680/680/661
f 635/635/616 633/633/614 680/680/661
f 677/677/658 676/676/657 681/681/662
f 680/680/661 681/681/662 676/676/657
f 678/678/659 677/677/658 682/682/663
f 681/681/662 682/682/663 677/677/658
f 678/678/659 683/683/664 679/679/660
f 682/682/663 683/683/664 678/678/659
f 684/684/665 679/679/660 683/683/664
f 679/679/660 684/684/665 685/685/666
f 683/683/664 682/682/663 686/686/667
f 687/687/668 685/685/666 684/684/665
f 685/685/666 687/687/668 688/688/669
f 683/683/664 689/689/670 684/684/665
f 689/689/670 683/683/664 686/686/667
f 684/684/665 690/690/671 687/687/668
f 690/690/671 684/684/665 689/689/670
f 691/691/672 688/688/669 687/687/668
f 688/688/669 691/691/672 692/692/673
f 692/692/673 693/693/674 694/694/510
f 693/693/674 692/692/673 691/691/672
f 691/691/672 695/695/675 693/693/674
f 687/687/668 696/696/676 691/691/672
f 695/695/675 691/691/672 696/696/676
f 696/696/676 687/687/668 690/690/671
f 697/697/677 695/695/675 696/696/676
f 690/690/671 698/698/678 696/696/676
f 696/696/676 698/698/678 697/697/677
f 698/698/678 690/690/671 699/699/679
f 699/699/679 690/690/671 689/689/670
f 700/700/680 697/697/677 698/698/678
f 697/697/677 700/700/680 701/701/681
f 699/699/679 702/702/682 698/698/678
f 698/698/678 702/702/682 700/700/680
f 689/689/670 703/703/683 699/699/679
f 686/686/667 703/703/683 689/689/670
f 699/699/679 704/704/684 702/702/682
f 703/703/683 704/704/684 699/699/679
f 705/705/685 700/700/680 702/702/682
f 700/700/680 706/706/686 701/701/681
f 700/700/680 705/705/685 706/706/686
f 701/701/681 706/706/686 707/707/687
f 702/702/682 708/708/688 705/705/685
f 704/704/684 708/708/688 702/702/682
f 709/709/689 707/707/687 706/706/686
f 707/707/687 709/709/689 710/710/690
f 710/710/690 711/711/691 712/712/692
f 711/711/691 710/710/690 709/709/689
f 709/709/689 713/713/693 711/711/691
f 706/706/686 714/714/694 709/709/689
f 713/713/693 709/709/689 714/714/694
f 714/714/694 706/706/686 705/705/685
f 714/714/694 715/715/695 713/713/693
f 705/705/685 716/716/696 714/714/694
f 715/715/695 714/714/694 716/716/696
f 716/716/696 705/705/685 708/708/688
f 716/716/696 717/717/697 715/715/695
f 708/708/688 718/718/698 716/716/696
f 717/717/697 716/716/696 718/718/698
f 718/718/698 708/708/688 719/719/699
f 704/704/684 719/719/699 708/708/688
f 720/720/700 717/717/697 718/718/698
f 720/720/700 632/632/613 717/717/697
f 631/631/612 632/632/613 720/720/700
f 721/721/701 720/720/700 718/718/698
f 721/721/701 718/718/698 719/719/699
f 722/722/702 631/631/612 720/720/700
f 722/722/702 720/720/700 721/721/701
f 633/633/614 631/631/612 722/722/702
f 722/722/702 680/680/661 633/633/614
f 680/680/661 722/722/702 723/723/703
f 723/723/703 722/722/702 721/721/701
f 681/681/662 680/680/661 723/723/703
f 723/723/703 721/721/701 724/724/704
f 719/719/699 724/724/704 721/721/701
f 723/723/703 725/725/705 681/681/662
f 725/725/705 723/723/703 724/724/704
f 682/682/663 681/681/662 725/725/705
f 725/725/705 686/686/667 682/682/663
f 686/686/667 725/725/705 726/726/706
f 724/724/704 726/726/706 725/725/705
f 703/703/683 686/686/667 726/726/706
f 724/724/704 719/719/699 727/727/707
f 726/726/706 724/724/704 727/727/707
f 726/726/706 727/727/707 703/703/683
f 719/719/699 704/704/684 727/727/707
f 703/703/683 727/727/707 704/704/684
f 728/728/708 729/729/355 730/730/709
f 729/729/355 728/728/708 731/731/354
f 732/732/710 728/728/708 730/730/709
f 733/733/711 731/731/354 728/728/708
f 731/731/354 733/733/711 734/734/353
f 733/733/711 735/735/381 734/734/353
f 728/728/708 732/732/710 736/736/712
f 736/736/712 733/733/711 728/728/708
f 737/737/713 735/735/381 733/733/711
f 737/737/713 738/738/714 735/735/381
f 733/733/711 736/736/712 739/739/715
f 739/739/715 737/737/713 733/733/711
f 732/732/710 740/740/716 736/736/712
f 740/740/716 739/739/715 736/736/712
f 740/740/716 732/732/710 741/741/717
f 737/737/713 739/739/715 742/742/718
f 741/741/717 743/743/719 740/740/716
f 744/744/720 743/743/719 741/741/717
f 739/739/715 740/740/716 745/745/721
f 744/744/720 746/746/722 743/743/719
f 746/746/722 744/744/720 747/747/723
f 748/748/133 746/746/722 747/747/723
f 749/749/724 740/740/716 743/743/719
f 740/740/716 749/749/724 745/745/721
f 750/750/134 746/746/722 748/748/133
f 751/751/725 750/750/134 748/748/133
f 752/752/726 743/743/719 746/746/722
f 750/750/134 752/752/726 746/746/722
f 743/743/719 752/752/726 749/749/724
f 750/750/134 751/751/725 753/753/727
f 754/754/728 753/753/727 751/751/725
f 755/755/136 752/752/726 750/750/134
f 753/753/727 755/755/136 750/750/134
f 753/753/727 754/754/728 756/756/729
f 755/755/136 753/753/727 757/757/730
f 756/756/729 757/757/730 753/753/727
f 754/754/728 758/758/731 756/756/729
f 758/758/731 754/754/728 759/759/732
f 760/760/733 758/758/731 759/759/732
f 760/760/733 761/761/365 758/758/731
f 761/761/365 762/762/734 758/758/731
f 762/762/734 756/756/729 758/758/731
f 761/761/365 763/763/735 762/762/734
f 764/764/369 762/762/734 763/763/735
f 756/756/729 762/762/734 765/765/736
f 757/757/730 756/756/729 765/765/736
f 762/762/734 764/764/369 766/766/737
f 766/766/737 765/765/736 762/762/734
f 767/767/371 766/766/737 764/764/369
f 768/768/738 757/757/730 765/765/736
f 765/765/736 766/766/737 768/768/738
f 766/766/737 767/767/371 769/769/739
f 769/769/739 768/768/738 766/766/737
f 767/767/371 770/770/740 769/769/739
f 767/767/371 771/771/374 770/770/740
f 768/768/738 769/769/739 772/772/741
f 770/770/740 772/772/741 769/769/739
f 757/757/730 768/768/738 773/773/742
f 772/772/741 773/773/742 768/768/738
f 773/773/742 755/755/136 757/757/730
f 771/771/374 774/774/743 770/770/740
f 771/771/374 775/775/744 774/774/743
f 776/776/397 774/774/743 775/775/744
f 755/755/136 773/773/742 777/777/745
f 777/777/745 752/752/726 755/755/136
f 778/778/746 777/777/745 773/773/742
f 773/773/742 772/772/741 778/778/746
f 752/752/726 777/777/745 779/779/747
f 772/772/741 770/770/740 780/780/748
f 774/774/743 780/780/748 770/770/740
f 772/772/741 781/781/749 778/778/746
f 781/781/749 772/772/741 780/780/748
f 777/777/745 778/778/746 782/782/126
f 782/782/126 779/779/747 777/777/745
f 783/783/127 778/778/746 781/781/749
f 778/778/746 783/783/127 782/782/126
f 780/780/748 784/784/750 781/781/749
f 781/781/749 785/785/144 783/783/127
f 785/785/144 781/781/749 784/784/750
f 784/784/750 780/780/748 786/786/751
f 780/780/748 774/774/743 786/786/751
f 787/787/752 784/784/750 786/786/751
f 787/787/752 786/786/751 774/774/743
f 788/788/753 785/785/144 784/784/750
f 784/784/750 787/787/752 788/788/753
f 787/787/752 774/774/743 789/789/754
f 774/774/743 776/776/397 789/789/754
f 790/790/262 789/789/754 776/776/397
f 789/789/754 791/791/755 787/787/752
f 787/787/752 791/791/755 788/788/753
f 789/789/754 790/790/262 792/792/756
f 791/791/755 789/789/754 792/792/756
f 790/790/262 793/793/757 792/792/756
f 793/793/757 791/791/755 792/792/756
f 790/790/262 794/794/758 793/793/757
f 794/794/758 795/795/759 793/793/757
f 794/794/758 796/796/760 795/795/759
f 797/797/761 795/795/759 796/796/760
f 791/791/755 793/793/757 798/798/762
f 795/795/759 798/798/762 793/793/757
f 795/795/759 797/797/761 799/799/763
f 800/800/249 799/799/763 797/797/761
f 798/798/762 795/795/759 801/801/764
f 799/799/763 800/800/249 802/802/765
f 803/803/766 801/801/764 795/795/759
f 803/803/766 795/795/759 799/799/763
f 804/804/767 798/798/762 801/801/764
f 803/803/766 804/804/767 801/801/764
f 805/805/768 791/791/755 798/798/762
f 798/798/762 804/804/767 805/805/768
f 806/806/769 803/803/766 799/799/763
f 806/806/769 799/799/763 802/802/765
f 804/804/767 803/803/766 807/807/770
f 806/806/769 807/807/770 803/803/766
f 808/808/207 805/805/768 804/804/767
f 807/807/770 808/808/207 804/804/767
f 791/791/755 805/805/768 809/809/771
f 809/809/771 788/788/753 791/791/755
f 805/805/768 808/808/207 810/810/772
f 810/810/772 809/809/771 805/805/768
f 788/788/753 809/809/771 811/811/149
f 785/785/144 788/788/753 811/811/149
f 809/809/771 810/810/772 812/812/152
f 812/812/152 811/811/149 809/809/771
f 811/811/149 813/813/773 785/785/144
f 785/785/144 813/813/773 783/783/127
f 812/812/152 814/814/774 811/811/149
f 813/813/773 811/811/149 814/814/774
f 810/810/772 815/815/775 812/812/152
f 814/814/774 812/812/152 816/816/776
f 812/812/152 815/815/775 816/816/776
f 817/817/777 814/814/774 816/816/776
f 816/816/776 815/815/775 817/817/777
f 814/814/774 817/817/777 818/818/778
f 818/818/778 813/813/773 814/814/774
f 819/819/779 817/817/777 815/815/775
f 810/810/772 820/820/780 815/815/775
f 820/820/780 819/819/779 815/815/775
f 820/820/780 810/810/772 808/808/207
f 817/817/777 819/819/779 821/821/781
f 821/821/781 818/818/778 817/817/777
f 822/822/206 820/820/780 808/808/207
f 808/808/207 807/807/770 822/822/206
f 819/819/779 820/820/780 823/823/782
f 824/824/783 822/822/206 807/807/770
f 807/807/770 806/806/769 824/824/783
f 820/820/780 822/822/206 825/825/784
f 822/822/206 824/824/783 826/826/785
f 826/826/785 825/825/784 822/822/206
f 806/806/769 827/827/786 824/824/783
f 828/828/787 820/820/780 825/825/784
f 820/820/780 828/828/787 823/823/782
f 827/827/786 806/806/769 829/829/788
f 802/802/765 829/829/788 806/806/769
f 830/830/200 824/824/783 827/827/786
f 824/824/783 830/830/200 826/826/785
f 829/829/788 802/802/765 831/831/789
f 800/800/249 831/831/789 802/802/765
f 800/800/249 832/832/790 831/831/789
f 832/832/790 833/833/791 831/831/789
f 832/832/790 834/834/792 833/833/791
f 835/835/793 833/833/791 834/834/792
f 831/831/789 836/836/794 829/829/788
f 836/836/794 831/831/789 833/833/791
f 833/833/791 835/835/793 837/837/795
f 837/837/795 836/836/794 833/833/791
f 838/838/796 837/837/795 835/835/793
f 837/837/795 838/838/796 839/839/732
f 839/839/732 840/840/797 837/837/795
f 836/836/794 837/837/795 840/840/797
f 840/840/797 839/839/732 841/841/728
f 842/842/798 829/829/788 836/836/794
f 840/840/797 842/842/798 836/836/794
f 829/829/788 842/842/798 827/827/786
f 841/841/728 843/843/799 840/840/797
f 842/842/798 840/840/797 843/843/799
f 843/843/799 841/841/728 844/844/800
f 845/845/195 827/827/786 842/842/798
f 843/843/799 845/845/195 842/842/798
f 827/827/786 845/845/195 830/830/200
f 844/844/800 846/846/190 843/843/799
f 845/845/195 843/843/799 846/846/190
f 846/846/190 844/844/800 847/847/188
f 845/845/195 848/848/801 830/830/200
f 846/846/190 848/848/801 845/845/195
f 847/847/188 849/849/802 846/846/190
f 848/848/801 846/846/190 849/849/802
f 849/849/802 847/847/188 850/850/723
f 851/851/803 849/849/802 850/850/723
f 849/849/802 851/851/803 852/852/804
f 852/852/804 848/848/801 849/849/802
f 853/853/805 852/852/804 851/851/803
f 830/830/200 848/848/801 854/854/806
f 830/830/200 854/854/806 826/826/785
f 852/852/804 853/853/805 855/855/807
f 853/853/805 856/856/710 855/855/807
f 848/848/801 852/852/804 857/857/808
f 855/855/807 857/857/808 852/852/804
f 848/848/801 858/858/809 854/854/806
f 858/858/809 848/848/801 857/857/808
f 826/826/785 854/854/806 859/859/810
f 825/825/784 826/826/785 859/859/810
f 854/854/806 860/860/811 859/859/810
f 860/860/811 825/825/784 859/859/810
f 860/860/811 854/854/806 858/858/809
f 825/825/784 860/860/811 828/828/787
f 860/860/811 858/858/809 861/861/812
f 861/861/812 828/828/787 860/860/811
f 857/857/808 862/862/813 858/858/809
f 861/861/812 858/858/809 862/862/813
f 862/862/813 857/857/808 863/863/814
f 857/857/808 855/855/807 863/863/814
f 862/862/813 863/863/814 864/864/815
f 855/855/807 864/864/815 863/863/814
f 865/865/816 861/861/812 862/862/813
f 862/862/813 864/864/815 865/865/816
f 864/864/815 855/855/807 866/866/817
f 856/856/710 866/866/817 855/855/807
f 864/864/815 866/866/817 867/867/818
f 867/867/818 865/865/816 864/864/815
f 856/856/710 868/868/819 866/866/817
f 868/868/819 867/867/818 866/866/817
f 868/868/819 856/856/710 869/869/820
f 869/869/820 870/870/230 868/868/819
f 868/868/819 870/870/230 871/871/229
f 868/868/819 871/871/229 867/867/818
f 867/867/818 871/871/229 872/872/232
f 873/873/271 867/867/818 872/872/232
f 867/867/818 873/873/271 874/874/821
f 865/865/816 867/867/818 874/874/821
f 875/875/274 874/874/821 873/873/271
f 876/876/822 865/865/816 874/874/821
f 874/874/821 875/875/274 876/876/822
f 877/877/823 865/865/816 876/876/822
f 861/861/812 865/865/816 877/877/823
f 876/876/822 875/875/274 878/878/824
f 878/878/824 877/877/823 876/876/822
f 878/878/824 875/875/274 879/879/272
f 877/877/823 880/880/825 861/861/812
f 828/828/787 861/861/812 880/880/825
f 877/877/823 878/878/824 881/881/826
f 880/880/825 877/877/823 881/881/826
f 880/880/825 823/823/782 828/828/787
f 878/878/824 879/879/272 882/882/827
f 882/882/827 881/881/826 878/878/824
f 882/882/827 879/879/272 883/883/276
f 884/884/407 882/882/827 883/883/276
f 885/885/828 880/880/825 881/881/826
f 881/881/826 882/882/827 885/885/828
f 882/882/827 884/884/407 886/886/829
f 886/886/829 885/885/828 882/882/827
f 887/887/408 886/886/829 884/884/407
f 880/880/825 885/885/828 888/888/830
f 823/823/782 880/880/825 888/888/830
f 889/889/831 823/823/782 888/888/830
f 888/888/830 885/885/828 889/889/831
f 823/823/782 889/889/831 819/819/779
f 889/889/831 821/821/781 819/819/779
f 885/885/828 890/890/832 889/889/831
f 821/821/781 889/889/831 890/890/832
f 890/890/832 885/885/828 886/886/829
f 891/891/833 890/890/832 886/886/829
f 886/886/829 887/887/408 891/891/833
f 890/890/832 891/891/833 892/892/834
f 821/821/781 890/890/832 892/892/834
f 887/887/408 893/893/835 891/891/833
f 893/893/835 892/892/834 891/891/833
f 893/893/835 887/887/408 894/894/391
f 895/895/836 821/821/781 892/892/834
f 895/895/836 892/892/834 893/893/835
f 893/893/835 894/894/391 896/896/837
f 896/896/837 895/895/836 893/893/835
f 896/896/837 894/894/391 897/897/388
f 898/898/385 896/896/837 897/897/388
f 821/821/781 895/895/836 899/899/838
f 818/818/778 821/821/781 899/899/838
f 895/895/836 896/896/837 900/900/839
f 900/900/839 899/899/838 895/895/836
f 896/896/837 898/898/385 901/901/840
f 738/738/714 901/901/840 898/898/385
f 896/896/837 902/902/841 900/900/839
f 902/902/841 896/896/837 901/901/840
f 901/901/840 738/738/714 903/903/842
f 903/903/842 738/738/714 737/737/713
f 742/742/718 903/903/842 737/737/713
f 904/904/843 901/901/840 903/903/842
f 903/903/842 742/742/718 904/904/843
f 901/901/840 904/904/843 902/902/841
f 905/905/844 904/904/843 742/742/718
f 739/739/715 905/905/844 742/742/718
f 905/905/844 739/739/715 745/745/721
f 749/749/724 905/905/844 745/745/721
f 902/902/841 904/904/843 906/906/845
f 905/905/844 906/906/845 904/904/843
f 905/905/844 749/749/724 907/907/846
f 907/907/846 906/906/845 905/905/844
f 752/752/726 907/907/846 749/749/724
f 907/907/846 752/752/726 779/779/747
f 908/908/847 902/902/841 906/906/845
f 902/902/841 908/908/847 900/900/839
f 906/906/845 907/907/846 909/909/848
f 779/779/747 909/909/848 907/907/846
f 900/900/839 908/908/847 910/910/849
f 899/899/838 900/900/839 910/910/849
f 909/909/848 779/779/747 911/911/850
f 779/779/747 782/782/126 911/911/850
f 912/912/851 899/899/838 910/910/849
f 908/908/847 912/912/851 910/910/849
f 899/899/838 912/912/851 818/818/778
f 813/813/773 818/818/778 912/912/851
f 912/912/851 908/908/847 913/913/852
f 913/913/852 813/813/773 912/912/851
f 906/906/845 913/913/852 908/908/847
f 909/909/848 913/913/852 906/906/845
f 813/813/773 913/913/852 914/914/853
f 909/909/848 914/914/853 913/913/852
f 914/914/853 909/909/848 911/911/850
f 782/782/126 914/914/853 911/911/850
f 783/783/127 813/813/773 914/914/853
f 783/783/127 914/914/853 782/782/126
f 915/915/451 916/916/854 917/917/855
f 918/918/856 917/917/855 916/916/854
f 916/916/854 915/915/451 919/919/857
f 920/920/858 919/919/857 915/915/451
f 916/916/854 921/921/859 918/918/856
f 921/921/859 922/922/860 918/918/856
f 919/919/857 920/920/858 923/923/861
f 924/924/862 923/923/861 920/920/858
f 922/922/860 921/921/859 925/925/863
f 925/925/863 926/926/460 922/922/860
f 923/923/861 924/924/862 927/927/864
f 928/928/865 927/927/864 924/924/862
f 926/926/460 925/925/863 929/929/866
f 929/929/866 930/930/867 926/926/460
f 931/931/856 925/925/863 921/921/859
f 932/932/868 929/929/866 925/925/863
f 925/925/863 931/931/856 932/932/868
f 930/930/867 929/929/866 933/933/869
f 929/929/866 932/932/868 934/934/460
f 934/934/460 933/933/869 929/929/866
f 931/931/856 935/935/870 932/932/868
f 934/934/460 932/932/868 935/935/870
f 936/936/871 931/931/856 921/921/859
f 921/921/859 916/916/854 936/936/871
f 919/919/857 936/936/871 916/916/854
f 935/935/870 931/931/856 937/937/872
f 937/937/872 931/931/856 936/936/871
f 936/936/871 919/919/857 938/938/451
f 923/923/861 938/938/451 919/919/857
f 937/937/872 936/936/871 939/939/873
f 938/938/451 923/923/861 940/940/874
f 927/927/864 940/940/874 923/923/861
f 936/936/871 938/938/451 941/941/875
f 939/939/873 936/936/871 941/941/875
f 938/938/451 940/940/874 942/942/876
f 941/941/875 938/938/451 942/942/876
f 940/940/874 927/927/864 943/943/464
f 943/943/464 942/942/876 940/940/874
f 939/939/873 941/941/875 944/944/877
f 944/944/877 937/937/872 939/939/873
f 942/942/876 945/945/878 941/941/875
f 944/944/877 941/941/875 945/945/878
f 937/937/872 944/944/877 946/946/879
f 946/946/879 935/935/870 937/937/872
f 945/945/878 942/942/876 947/947/880
f 935/935/870 946/946/879 948/948/881
f 949/949/882 947/947/880 942/942/876
f 942/942/876 943/943/464 949/949/882
f 947/947/880 950/950/883 945/945/878
f 945/945/878 950/950/883 944/944/877
f 951/951/884 946/946/879 944/944/877
f 951/951/884 948/948/881 946/946/879
f 952/952/885 944/944/877 950/950/883
f 951/951/884 944/944/877 952/952/885
f 950/950/883 947/947/880 953/953/886
f 951/951/884 952/952/885 954/954/887
f 953/953/886 947/947/880 955/955/888
f 949/949/882 955/955/888 947/947/880
f 956/956/889 952/952/885 950/950/883
f 955/955/888 949/949/882 957/957/890
f 952/952/885 956/956/889 958/958/891
f 952/952/885 958/958/891 954/954/887
f 959/959/892 955/955/888 957/957/890
f 960/960/893 955/955/888 959/959/892
f 957/957/890 960/960/893 959/959/892
f 953/953/886 955/955/888 960/960/893
f 960/960/893 957/957/890 961/961/894
f 961/961/894 953/953/886 960/960/893
f 949/949/882 962/962/895 957/957/890
f 957/957/890 962/962/895 961/961/894
f 962/962/895 949/949/882 943/943/464
f 953/953/886 961/961/894 963/963/896
f 963/963/896 950/950/883 953/953/886
f 950/950/883 963/963/896 956/956/889
f 962/962/895 964/964/897 961/961/894
f 961/961/894 964/964/897 963/963/896
f 943/943/464 965/965/898 962/962/895
f 964/964/897 962/962/895 965/965/898
f 965/965/898 943/943/464 927/927/864
f 927/927/864 928/928/865 965/965/898
f 966/966/899 965/965/898 928/928/865
f 965/965/898 966/966/899 964/964/897
f 928/928/865 967/967/897 966/966/899
f 964/964/897 966/966/899 968/968/900
f 964/964/897 968/968/900 963/963/896
f 966/966/899 967/967/897 969/969/901
f 966/966/899 969/969/901 968/968/900
f 967/967/897 970/970/902 969/969/901
f 971/971/476 963/963/896 968/968/900
f 969/969/901 971/971/476 968/968/900
f 963/963/896 971/971/476 956/956/889
f 970/970/902 972/972/903 969/969/901
f 972/972/903 971/971/476 969/969/901
f 970/970/902 973/973/476 972/972/903
f 974/974/904 956/956/889 971/971/476
f 972/972/903 974/974/904 971/971/476
f 956/956/889 974/974/904 958/958/891
f 973/973/476 975/975/905 972/972/903
f 974/974/904 972/972/903 975/975/905
f 975/975/905 973/973/476 976/976/906
f 974/974/904 954/954/887 958/958/891
f 977/977/907 975/975/905 976/976/906
f 975/975/905 977/977/907 978/978/908
f 978/978/908 974/974/904 975/975/905
f 979/979/909 978/978/908 977/977/907
f 954/954/887 974/974/904 980/980/907
f 974/974/904 978/978/908 980/980/907
f 978/978/908 979/979/909 981/981/910
f 981/981/910 980/980/907 978/978/908
f 982/982/488 981/981/910 979/979/909
f 980/980/907 983/983/911 954/954/887
f 951/951/884 954/954/887 983/983/911
f 980/980/907 981/981/910 984/984/912
f 983/983/911 980/980/907 984/984/912
f 981/981/910 982/982/488 985/985/913
f 985/985/913 984/984/912 981/981/910
f 930/930/867 985/985/913 982/982/488
f 985/985/913 930/930/867 933/933/869
f 984/984/912 985/985/913 986/986/488
f 933/933/869 986/986/488 985/985/913
f 986/986/488 983/983/911 984/984/912
f 986/986/488 933/933/869 987/987/914
f 933/933/869 934/934/460 987/987/914
f 983/983/911 986/986/488 988/988/915
f 987/987/914 988/988/915 986/986/488
f 951/951/884 983/983/911 989/989/916
f 983/983/911 988/988/915 989/989/916
f 948/948/881 951/951/884 989/989/916
f 989/989/916 988/988/915 990/990/917
f 948/948/881 989/989/916 990/990/917
f 988/988/915 987/987/914 991/991/918
f 991/991/918 990/990/917 988/988/915
f 987/987/914 934/934/460 992/992/919
f 991/991/918 987/987/914 992/992/919
f 992/992/919 934/934/460 935/935/870
f 948/948/881 992/992/919 935/935/870
f 990/990/917 991/991/918 993/993/920
f 992/992/919 948/948/881 994/994/921
f 948/948/881 990/990/917 994/994/921
f 994/994/921 991/991/918 992/992/919
f 994/994/921 990/990/917 993/993/920
f 991/991/918 994/994/921 993/993/920
f 995/995/922 996/996/923 997/997/924
f 997/997/924 998/998/925 995/995/922
f 996/996/923 995/995/922 999/999/926
f 999/999/926 1000/1000/927 996/996/923
f 998/998/925 1001/1001/928 995/995/922
f 998/998/925 1002/1002/929 1001/1001/928
f 1000/1000/927 999/999/926 1003/1003/930
f 1003/1003/930 1004/1004/500 1000/1000/927
f 1005/1005/931 999/999/926 995/995/922
f 995/995/922 1001/1001/928 1005/1005/931
f 1006/1006/932 1003/1003/930 999/999/926
f 999/999/926 1005/1005/931 1006/1006/932
f 1004/1004/500 1003/1003/930 1007/1007/933
f 1007/1007/933 1008/1008/934 1004/1004/500
f 1003/1003/930 1006/1006/932 1009/1009/935
f 1009/1009/935 1007/1007/933 1003/1003/930
f 1008/1008/934 1007/1007/933 1010/1010/936
f 1007/1007/933 1009/1009/935 1011/1011/937
f 1011/1011/937 1010/1010/936 1007/1007/933
f 1012/1012/938 1009/1009/935 1006/1006/932
f 1012/1012/938 1011/1011/937 1009/1009/935
f 1008/1008/934 1010/1010/936 1013/1013/939
f 1014/1014/940 1008/1008/934 1013/1013/939
f 1010/1010/936 1011/1011/937 1015/1015/941
f 1016/1016/942 1014/1014/940 1013/1013/939
f 1016/1016/942 1017/1017/943 1014/1014/940
f 1013/1013/939 1010/1010/936 1018/1018/944
f 1010/1010/936 1015/1015/941 1018/1018/944
f 1019/1019/945 1016/1016/942 1013/1013/939
f 1019/1019/945 1013/1013/939 1018/1018/944
f 1020/1020/946 1017/1017/943 1016/1016/942
f 1017/1017/943 1020/1020/946 1021/1021/947
f 1022/1022/948 1016/1016/942 1019/1019/945
f 1016/1016/942 1022/1022/948 1020/1020/946
f 1018/1018/944 1023/1023/949 1019/1019/945
f 1023/1023/949 1022/1022/948 1019/1019/945
f 1024/1024/950 1021/1021/947 1020/1020/946
f 1021/1021/947 1024/1024/950 1025/1025/951
f 1024/1024/950 1026/1026/952 1025/1025/951
f 1027/1027/953 1020/1020/946 1022/1022/948
f 1020/1020/946 1027/1027/953 1024/1024/950
f 1026/1026/952 1024/1024/950 1028/1028/954
f 1027/1027/953 1028/1028/954 1024/1024/950
f 1028/1028/954 1029/1029/426 1026/1026/952
f 1030/1030/955 1027/1027/953 1022/1022/948
f 1022/1022/948 1023/1023/949 1030/1030/955
f 1029/1029/426 1028/1028/954 1031/1031/956
f 1031/1031/956 1032/1032/957 1029/1029/426
f 1028/1028/954 1027/1027/953 1033/1033/958
f 1033/1033/958 1031/1031/956 1028/1028/954
f 1032/1032/957 1031/1031/956 1034/1034/959
f 1034/1034/959 1035/1035/960 1032/1032/957
f 1031/1031/956 1033/1033/958 1036/1036/961
f 1036/1036/961 1034/1034/959 1031/1031/956
f 1027/1027/953 1037/1037/962 1033/1033/958
f 1033/1033/958 1038/1038/963 1036/1036/961
f 1037/1037/962 1038/1038/963 1033/1033/958
f 1034/1034/959 1036/1036/961 1039/1039/964
f 1038/1038/963 1039/1039/964 1036/1036/961
f 1037/1037/962 1027/1027/953 1040/1040/965
f 1027/1027/953 1030/1030/955 1040/1040/965
f 1037/1037/962 1040/1040/965 1041/1041/966
f 1030/1030/955 1041/1041/966 1040/1040/965
f 1038/1038/963 1037/1037/962 1042/1042/967
f 1037/1037/962 1041/1041/966 1042/1042/967
f 1041/1041/966 1030/1030/955 1043/1043/968
f 1023/1023/949 1043/1043/968 1030/1030/955
f 1038/1038/963 1042/1042/967 1044/1044/969
f 1043/1043/968 1023/1023/949 1045/1045/970
f 1044/1044/969 1046/1046/971 1038/1038/963
f 1039/1039/964 1038/1038/963 1046/1046/971
f 1047/1047/972 1044/1044/969 1042/1042/967
f 1041/1041/966 1047/1047/972 1042/1042/967
f 1048/1048/973 1041/1041/966 1043/1043/968
f 1048/1048/973 1043/1043/968 1045/1045/970
f 1047/1047/972 1041/1041/966 1049/1049/974
f 1041/1041/966 1048/1048/973 1049/1049/974
f 1044/1044/969 1047/1047/972 1050/1050/975
f 1051/1051/976 1049/1049/974 1048/1048/973
f 1050/1050/975 1052/1052/977 1044/1044/969
f 1046/1046/971 1044/1044/969 1052/1052/977
f 1049/1049/974 1051/1051/976 1053/1053/978
f 1049/1049/974 1054/1054/979 1047/1047/972
f 1054/1054/979 1049/1049/974 1053/1053/978
f 1051/1051/976 1005/1005/931 1053/1053/978
f 1005/1005/931 1054/1054/979 1053/1053/978
f 1051/1051/976 1006/1006/932 1005/1005/931
f 1012/1012/938 1006/1006/932 1051/1051/976
f 1048/1048/973 1012/1012/938 1051/1051/976
f 1054/1054/979 1005/1005/931 1055/1055/980
f 1001/1001/928 1055/1055/980 1005/1005/931
f 1056/1056/981 1012/1012/938 1048/1048/973
f 1048/1048/973 1045/1045/970 1056/1056/981
f 1012/1012/938 1056/1056/981 1057/1057/982
f 1011/1011/937 1012/1012/938 1057/1057/982
f 1057/1057/982 1015/1015/941 1011/1011/937
f 1056/1056/981 1058/1058/983 1057/1057/982
f 1045/1045/970 1058/1058/983 1056/1056/981
f 1015/1015/941 1057/1057/982 1059/1059/984
f 1059/1059/984 1057/1057/982 1058/1058/983
f 1060/1060/985 1015/1015/941 1059/1059/984
f 1015/1015/941 1060/1060/985 1018/1018/944
f 1060/1060/985 1023/1023/949 1018/1018/944
f 1060/1060/985 1045/1045/970 1023/1023/949
f 1045/1045/970 1060/1060/985 1061/1061/986
f 1059/1059/984 1061/1061/986 1060/1060/985
f 1058/1058/983 1045/1045/970 1061/1061/986
f 1059/1059/984 1058/1058/983 1062/1062/987
f 1061/1061/986 1059/1059/984 1062/1062/987
f 1058/1058/983 1061/1061/986 1062/1062/987
f 1001/1001/928 1063/1063/988 1055/1055/980
f 1063/1063/988 1001/1001/928 1002/1002/929
f 1064/1064/989 1063/1063/988 1002/1002/929
f 1063/1063/988 1065/1065/990 1055/1055/980
f 1063/1063/988 1064/1064/989 1066/1066/991
f 1066/1066/991 1065/1065/990 1063/1063/988
f 1035/1035/960 1066/1066/991 1064/1064/989
f 1067/1067/992 1055/1055/980 1065/1065/990
f 1055/1055/980 1067/1067/992 1054/1054/979
f 1067/1067/992 1047/1047/972 1054/1054/979
f 1047/1047/972 1067/1067/992 1050/1050/975
f 1065/1065/990 1066/1066/991 1068/1068/993
f 1068/1068/993 1067/1067/992 1065/1065/990
f 1066/1066/991 1035/1035/960 1069/1069/994
f 1069/1069/994 1068/1068/993 1066/1066/991
f 1035/1035/960 1034/1034/959 1069/1069/994
f 1039/1039/964 1069/1069/994 1034/1034/959
f 1070/1070/995 1067/1067/992 1068/1068/993
f 1070/1070/995 1050/1050/975 1067/1067/992
f 1068/1068/993 1069/1069/994 1071/1071/368
f 1069/1069/994 1039/1039/964 1071/1071/368
f 1071/1071/368 1070/1070/995 1068/1068/993
f 1046/1046/971 1071/1071/368 1039/1039/964
f 1050/1050/975 1070/1070/995 1072/1072/996
f 1071/1071/368 1046/1046/971 1073/1073/997
f 1070/1070/995 1071/1071/368 1073/1073/997
f 1073/1073/997 1072/1072/996 1070/1070/995
f 1052/1052/977 1073/1073/997 1046/1046/971
f 1052/1052/977 1050/1050/975 1072/1072/996
f 1073/1073/997 1052/1052/977 1074/1074/998
f 1072/1072/996 1073/1073/997 1074/1074/998
f 1052/1052/977 1072/1072/996 1074/1074/998
f 1075/1075/999 1076/1076/1000 1077/1077/1001
f 1078/1078/1002 1075/1075/999 1077/1077/1001
f 1079/1079/1003 1076/1076/1000 1075/1075/999
f 1076/1076/1000 1079/1079/1003 1080/1080/1004
f 1079/1079/1003 1081/1081/1005 1080/1080/1004
f 1075/1075/999 1078/1078/1002 1082/1082/1006
f 1082/1082/1006 1078/1078/1002 1083/1083/1007
f 1084/1084/1008 1082/1082/1006 1083/1083/1007
f 1085/1085/1009 1079/1079/1003 1075/1075/999
f 1082/1082/1006 1085/1085/1009 1075/1075/999
f 1086/1086/1010 1081/1081/1005 1079/1079/1003
f 1081/1081/1005 1086/1086/1010 1087/1087/1011
f 1086/1086/1010 1088/1088/1012 1087/1087/1011
f 1082/1082/1006 1084/1084/1008 1089/1089/1013
f 1089/1089/1013 1084/1084/1008 1090/1090/1014
f 1091/1091/1015 1089/1089/1013 1090/1090/1014
f 1089/1089/1013 1092/1092/1016 1082/1082/1006
f 1082/1082/1006 1092/1092/1016 1085/1085/1009
f 1089/1089/1013 1091/1091/1015 1093/1093/1017
f 1093/1093/1017 1091/1091/1015 1094/1094/1018
f 1095/1095/1019 1093/1093/1017 1094/1094/1018
f 1092/1092/1016 1089/1089/1013 1096/1096/1020
f 1093/1093/1017 1096/1096/1020 1089/1089/1013
f 1093/1093/1017 1095/1095/1019 1097/1097/1021
f 1097/1097/1021 1095/1095/1019 1098/1098/1022
f 1099/1099/1023 1097/1097/1021 1098/1098/1022
f 1096/1096/1020 1093/1093/1017 1100/1100/1024
f 1097/1097/1021 1099/1099/1023 1101/1101/1025
f 1101/1101/1025 1099/1099/1023 1102/1102/1026
f 1103/1103/1027 1101/1101/1025 1102/1102/1026
f 1093/1093/1017 1097/1097/1021 1104/1104/1028
f 1093/1093/1017 1104/1104/1028 1100/1100/1024
f 1105/1105/1029 1097/1097/1021 1101/1101/1025
f 1097/1097/1021 1105/1105/1029 1104/1104/1028
f 1101/1101/1025 1103/1103/1027 1106/1106/1030
f 1106/1106/1030 1105/1105/1029 1101/1101/1025
f 1106/1106/1030 1103/1103/1027 1107/1107/639
f 1108/1108/1031 1106/1106/1030 1107/1107/639
f 1109/1109/1032 1104/1104/1028 1105/1105/1029
f 1106/1106/1030 1108/1108/1031 1110/1110/1033
f 1110/1110/1033 1108/1108/1031 1111/1111/1034
f 1112/1112/1035 1110/1110/1033 1111/1111/1034
f 1105/1105/1029 1106/1106/1030 1113/1113/1036
f 1110/1110/1033 1113/1113/1036 1106/1106/1030
f 1105/1105/1029 1114/1114/1037 1109/1109/1032
f 1114/1114/1037 1105/1105/1029 1113/1113/1036
f 1104/1104/1028 1109/1109/1032 1115/1115/1038
f 1115/1115/1038 1100/1100/1024 1104/1104/1028
f 1116/1116/232 1109/1109/1032 1114/1114/1037
f 1116/1116/232 1115/1115/1038 1109/1109/1032
f 1100/1100/1024 1115/1115/1038 1117/1117/1039
f 1116/1116/232 1117/1117/1039 1115/1115/1038
f 1117/1117/1039 1096/1096/1020 1100/1100/1024
f 1096/1096/1020 1117/1117/1039 1118/1118/1040
f 1116/1116/232 1118/1118/1040 1117/1117/1039
f 1118/1118/1040 1092/1092/1016 1096/1096/1020
f 1092/1092/1016 1118/1118/1040 1119/1119/1041
f 1116/1116/232 1119/1119/1041 1118/1118/1040
f 1119/1119/1041 1085/1085/1009 1092/1092/1016
f 1085/1085/1009 1119/1119/1041 1120/1120/1042
f 1116/1116/232 1120/1120/1042 1119/1119/1041
f 1120/1120/1042 1121/1121/1043 1085/1085/1009
f 1079/1079/1003 1085/1085/1009 1121/1121/1043
f 1079/1079/1003 1121/1121/1043 1086/1086/1010
f 1121/1121/1043 1120/1120/1042 1122/1122/1044
f 1116/1116/232 1122/1122/1044 1120/1120/1042
f 1122/1122/1044 1123/1123/1045 1121/1121/1043
f 1086/1086/1010 1121/1121/1043 1123/1123/1045
f 1123/1123/1045 1122/1122/1044 1124/1124/1046
f 1116/1116/232 1124/1124/1046 1122/1122/1044
f 1125/1125/1047 1086/1086/1010 1123/1123/1045
f 1124/1124/1046 1125/1125/1047 1123/1123/1045
f 1086/1086/1010 1125/1125/1047 1126/1126/1048
f 1126/1126/1048 1088/1088/1012 1086/1086/1010
f 1088/1088/1012 1126/1126/1048 1127/1127/1049
f 1126/1126/1048 1128/1128/1050 1127/1127/1049
f 1125/1125/1047 1124/1124/1046 1129/1129/1051
f 1116/1116/232 1129/1129/1051 1124/1124/1046
f 1130/1130/1052 1128/1128/1050 1126/1126/1048
f 1130/1130/1052 1126/1126/1048 1125/1125/1047
f 1128/1128/1050 1130/1130/1052 1131/1131/1053
f 1130/1130/1052 1132/1132/1054 1131/1131/1053
f 1129/1129/1051 1133/1133/1055 1125/1125/1047
f 1125/1125/1047 1133/1133/1055 1130/1130/1052
f 1133/1133/1055 1129/1129/1051 1134/1134/1056
f 1116/1116/232 1134/1134/1056 1129/1129/1051
f 1135/1135/1057 1130/1130/1052 1133/1133/1055
f 1134/1134/1056 1135/1135/1057 1133/1133/1055
f 1136/1136/1058 1132/1132/1054 1130/1130/1052
f 1130/1130/1052 1135/1135/1057 1136/1136/1058
f 1132/1132/1054 1136/1136/1058 1137/1137/1059
f 1136/1136/1058 1138/1138/1060 1137/1137/1059
f 1135/1135/1057 1134/1134/1056 1139/1139/1061
f 1116/1116/232 1139/1139/1061 1134/1134/1056
f 1140/1140/1062 1138/1138/1060 1136/1136/1058
f 1135/1135/1057 1140/1140/1062 1136/1136/1058
f 1138/1138/1060 1140/1140/1062 1141/1141/1063
f 1140/1140/1062 1142/1142/1064 1141/1141/1063
f 1139/1139/1061 1143/1143/1065 1135/1135/1057
f 1140/1140/1062 1135/1135/1057 1143/1143/1065
f 1143/1143/1065 1139/1139/1061 1144/1144/1066
f 1116/1116/232 1144/1144/1066 1139/1139/1061
f 1145/1145/1067 1140/1140/1062 1143/1143/1065
f 1144/1144/1066 1145/1145/1067 1143/1143/1065
f 1146/1146/1068 1142/1142/1064 1140/1140/1062
f 1140/1140/1062 1145/1145/1067 1146/1146/1068
f 1142/1142/1064 1146/1146/1068 1147/1147/1069
f 1146/1146/1068 1148/1148/651 1147/1147/1069
f 1145/1145/1067 1144/1144/1066 1149/1149/1070
f 1116/1116/232 1149/1149/1070 1144/1144/1066
f 1150/1150/1071 1146/1146/1068 1145/1145/1067
f 1149/1149/1070 1150/1150/1071 1145/1145/1067
f 1151/1151/1072 1148/1148/651 1146/1146/1068
f 1146/1146/1068 1150/1150/1071 1151/1151/1072
f 1148/1148/651 1151/1151/1072 1152/1152/650
f 1151/1151/1072 1112/1112/1035 1152/1152/650
f 1110/1110/1033 1112/1112/1035 1151/1151/1072
f 1110/1110/1033 1151/1151/1072 1150/1150/1071
f 1150/1150/1071 1149/1149/1070 1153/1153/1073
f 1116/1116/232 1153/1153/1073 1149/1149/1070
f 1150/1150/1071 1154/1154/1074 1110/1110/1033
f 1153/1153/1073 1154/1154/1074 1150/1150/1071
f 1113/1113/1036 1110/1110/1033 1154/1154/1074
f 1116/1116/232 1155/1155/1075 1153/1153/1073
f 1154/1154/1074 1153/1153/1073 1155/1155/1075
f 1155/1155/1075 1113/1113/1036 1154/1154/1074
f 1116/1116/232 1114/1114/1037 1155/1155/1075
f 1113/1113/1036 1155/1155/1075 1114/1114/1037
f 1156/1156/1076 567/567/548 570/570/551
f 570/570/551 577/577/558 1156/1156/1076
f 567/567/548 1156/1156/1076 1157/1157/1077
f 1157/1157/1077 566/566/547 567/567/548
f 577/577/558 1158/1158/1078 1156/1156/1076
f 566/566/547 1157/1157/1077 1159/1159/1079
f 1159/1159/1079 563/563/544 566/566/547
f 1156/1156/1076 1160/1160/1080 1157/1157/1077
f 1160/1160/1080 1156/1156/1076 1158/1158/1078
f 1157/1157/1077 1161/1161/1081 1159/1159/1079
f 1161/1161/1081 1157/1157/1077 1160/1160/1080
f 563/563/544 1159/1159/1079 1162/1162/1082
f 1163/1163/1083 1159/1159/1079 1161/1161/1081
f 1159/1159/1079 1163/1163/1083 1162/1162/1082
f 1164/1164/1084 563/563/544 1162/1162/1082
f 563/563/544 1164/1164/1084 559/559/540
f 548/548/529 559/559/540 1164/1164/1084
f 1165/1165/1085 1164/1164/1084 1162/1162/1082
f 1165/1165/1085 1162/1162/1082 1163/1163/1083
f 1166/1166/1086 548/548/529 1164/1164/1084
f 1166/1166/1086 1164/1164/1084 1165/1165/1085
f 544/544/525 548/548/529 1166/1166/1086
f 543/543/524 544/544/525 1166/1166/1086
f 1167/1167/1087 1166/1166/1086 1165/1165/1085
f 1166/1166/1086 1167/1167/1087 543/543/524
f 1163/1163/1083 1167/1167/1087 1165/1165/1085
f 1168/1168/1088 543/543/524 1167/1167/1087
f 538/538/519 543/543/524 1168/1168/1088
f 539/539/520 538/538/519 1168/1168/1088
f 1167/1167/1087 1163/1163/1083 1169/1169/1089
f 1169/1169/1089 1168/1168/1088 1167/1167/1087
f 1161/1161/1081 1169/1169/1089 1163/1163/1083
f 1170/1170/1090 539/539/520 1168/1168/1088
f 1168/1168/1088 1169/1169/1089 1170/1170/1090
f 539/539/520 1170/1170/1090 1171/1171/1091
f 1161/1161/1081 1172/1172/1092 1169/1169/1089
f 1172/1172/1092 1170/1170/1090 1169/1169/1089
f 1160/1160/1080 1172/1172/1092 1161/1161/1081
f 1173/1173/1093 1171/1171/1091 1170/1170/1090
f 1170/1170/1090 1172/1172/1092 1173/1173/1093
f 1171/1171/1091 1173/1173/1093 1174/1174/1094
f 1172/1172/1092 1160/1160/1080 1175/1175/1095
f 1175/1175/1095 1173/1173/1093 1172/1172/1092
f 1158/1158/1078 1175/1175/1095 1160/1160/1080
f 1176/1176/1096 1174/1174/1094 1173/1173/1093
f 1173/1173/1093 1175/1175/1095 1176/1176/1096
f 1174/1174/1094 1176/1176/1096 1177/1177/1097
f 1178/1178/1098 1176/1176/1096 1175/1175/1095
f 1158/1158/1078 1178/1178/1098 1175/1175/1095
f 1179/1179/1099 1177/1177/1097 1176/1176/1096
f 1176/1176/1096 1178/1178/1098 1179/1179/1099
f 1177/1177/1097 1179/1179/1099 1180/1180/1100
f 1181/1181/1101 1180/1180/1100 1179/1179/1099
f 1179/1179/1099 1182/1182/1102 1181/1181/1101
f 1182/1182/1102 1179/1179/1099 1178/1178/1098
f 1183/1183/1103 1181/1181/1101 1182/1182/1102
f 1178/1178/1098 1158/1158/1078 1184/1184/1104
f 1184/1184/1104 1182/1182/1102 1178/1178/1098
f 1182/1182/1102 1185/1185/1105 1183/1183/1103
f 1185/1185/1105 1182/1182/1102 1184/1184/1104
f 1186/1186/1106 1183/1183/1103 1185/1185/1105
f 1187/1187/1107 1184/1184/1104 1158/1158/1078
f 1158/1158/1078 577/577/558 1187/1187/1107
f 584/584/565 1187/1187/1107 577/577/558
f 1188/1188/1108 1185/1185/1105 1184/1184/1104
f 1187/1187/1107 1188/1188/1108 1184/1184/1104
f 1189/1189/1109 1186/1186/1106 1185/1185/1105
f 1189/1189/1109 1185/1185/1105 1188/1188/1108
f 1190/1190/1014 1186/1186/1106 1189/1189/1109
f 1187/1187/1107 584/584/565 1191/1191/1110
f 1188/1188/1108 1187/1187/1107 1191/1191/1110
f 586/586/567 1191/1191/1110 584/584/565
f 1192/1192/1111 1189/1189/1109 1188/1188/1108
f 1188/1188/1108 1191/1191/1110 1192/1192/1111
f 1191/1191/1110 586/586/567 1193/1193/1112
f 1193/1193/1112 1192/1192/1111 1191/1191/1110
f 624/624/605 1193/1193/1112 586/586/567
f 1194/1194/1113 1189/1189/1109 1192/1192/1111
f 1194/1194/1113 1190/1190/1014 1189/1189/1109
f 1193/1193/1112 624/624/605 1195/1195/1114
f 621/621/602 1195/1195/1114 624/624/605
f 1193/1193/1112 1196/1196/1115 1192/1192/1111
f 1196/1196/1115 1193/1193/1112 1195/1195/1114
f 1196/1196/1115 1194/1194/1113 1192/1192/1111
f 621/621/602 1197/1197/1116 1195/1195/1114
f 1197/1197/1116 1196/1196/1115 1195/1195/1114
f 618/618/599 1197/1197/1116 621/621/602
f 1198/1198/1117 1194/1194/1113 1196/1196/1115
f 1196/1196/1115 1197/1197/1116 1198/1198/1117
f 618/618/599 1199/1199/1118 1197/1197/1116
f 1199/1199/1118 1198/1198/1117 1197/1197/1116
f 615/615/596 1199/1199/1118 618/618/599
f 1194/1194/1113 1198/1198/1117 1200/1200/1119
f 1200/1200/1119 1190/1190/1014 1194/1194/1113
f 1190/1190/1014 1200/1200/1119 1201/1201/1120
f 1198/1198/1117 1199/1199/1118 1202/1202/1121
f 1202/1202/1121 1200/1200/1119 1198/1198/1117
f 615/615/596 1203/1203/1122 1199/1199/1118
f 1203/1203/1122 1202/1202/1121 1199/1199/1118
f 613/613/594 1203/1203/1122 615/615/596
f 1204/1204/1123 1201/1201/1120 1200/1200/1119
f 1200/1200/1119 1202/1202/1121 1204/1204/1123
f 1201/1201/1120 1204/1204/1123 1205/1205/1124
f 1202/1202/1121 1203/1203/1122 1206/1206/1125
f 1206/1206/1125 1204/1204/1123 1202/1202/1121
f 613/613/594 1207/1207/1126 1203/1203/1122
f 1207/1207/1126 1206/1206/1125 1203/1203/1122
f 610/610/591 1207/1207/1126 613/613/594
f 1208/1208/1127 1205/1205/1124 1204/1204/1123
f 1204/1204/1123 1206/1206/1125 1208/1208/1127
f 1205/1205/1124 1208/1208/1127 1209/1209/1128
f 1210/1210/1129 1208/1208/1127 1206/1206/1125
f 1206/1206/1125 1207/1207/1126 1210/1210/1129
f 1211/1211/1130 1209/1209/1128 1208/1208/1127
f 1208/1208/1127 1210/1210/1129 1211/1211/1130
f 1209/1209/1128 1211/1211/1130 1212/1212/1131
f 1211/1211/1130 1213/1213/1023 1212/1212/1131
f 1211/1211/1130 1214/1214/1132 1213/1213/1023
f 1210/1210/1129 1214/1214/1132 1211/1211/1130
f 1214/1214/1132 1215/1215/1133 1213/1213/1023
f 1210/1210/1129 1216/1216/1134 1214/1214/1132
f 1207/1207/1126 1216/1216/1134 1210/1210/1129
f 1214/1214/1132 1217/1217/1135 1215/1215/1133
f 1216/1216/1134 1217/1217/1135 1214/1214/1132
f 660/660/641 1215/1215/1133 1217/1217/1135
f 1217/1217/1135 657/657/638 660/660/641
f 1218/1218/1136 1216/1216/1134 1207/1207/1126
f 610/610/591 1218/1218/1136 1207/1207/1126
f 611/611/592 1218/1218/1136 610/610/591
f 611/611/592 651/651/632 1218/1218/1136
f 1216/1216/1134 1219/1219/1137 1217/1217/1135
f 1218/1218/1136 1219/1219/1137 1216/1216/1134
f 1219/1219/1137 657/657/638 1217/1217/1135
f 1219/1219/1137 1218/1218/1136 651/651/632
f 1219/1219/1137 653/653/634 657/657/638
f 651/651/632 653/653/634 1219/1219/1137
f 1220/1220/1138 1221/1221/1139 1222/1222/1140
f 1220/1220/1138 1222/1222/1140 1223/1223/1141
f 1221/1221/1139 1220/1220/1138 1224/1224/1142
f 1224/1224/1142 1225/1225/1143 1221/1221/1139
f 1224/1224/1142 1226/1226/1144 1225/1225/1143
f 1223/1223/1141 1227/1227/1145 1220/1220/1138
f 1227/1227/1145 1223/1223/1141 1228/1228/580
f 1227/1227/1145 1228/1228/580 1229/1229/1146
f 1230/1230/1147 1224/1224/1142 1220/1220/1138
f 1220/1220/1138 1227/1227/1145 1230/1230/1147
f 1226/1226/1144 1224/1224/1142 1231/1231/1148
f 1231/1231/1148 1232/1232/1149 1226/1226/1144
f 1231/1231/1148 1233/1233/604 1232/1232/1149
f 1224/1224/1142 1230/1230/1147 1234/1234/1150
f 1234/1234/1150 1231/1231/1148 1224/1224/1142
f 1233/1233/604 1231/1231/1148 1235/1235/1151
f 1235/1235/1151 1236/1236/607 1233/1233/604
f 1235/1235/1151 1237/1237/1152 1236/1236/607
f 1231/1231/1148 1234/1234/1150 1238/1238/1153
f 1237/1237/1152 1235/1235/1151 1239/1239/1154
f 1239/1239/1154 1240/1240/1155 1237/1237/1152
f 1239/1239/1154 1241/1241/1156 1240/1240/1155
f 1231/1231/1148 1242/1242/1157 1235/1235/1151
f 1242/1242/1157 1239/1239/1154 1235/1235/1151
f 1242/1242/1157 1231/1231/1148 1238/1238/1153
f 1241/1241/1156 1239/1239/1154 1243/1243/1158
f 1243/1243/1158 1244/1244/697 1241/1241/1156
f 1243/1243/1158 1245/1245/1159 1244/1244/697
f 1239/1239/1154 1242/1242/1157 1246/1246/1160
f 1246/1246/1160 1243/1243/1158 1239/1239/1154
f 1238/1238/1153 1247/1247/1161 1242/1242/1157
f 1242/1242/1157 1248/1248/1162 1246/1246/1160
f 1248/1248/1162 1242/1242/1157 1247/1247/1161
f 1247/1247/1161 1238/1238/1153 1249/1249/1163
f 1234/1234/1150 1249/1249/1163 1238/1238/1153
f 1250/1250/1164 1248/1248/1162 1247/1247/1161
f 1250/1250/1164 1247/1247/1161 1249/1249/1163
f 1249/1249/1163 1234/1234/1150 1251/1251/1165
f 1250/1250/1164 1249/1249/1163 1251/1251/1165
f 1230/1230/1147 1251/1251/1165 1234/1234/1150
f 1252/1252/1166 1246/1246/1160 1248/1248/1162
f 1250/1250/1164 1252/1252/1166 1248/1248/1162
f 1251/1251/1165 1230/1230/1147 1253/1253/1167
f 1250/1250/1164 1251/1251/1165 1253/1253/1167
f 1246/1246/1160 1252/1252/1166 1254/1254/1168
f 1243/1243/1158 1246/1246/1160 1254/1254/1168
f 1255/1255/1169 1254/1254/1168 1252/1252/1166
f 1250/1250/1164 1255/1255/1169 1252/1252/1166
f 1243/1243/1158 1254/1254/1168 1256/1256/1170
f 1254/1254/1168 1255/1255/1169 1256/1256/1170
f 1245/1245/1159 1243/1243/1158 1257/1257/1171
f 1256/1256/1170 1257/1257/1171 1243/1243/1158
f 1257/1257/1171 1258/1258/1172 1245/1245/1159
f 1257/1257/1171 1259/1259/1173 1258/1258/1172
f 1260/1260/1174 1256/1256/1170 1255/1255/1169
f 1250/1250/1164 1260/1260/1174 1255/1255/1169
f 1259/1259/1173 1257/1257/1171 1261/1261/1175
f 1256/1256/1170 1261/1261/1175 1257/1257/1171
f 1261/1261/1175 1262/1262/1176 1259/1259/1173
f 1261/1261/1175 1263/1263/1177 1262/1262/1176
f 1256/1256/1170 1260/1260/1174 1264/1264/1178
f 1261/1261/1175 1256/1256/1170 1264/1264/1178
f 1265/1265/1179 1264/1264/1178 1260/1260/1174
f 1250/1250/1164 1265/1265/1179 1260/1260/1174
f 1266/1266/1180 1261/1261/1175 1264/1264/1178
f 1264/1264/1178 1265/1265/1179 1266/1266/1180
f 1263/1263/1177 1261/1261/1175 1267/1267/1181
f 1261/1261/1175 1266/1266/1180 1267/1267/1181
f 1267/1267/1181 1268/1268/1182 1263/1263/1177
f 1267/1267/1181 1269/1269/1183 1268/1268/1182
f 1269/1269/1183 1267/1267/1181 1270/1270/1184
f 1266/1266/1180 1270/1270/1184 1267/1267/1181
f 1270/1270/1184 1271/1271/1185 1269/1269/1183
f 1270/1270/1184 1272/1272/1186 1271/1271/1185
f 1273/1273/1187 1266/1266/1180 1265/1265/1179
f 1250/1250/1164 1273/1273/1187 1265/1265/1179
f 1270/1270/1184 1266/1266/1180 1274/1274/1188
f 1266/1266/1180 1273/1273/1187 1274/1274/1188
f 1272/1272/1186 1270/1270/1184 1275/1275/1189
f 1275/1275/1189 1276/1276/1190 1272/1272/1186
f 1275/1275/1189 1277/1277/1191 1276/1276/1190
f 1270/1270/1184 1274/1274/1188 1278/1278/1192
f 1275/1275/1189 1270/1270/1184 1278/1278/1192
f 1279/1279/1193 1274/1274/1188 1273/1273/1187
f 1274/1274/1188 1279/1279/1193 1278/1278/1192
f 1250/1250/1164 1279/1279/1193 1273/1273/1187
f 1280/1280/1194 1278/1278/1192 1279/1279/1193
f 1250/1250/1164 1280/1280/1194 1279/1279/1193
f 1275/1275/1189 1278/1278/1192 1281/1281/1195
f 1278/1278/1192 1280/1280/1194 1281/1281/1195
f 1277/1277/1191 1275/1275/1189 1282/1282/1196
f 1282/1282/1196 1275/1275/1189 1281/1281/1195
f 1282/1282/1196 1283/1283/1197 1277/1277/1191
f 1282/1282/1196 1284/1284/1198 1283/1283/1197
f 1284/1284/1198 1282/1282/1196 1285/1285/1199
f 1281/1281/1195 1285/1285/1199 1282/1282/1196
f 1285/1285/1199 1286/1286/1200 1284/1284/1198
f 1285/1285/1199 1287/1287/1201 1286/1286/1200
f 1288/1288/1202 1281/1281/1195 1280/1280/1194
f 1250/1250/1164 1288/1288/1202 1280/1280/1194
f 1285/1285/1199 1281/1281/1195 1289/1289/1203
f 1281/1281/1195 1288/1288/1202 1289/1289/1203
f 1287/1287/1201 1285/1285/1199 1290/1290/1204
f 1289/1289/1203 1290/1290/1204 1285/1285/1199
f 1290/1290/1204 1291/1291/1205 1287/1287/1201
f 1290/1290/1204 1292/1292/1206 1291/1291/1205
f 1293/1293/1207 1289/1289/1203 1288/1288/1202
f 1250/1250/1164 1293/1293/1207 1288/1288/1202
f 1290/1290/1204 1289/1289/1203 1294/1294/1208
f 1289/1289/1203 1293/1293/1207 1294/1294/1208
f 1292/1292/1206 1290/1290/1204 1295/1295/1209
f 1294/1294/1208 1295/1295/1209 1290/1290/1204
f 1295/1295/1209 1296/1296/1210 1292/1292/1206
f 1295/1295/1209 1229/1229/1146 1296/1296/1210
f 1229/1229/1146 1295/1295/1209 1227/1227/1145
f 1297/1297/1211 1294/1294/1208 1293/1293/1207
f 1250/1250/1164 1297/1297/1211 1293/1293/1207
f 1295/1295/1209 1294/1294/1208 1298/1298/1212
f 1294/1294/1208 1297/1297/1211 1298/1298/1212
f 1227/1227/1145 1295/1295/1209 1299/1299/1213
f 1298/1298/1212 1299/1299/1213 1295/1295/1209
f 1227/1227/1145 1299/1299/1213 1230/1230/1147
f 1299/1299/1213 1253/1253/1167 1230/1230/1147
f 1300/1300/1214 1298/1298/1212 1297/1297/1211
f 1298/1298/1212 1300/1300/1214 1299/1299/1213
f 1250/1250/1164 1300/1300/1214 1297/1297/1211
f 1253/1253/1167 1299/1299/1213 1300/1300/1214
f 1250/1250/1164 1253/1253/1167 1300/1300/1214
